2026-03-12 12:31:56,456 - api.api_server - INFO - Initializing schema...
2026-03-12 12:31:56,490 - data.data_storage - INFO - SQLite schema initialized at D:\Angel Trading\free_quant_scalping_ai\storage\market_data.sqlite
2026-03-12 12:31:56,500 - api.api_server - INFO - API server ready. Docs: http://localhost:8000/docs
2026-03-12 12:31:56,500 - data.historical_fetcher - INFO - Downloading NIFTY history 1m 2025-03-12 07:01:56.500955+00:00
2026-03-12 12:32:12,051 - data.historical_fetcher - INFO - Downloading NIFTY history 5m 2025-03-12 07:01:56.500955+00:00
2026-03-12 12:32:15,523 - data.historical_fetcher - INFO - Downloading NIFTY history 15m 2025-03-12 07:01:56.500955+00:00
2026-03-12 12:32:17,067 - data.historical_fetcher - INFO - Downloading NIFTY daily history 2025-03-12 07:01:56.500955+00:00 2026-03-12 07:01:56.500955+00:00
2026-03-12 12:41:54,740 - api.api_server - INFO - Initializing schema...
2026-03-12 12:41:54,741 - data.data_storage - INFO - SQLite schema initialized at D:\Angel Trading\free_quant_scalping_ai\storage\market_data.sqlite
2026-03-12 12:41:54,743 - api.api_server - INFO - API server ready. Docs: http://localhost:8000/docs
2026-03-12 12:41:54,743 - data.historical_fetcher - INFO - Downloading NIFTY history 1m 2025-03-12 07:11:54.743417+00:00
2026-03-12 12:41:59,998 - data.historical_fetcher - INFO - Downloading NIFTY history 5m 2025-03-12 07:11:54.743417+00:00
2026-03-12 12:42:01,918 - data.historical_fetcher - INFO - Downloading NIFTY history 15m 2025-03-12 07:11:54.743417+00:00
2026-03-12 12:42:02,702 - data.historical_fetcher - INFO - Downloading NIFTY daily history 2025-03-12 07:11:54.743417+00:00 2026-03-12 07:11:54.743417+00:00
2026-03-12 12:42:56,548 - api.api_server - INFO - Initializing schema...
2026-03-12 12:42:56,549 - data.data_storage - INFO - SQLite schema initialized at D:\Angel Trading\free_quant_scalping_ai\storage\market_data.sqlite
2026-03-12 12:42:56,551 - api.api_server - INFO - API server ready. Docs: http://localhost:8000/docs
2026-03-12 12:42:56,551 - data.historical_fetcher - INFO - Downloading NIFTY history 1m 2025-03-12 07:12:56.551913+00:00
2026-03-12 12:43:00,120 - data.historical_fetcher - INFO - Downloading NIFTY history 5m 2025-03-12 07:12:56.551913+00:00
2026-03-12 12:43:01,195 - data.historical_fetcher - INFO - Downloading NIFTY history 15m 2025-03-12 07:12:56.551913+00:00
2026-03-12 12:43:02,010 - data.historical_fetcher - INFO - Downloading NIFTY daily history 2025-03-12 07:12:56.551913+00:00 2026-03-12 07:12:56.551913+00:00
2026-03-12 12:43:13,554 - api.api_server - INFO - Initializing schema...
2026-03-12 12:43:13,555 - data.data_storage - INFO - SQLite schema initialized at D:\Angel Trading\free_quant_scalping_ai\storage\market_data.sqlite
2026-03-12 12:43:13,557 - api.api_server - INFO - API server ready. Docs: http://localhost:8000/docs
2026-03-12 12:43:13,557 - data.historical_fetcher - INFO - Downloading NIFTY history 1m 2025-03-12 07:13:13.557850+00:00
2026-03-12 12:43:19,200 - data.historical_fetcher - INFO - Downloading NIFTY history 5m 2025-03-12 07:13:13.557850+00:00
2026-03-12 12:43:22,749 - data.historical_fetcher - INFO - Downloading NIFTY history 15m 2025-03-12 07:13:13.557850+00:00
2026-03-12 12:43:23,855 - data.historical_fetcher - INFO - Downloading NIFTY daily history 2025-03-12 07:13:13.557850+00:00 2026-03-12 07:13:13.557850+00:00
2026-03-12 12:50:14,967 - api.api_server - INFO - Initializing schema...
2026-03-12 12:50:14,971 - data.data_storage - INFO - SQLite schema initialized at D:\Angel Trading\free_quant_scalping_ai\storage\market_data.sqlite
2026-03-12 12:50:14,974 - api.api_server - INFO - API server ready. Docs: http://localhost:8000/docs
2026-03-12 12:50:14,974 - data.historical_fetcher - INFO - Downloading NIFTY history 1m (last 7 days)
2026-03-12 12:50:18,744 - data.historical_fetcher - INFO - Downloading NIFTY history 5m (last 59 days)
2026-03-12 12:50:20,311 - data.historical_fetcher - INFO - Downloading NIFTY history 15m (last 59 days)
2026-03-12 12:50:21,261 - data.historical_fetcher - INFO - Downloading NIFTY daily history 2025-03-12 07:20:14.974678+00:00 2026-03-12 07:20:14.974678+00:00
2026-03-12 12:50:21,764 - data.historical_fetcher - INFO - Downloading SENSEX history 1m (last 7 days)
2026-03-12 12:50:24,385 - data.historical_fetcher - INFO - Downloading SENSEX history 5m (last 59 days)
2026-03-12 12:50:27,852 - data.historical_fetcher - INFO - Downloading SENSEX history 15m (last 59 days)
2026-03-12 12:50:29,115 - data.historical_fetcher - INFO - Downloading SENSEX daily history 2025-03-12 07:20:21.764970+00:00 2026-03-12 07:20:21.764970+00:00
2026-03-12 12:51:21,674 - api.api_server - ERROR - Error in main loop for NIFTY: -1
Traceback (most recent call last):
  File "D:\Angel Trading\free_quant_scalping_ai\.venv\Lib\site-packages\pandas\core\indexes\range.py", line 521, in get_loc
    return self._range.index(new_key)
           ^^^^^^^^^^^^^^^^^^^^^^^^^^
ValueError: -1 is not in range

The above exception was the direct cause of the following exception:

Traceback (most recent call last):
  File "d:\Angel Trading\free_quant_scalping_ai\api\api_server.py", line 149, in main_loop
    await compute_for_symbol(symbol)
  File "d:\Angel Trading\free_quant_scalping_ai\api\api_server.py", line 72, in compute_for_symbol
    feats = engineer_all_features(candles)
            ^^^^^^^^^^^^^^^^^^^^^^^^^^^^^^
  File "d:\Angel Trading\free_quant_scalping_ai\features\feature_engineering.py", line 82, in engineer_all_features
    df = add_price_features(df)
         ^^^^^^^^^^^^^^^^^^^^^^
  File "d:\Angel Trading\free_quant_scalping_ai\features\feature_engineering.py", line 37, in add_price_features
    df["trend_strength"] = df["close"].rolling(20).apply(
                           ^^^^^^^^^^^^^^^^^^^^^^^^^^^^^^
  File "D:\Angel Trading\free_quant_scalping_ai\.venv\Lib\site-packages\pandas\core\window\rolling.py", line 2240, in apply
    return super().apply(
           ^^^^^^^^^^^^^^
  File "D:\Angel Trading\free_quant_scalping_ai\.venv\Lib\site-packages\pandas\core\window\rolling.py", line 1565, in apply
    return self._apply(
           ^^^^^^^^^^^^
  File "D:\Angel Trading\free_quant_scalping_ai\.venv\Lib\site-packages\pandas\core\window\rolling.py", line 595, in _apply
    return self._apply_columnwise(homogeneous_func, name, numeric_only)
           ^^^^^^^^^^^^^^^^^^^^^^^^^^^^^^^^^^^^^^^^^^^^^^^^^^^^^^^^^^^^
  File "D:\Angel Trading\free_quant_scalping_ai\.venv\Lib\site-packages\pandas\core\window\rolling.py", line 456, in _apply_columnwise
    return self._apply_series(homogeneous_func, name)
           ^^^^^^^^^^^^^^^^^^^^^^^^^^^^^^^^^^^^^^^^^^
  File "D:\Angel Trading\free_quant_scalping_ai\.venv\Lib\site-packages\pandas\core\window\rolling.py", line 440, in _apply_series
    result = homogeneous_func(values)
             ^^^^^^^^^^^^^^^^^^^^^^^^
  File "D:\Angel Trading\free_quant_scalping_ai\.venv\Lib\site-packages\pandas\core\window\rolling.py", line 590, in homogeneous_func
    result = calc(values)
             ^^^^^^^^^^^^
  File "D:\Angel Trading\free_quant_scalping_ai\.venv\Lib\site-packages\pandas\core\window\rolling.py", line 587, in calc
    return func(x, start, end, min_periods, *numba_args)
           ^^^^^^^^^^^^^^^^^^^^^^^^^^^^^^^^^^^^^^^^^^^^^
  File "D:\Angel Trading\free_quant_scalping_ai\.venv\Lib\site-packages\pandas\core\window\rolling.py", line 1592, in apply_func
    return window_func(values, begin, end, min_periods)
           ^^^^^^^^^^^^^^^^^^^^^^^^^^^^^^^^^^^^^^^^^^^^
  File "pandas/_libs/window/aggregations.pyx", line 1585, in pandas._libs.window.aggregations.roll_apply
  File "d:\Angel Trading\free_quant_scalping_ai\features\feature_engineering.py", line 38, in <lambda>
    lambda x: 0 if x.std() == 0 else (x[-1] - x[0]) / (len(x) * x.std()),
                                      ~^^^^
  File "D:\Angel Trading\free_quant_scalping_ai\.venv\Lib\site-packages\pandas\core\series.py", line 959, in __getitem__
    return self._get_value(key)
           ^^^^^^^^^^^^^^^^^^^^
  File "D:\Angel Trading\free_quant_scalping_ai\.venv\Lib\site-packages\pandas\core\series.py", line 1046, in _get_value
    loc = self.index.get_loc(label)
          ^^^^^^^^^^^^^^^^^^^^^^^^^
  File "D:\Angel Trading\free_quant_scalping_ai\.venv\Lib\site-packages\pandas\core\indexes\range.py", line 523, in get_loc
    raise KeyError(key) from err
KeyError: -1
2026-03-12 12:51:25,009 - api.api_server - ERROR - Error in main loop for SENSEX: -1
Traceback (most recent call last):
  File "D:\Angel Trading\free_quant_scalping_ai\.venv\Lib\site-packages\pandas\core\indexes\range.py", line 521, in get_loc
    return self._range.index(new_key)
           ^^^^^^^^^^^^^^^^^^^^^^^^^^
ValueError: -1 is not in range

The above exception was the direct cause of the following exception:

Traceback (most recent call last):
  File "d:\Angel Trading\free_quant_scalping_ai\api\api_server.py", line 149, in main_loop
    await compute_for_symbol(symbol)
  File "d:\Angel Trading\free_quant_scalping_ai\api\api_server.py", line 72, in compute_for_symbol
    feats = engineer_all_features(candles)
            ^^^^^^^^^^^^^^^^^^^^^^^^^^^^^^
  File "d:\Angel Trading\free_quant_scalping_ai\features\feature_engineering.py", line 82, in engineer_all_features
    df = add_price_features(df)
         ^^^^^^^^^^^^^^^^^^^^^^
  File "d:\Angel Trading\free_quant_scalping_ai\features\feature_engineering.py", line 37, in add_price_features
    df["trend_strength"] = df["close"].rolling(20).apply(
                           ^^^^^^^^^^^^^^^^^^^^^^^^^^^^^^
  File "D:\Angel Trading\free_quant_scalping_ai\.venv\Lib\site-packages\pandas\core\window\rolling.py", line 2240, in apply
    return super().apply(
           ^^^^^^^^^^^^^^
  File "D:\Angel Trading\free_quant_scalping_ai\.venv\Lib\site-packages\pandas\core\window\rolling.py", line 1565, in apply
    return self._apply(
           ^^^^^^^^^^^^
  File "D:\Angel Trading\free_quant_scalping_ai\.venv\Lib\site-packages\pandas\core\window\rolling.py", line 595, in _apply
    return self._apply_columnwise(homogeneous_func, name, numeric_only)
           ^^^^^^^^^^^^^^^^^^^^^^^^^^^^^^^^^^^^^^^^^^^^^^^^^^^^^^^^^^^^
  File "D:\Angel Trading\free_quant_scalping_ai\.venv\Lib\site-packages\pandas\core\window\rolling.py", line 456, in _apply_columnwise
    return self._apply_series(homogeneous_func, name)
           ^^^^^^^^^^^^^^^^^^^^^^^^^^^^^^^^^^^^^^^^^^
  File "D:\Angel Trading\free_quant_scalping_ai\.venv\Lib\site-packages\pandas\core\window\rolling.py", line 440, in _apply_series
    result = homogeneous_func(values)
             ^^^^^^^^^^^^^^^^^^^^^^^^
  File "D:\Angel Trading\free_quant_scalping_ai\.venv\Lib\site-packages\pandas\core\window\rolling.py", line 590, in homogeneous_func
    result = calc(values)
             ^^^^^^^^^^^^
  File "D:\Angel Trading\free_quant_scalping_ai\.venv\Lib\site-packages\pandas\core\window\rolling.py", line 587, in calc
    return func(x, start, end, min_periods, *numba_args)
           ^^^^^^^^^^^^^^^^^^^^^^^^^^^^^^^^^^^^^^^^^^^^^
  File "D:\Angel Trading\free_quant_scalping_ai\.venv\Lib\site-packages\pandas\core\window\rolling.py", line 1592, in apply_func
    return window_func(values, begin, end, min_periods)
           ^^^^^^^^^^^^^^^^^^^^^^^^^^^^^^^^^^^^^^^^^^^^
  File "pandas/_libs/window/aggregations.pyx", line 1585, in pandas._libs.window.aggregations.roll_apply
  File "d:\Angel Trading\free_quant_scalping_ai\features\feature_engineering.py", line 38, in <lambda>
    lambda x: 0 if x.std() == 0 else (x[-1] - x[0]) / (len(x) * x.std()),
                                      ~^^^^
  File "D:\Angel Trading\free_quant_scalping_ai\.venv\Lib\site-packages\pandas\core\series.py", line 959, in __getitem__
    return self._get_value(key)
           ^^^^^^^^^^^^^^^^^^^^
  File "D:\Angel Trading\free_quant_scalping_ai\.venv\Lib\site-packages\pandas\core\series.py", line 1046, in _get_value
    loc = self.index.get_loc(label)
          ^^^^^^^^^^^^^^^^^^^^^^^^^
  File "D:\Angel Trading\free_quant_scalping_ai\.venv\Lib\site-packages\pandas\core\indexes\range.py", line 523, in get_loc
    raise KeyError(key) from err
KeyError: -1
2026-03-12 12:52:26,670 - api.api_server - ERROR - Error in main loop for NIFTY: -1
Traceback (most recent call last):
  File "D:\Angel Trading\free_quant_scalping_ai\.venv\Lib\site-packages\pandas\core\indexes\range.py", line 521, in get_loc
    return self._range.index(new_key)
           ^^^^^^^^^^^^^^^^^^^^^^^^^^
ValueError: -1 is not in range

The above exception was the direct cause of the following exception:

Traceback (most recent call last):
  File "d:\Angel Trading\free_quant_scalping_ai\api\api_server.py", line 149, in main_loop
    await compute_for_symbol(symbol)
  File "d:\Angel Trading\free_quant_scalping_ai\api\api_server.py", line 72, in compute_for_symbol
    feats = engineer_all_features(candles)
            ^^^^^^^^^^^^^^^^^^^^^^^^^^^^^^
  File "d:\Angel Trading\free_quant_scalping_ai\features\feature_engineering.py", line 82, in engineer_all_features
    df = add_price_features(df)
         ^^^^^^^^^^^^^^^^^^^^^^
  File "d:\Angel Trading\free_quant_scalping_ai\features\feature_engineering.py", line 37, in add_price_features
    df["trend_strength"] = df["close"].rolling(20).apply(
                           ^^^^^^^^^^^^^^^^^^^^^^^^^^^^^^
  File "D:\Angel Trading\free_quant_scalping_ai\.venv\Lib\site-packages\pandas\core\window\rolling.py", line 2240, in apply
    return super().apply(
           ^^^^^^^^^^^^^^
  File "D:\Angel Trading\free_quant_scalping_ai\.venv\Lib\site-packages\pandas\core\window\rolling.py", line 1565, in apply
    return self._apply(
           ^^^^^^^^^^^^
  File "D:\Angel Trading\free_quant_scalping_ai\.venv\Lib\site-packages\pandas\core\window\rolling.py", line 595, in _apply
    return self._apply_columnwise(homogeneous_func, name, numeric_only)
           ^^^^^^^^^^^^^^^^^^^^^^^^^^^^^^^^^^^^^^^^^^^^^^^^^^^^^^^^^^^^
  File "D:\Angel Trading\free_quant_scalping_ai\.venv\Lib\site-packages\pandas\core\window\rolling.py", line 456, in _apply_columnwise
    return self._apply_series(homogeneous_func, name)
           ^^^^^^^^^^^^^^^^^^^^^^^^^^^^^^^^^^^^^^^^^^
  File "D:\Angel Trading\free_quant_scalping_ai\.venv\Lib\site-packages\pandas\core\window\rolling.py", line 440, in _apply_series
    result = homogeneous_func(values)
             ^^^^^^^^^^^^^^^^^^^^^^^^
  File "D:\Angel Trading\free_quant_scalping_ai\.venv\Lib\site-packages\pandas\core\window\rolling.py", line 590, in homogeneous_func
    result = calc(values)
             ^^^^^^^^^^^^
  File "D:\Angel Trading\free_quant_scalping_ai\.venv\Lib\site-packages\pandas\core\window\rolling.py", line 587, in calc
    return func(x, start, end, min_periods, *numba_args)
           ^^^^^^^^^^^^^^^^^^^^^^^^^^^^^^^^^^^^^^^^^^^^^
  File "D:\Angel Trading\free_quant_scalping_ai\.venv\Lib\site-packages\pandas\core\window\rolling.py", line 1592, in apply_func
    return window_func(values, begin, end, min_periods)
           ^^^^^^^^^^^^^^^^^^^^^^^^^^^^^^^^^^^^^^^^^^^^
  File "pandas/_libs/window/aggregations.pyx", line 1585, in pandas._libs.window.aggregations.roll_apply
  File "d:\Angel Trading\free_quant_scalping_ai\features\feature_engineering.py", line 38, in <lambda>
    lambda x: 0 if x.std() == 0 else (x[-1] - x[0]) / (len(x) * x.std()),
                                      ~^^^^
  File "D:\Angel Trading\free_quant_scalping_ai\.venv\Lib\site-packages\pandas\core\series.py", line 959, in __getitem__
    return self._get_value(key)
           ^^^^^^^^^^^^^^^^^^^^
  File "D:\Angel Trading\free_quant_scalping_ai\.venv\Lib\site-packages\pandas\core\series.py", line 1046, in _get_value
    loc = self.index.get_loc(label)
          ^^^^^^^^^^^^^^^^^^^^^^^^^
  File "D:\Angel Trading\free_quant_scalping_ai\.venv\Lib\site-packages\pandas\core\indexes\range.py", line 523, in get_loc
    raise KeyError(key) from err
KeyError: -1
2026-03-12 12:52:28,445 - api.api_server - ERROR - Error in main loop for SENSEX: -1
Traceback (most recent call last):
  File "D:\Angel Trading\free_quant_scalping_ai\.venv\Lib\site-packages\pandas\core\indexes\range.py", line 521, in get_loc
    return self._range.index(new_key)
           ^^^^^^^^^^^^^^^^^^^^^^^^^^
ValueError: -1 is not in range

The above exception was the direct cause of the following exception:

Traceback (most recent call last):
  File "d:\Angel Trading\free_quant_scalping_ai\api\api_server.py", line 149, in main_loop
    await compute_for_symbol(symbol)
  File "d:\Angel Trading\free_quant_scalping_ai\api\api_server.py", line 72, in compute_for_symbol
    feats = engineer_all_features(candles)
            ^^^^^^^^^^^^^^^^^^^^^^^^^^^^^^
  File "d:\Angel Trading\free_quant_scalping_ai\features\feature_engineering.py", line 82, in engineer_all_features
    df = add_price_features(df)
         ^^^^^^^^^^^^^^^^^^^^^^
  File "d:\Angel Trading\free_quant_scalping_ai\features\feature_engineering.py", line 37, in add_price_features
    df["trend_strength"] = df["close"].rolling(20).apply(
                           ^^^^^^^^^^^^^^^^^^^^^^^^^^^^^^
  File "D:\Angel Trading\free_quant_scalping_ai\.venv\Lib\site-packages\pandas\core\window\rolling.py", line 2240, in apply
    return super().apply(
           ^^^^^^^^^^^^^^
  File "D:\Angel Trading\free_quant_scalping_ai\.venv\Lib\site-packages\pandas\core\window\rolling.py", line 1565, in apply
    return self._apply(
           ^^^^^^^^^^^^
  File "D:\Angel Trading\free_quant_scalping_ai\.venv\Lib\site-packages\pandas\core\window\rolling.py", line 595, in _apply
    return self._apply_columnwise(homogeneous_func, name, numeric_only)
           ^^^^^^^^^^^^^^^^^^^^^^^^^^^^^^^^^^^^^^^^^^^^^^^^^^^^^^^^^^^^
  File "D:\Angel Trading\free_quant_scalping_ai\.venv\Lib\site-packages\pandas\core\window\rolling.py", line 456, in _apply_columnwise
    return self._apply_series(homogeneous_func, name)
           ^^^^^^^^^^^^^^^^^^^^^^^^^^^^^^^^^^^^^^^^^^
  File "D:\Angel Trading\free_quant_scalping_ai\.venv\Lib\site-packages\pandas\core\window\rolling.py", line 440, in _apply_series
    result = homogeneous_func(values)
             ^^^^^^^^^^^^^^^^^^^^^^^^
  File "D:\Angel Trading\free_quant_scalping_ai\.venv\Lib\site-packages\pandas\core\window\rolling.py", line 590, in homogeneous_func
    result = calc(values)
             ^^^^^^^^^^^^
  File "D:\Angel Trading\free_quant_scalping_ai\.venv\Lib\site-packages\pandas\core\window\rolling.py", line 587, in calc
    return func(x, start, end, min_periods, *numba_args)
           ^^^^^^^^^^^^^^^^^^^^^^^^^^^^^^^^^^^^^^^^^^^^^
  File "D:\Angel Trading\free_quant_scalping_ai\.venv\Lib\site-packages\pandas\core\window\rolling.py", line 1592, in apply_func
    return window_func(values, begin, end, min_periods)
           ^^^^^^^^^^^^^^^^^^^^^^^^^^^^^^^^^^^^^^^^^^^^
  File "pandas/_libs/window/aggregations.pyx", line 1585, in pandas._libs.window.aggregations.roll_apply
  File "d:\Angel Trading\free_quant_scalping_ai\features\feature_engineering.py", line 38, in <lambda>
    lambda x: 0 if x.std() == 0 else (x[-1] - x[0]) / (len(x) * x.std()),
                                      ~^^^^
  File "D:\Angel Trading\free_quant_scalping_ai\.venv\Lib\site-packages\pandas\core\series.py", line 959, in __getitem__
    return self._get_value(key)
           ^^^^^^^^^^^^^^^^^^^^
  File "D:\Angel Trading\free_quant_scalping_ai\.venv\Lib\site-packages\pandas\core\series.py", line 1046, in _get_value
    loc = self.index.get_loc(label)
          ^^^^^^^^^^^^^^^^^^^^^^^^^
  File "D:\Angel Trading\free_quant_scalping_ai\.venv\Lib\site-packages\pandas\core\indexes\range.py", line 523, in get_loc
    raise KeyError(key) from err
KeyError: -1
2026-03-12 12:53:29,990 - api.api_server - ERROR - Error in main loop for NIFTY: -1
Traceback (most recent call last):
  File "D:\Angel Trading\free_quant_scalping_ai\.venv\Lib\site-packages\pandas\core\indexes\range.py", line 521, in get_loc
    return self._range.index(new_key)
           ^^^^^^^^^^^^^^^^^^^^^^^^^^
ValueError: -1 is not in range

The above exception was the direct cause of the following exception:

Traceback (most recent call last):
  File "d:\Angel Trading\free_quant_scalping_ai\api\api_server.py", line 149, in main_loop
    await compute_for_symbol(symbol)
  File "d:\Angel Trading\free_quant_scalping_ai\api\api_server.py", line 72, in compute_for_symbol
    feats = engineer_all_features(candles)
            ^^^^^^^^^^^^^^^^^^^^^^^^^^^^^^
  File "d:\Angel Trading\free_quant_scalping_ai\features\feature_engineering.py", line 82, in engineer_all_features
    df = add_price_features(df)
         ^^^^^^^^^^^^^^^^^^^^^^
  File "d:\Angel Trading\free_quant_scalping_ai\features\feature_engineering.py", line 37, in add_price_features
    df["trend_strength"] = df["close"].rolling(20).apply(
                           ^^^^^^^^^^^^^^^^^^^^^^^^^^^^^^
  File "D:\Angel Trading\free_quant_scalping_ai\.venv\Lib\site-packages\pandas\core\window\rolling.py", line 2240, in apply
    return super().apply(
           ^^^^^^^^^^^^^^
  File "D:\Angel Trading\free_quant_scalping_ai\.venv\Lib\site-packages\pandas\core\window\rolling.py", line 1565, in apply
    return self._apply(
           ^^^^^^^^^^^^
  File "D:\Angel Trading\free_quant_scalping_ai\.venv\Lib\site-packages\pandas\core\window\rolling.py", line 595, in _apply
    return self._apply_columnwise(homogeneous_func, name, numeric_only)
           ^^^^^^^^^^^^^^^^^^^^^^^^^^^^^^^^^^^^^^^^^^^^^^^^^^^^^^^^^^^^
  File "D:\Angel Trading\free_quant_scalping_ai\.venv\Lib\site-packages\pandas\core\window\rolling.py", line 456, in _apply_columnwise
    return self._apply_series(homogeneous_func, name)
           ^^^^^^^^^^^^^^^^^^^^^^^^^^^^^^^^^^^^^^^^^^
  File "D:\Angel Trading\free_quant_scalping_ai\.venv\Lib\site-packages\pandas\core\window\rolling.py", line 440, in _apply_series
    result = homogeneous_func(values)
             ^^^^^^^^^^^^^^^^^^^^^^^^
  File "D:\Angel Trading\free_quant_scalping_ai\.venv\Lib\site-packages\pandas\core\window\rolling.py", line 590, in homogeneous_func
    result = calc(values)
             ^^^^^^^^^^^^
  File "D:\Angel Trading\free_quant_scalping_ai\.venv\Lib\site-packages\pandas\core\window\rolling.py", line 587, in calc
    return func(x, start, end, min_periods, *numba_args)
           ^^^^^^^^^^^^^^^^^^^^^^^^^^^^^^^^^^^^^^^^^^^^^
  File "D:\Angel Trading\free_quant_scalping_ai\.venv\Lib\site-packages\pandas\core\window\rolling.py", line 1592, in apply_func
    return window_func(values, begin, end, min_periods)
           ^^^^^^^^^^^^^^^^^^^^^^^^^^^^^^^^^^^^^^^^^^^^
  File "pandas/_libs/window/aggregations.pyx", line 1585, in pandas._libs.window.aggregations.roll_apply
  File "d:\Angel Trading\free_quant_scalping_ai\features\feature_engineering.py", line 38, in <lambda>
    lambda x: 0 if x.std() == 0 else (x[-1] - x[0]) / (len(x) * x.std()),
                                      ~^^^^
  File "D:\Angel Trading\free_quant_scalping_ai\.venv\Lib\site-packages\pandas\core\series.py", line 959, in __getitem__
    return self._get_value(key)
           ^^^^^^^^^^^^^^^^^^^^
  File "D:\Angel Trading\free_quant_scalping_ai\.venv\Lib\site-packages\pandas\core\series.py", line 1046, in _get_value
    loc = self.index.get_loc(label)
          ^^^^^^^^^^^^^^^^^^^^^^^^^
  File "D:\Angel Trading\free_quant_scalping_ai\.venv\Lib\site-packages\pandas\core\indexes\range.py", line 523, in get_loc
    raise KeyError(key) from err
KeyError: -1
2026-03-12 12:53:31,823 - api.api_server - ERROR - Error in main loop for SENSEX: -1
Traceback (most recent call last):
  File "D:\Angel Trading\free_quant_scalping_ai\.venv\Lib\site-packages\pandas\core\indexes\range.py", line 521, in get_loc
    return self._range.index(new_key)
           ^^^^^^^^^^^^^^^^^^^^^^^^^^
ValueError: -1 is not in range

The above exception was the direct cause of the following exception:

Traceback (most recent call last):
  File "d:\Angel Trading\free_quant_scalping_ai\api\api_server.py", line 149, in main_loop
    await compute_for_symbol(symbol)
  File "d:\Angel Trading\free_quant_scalping_ai\api\api_server.py", line 72, in compute_for_symbol
    feats = engineer_all_features(candles)
            ^^^^^^^^^^^^^^^^^^^^^^^^^^^^^^
  File "d:\Angel Trading\free_quant_scalping_ai\features\feature_engineering.py", line 82, in engineer_all_features
    df = add_price_features(df)
         ^^^^^^^^^^^^^^^^^^^^^^
  File "d:\Angel Trading\free_quant_scalping_ai\features\feature_engineering.py", line 37, in add_price_features
    df["trend_strength"] = df["close"].rolling(20).apply(
                           ^^^^^^^^^^^^^^^^^^^^^^^^^^^^^^
  File "D:\Angel Trading\free_quant_scalping_ai\.venv\Lib\site-packages\pandas\core\window\rolling.py", line 2240, in apply
    return super().apply(
           ^^^^^^^^^^^^^^
  File "D:\Angel Trading\free_quant_scalping_ai\.venv\Lib\site-packages\pandas\core\window\rolling.py", line 1565, in apply
    return self._apply(
           ^^^^^^^^^^^^
  File "D:\Angel Trading\free_quant_scalping_ai\.venv\Lib\site-packages\pandas\core\window\rolling.py", line 595, in _apply
    return self._apply_columnwise(homogeneous_func, name, numeric_only)
           ^^^^^^^^^^^^^^^^^^^^^^^^^^^^^^^^^^^^^^^^^^^^^^^^^^^^^^^^^^^^
  File "D:\Angel Trading\free_quant_scalping_ai\.venv\Lib\site-packages\pandas\core\window\rolling.py", line 456, in _apply_columnwise
    return self._apply_series(homogeneous_func, name)
           ^^^^^^^^^^^^^^^^^^^^^^^^^^^^^^^^^^^^^^^^^^
  File "D:\Angel Trading\free_quant_scalping_ai\.venv\Lib\site-packages\pandas\core\window\rolling.py", line 440, in _apply_series
    result = homogeneous_func(values)
             ^^^^^^^^^^^^^^^^^^^^^^^^
  File "D:\Angel Trading\free_quant_scalping_ai\.venv\Lib\site-packages\pandas\core\window\rolling.py", line 590, in homogeneous_func
    result = calc(values)
             ^^^^^^^^^^^^
  File "D:\Angel Trading\free_quant_scalping_ai\.venv\Lib\site-packages\pandas\core\window\rolling.py", line 587, in calc
    return func(x, start, end, min_periods, *numba_args)
           ^^^^^^^^^^^^^^^^^^^^^^^^^^^^^^^^^^^^^^^^^^^^^
  File "D:\Angel Trading\free_quant_scalping_ai\.venv\Lib\site-packages\pandas\core\window\rolling.py", line 1592, in apply_func
    return window_func(values, begin, end, min_periods)
           ^^^^^^^^^^^^^^^^^^^^^^^^^^^^^^^^^^^^^^^^^^^^
  File "pandas/_libs/window/aggregations.pyx", line 1585, in pandas._libs.window.aggregations.roll_apply
  File "d:\Angel Trading\free_quant_scalping_ai\features\feature_engineering.py", line 38, in <lambda>
    lambda x: 0 if x.std() == 0 else (x[-1] - x[0]) / (len(x) * x.std()),
                                      ~^^^^
  File "D:\Angel Trading\free_quant_scalping_ai\.venv\Lib\site-packages\pandas\core\series.py", line 959, in __getitem__
    return self._get_value(key)
           ^^^^^^^^^^^^^^^^^^^^
  File "D:\Angel Trading\free_quant_scalping_ai\.venv\Lib\site-packages\pandas\core\series.py", line 1046, in _get_value
    loc = self.index.get_loc(label)
          ^^^^^^^^^^^^^^^^^^^^^^^^^
  File "D:\Angel Trading\free_quant_scalping_ai\.venv\Lib\site-packages\pandas\core\indexes\range.py", line 523, in get_loc
    raise KeyError(key) from err
KeyError: -1
2026-03-12 12:54:32,769 - api.api_server - ERROR - Error in main loop for NIFTY: -1
Traceback (most recent call last):
  File "D:\Angel Trading\free_quant_scalping_ai\.venv\Lib\site-packages\pandas\core\indexes\range.py", line 521, in get_loc
    return self._range.index(new_key)
           ^^^^^^^^^^^^^^^^^^^^^^^^^^
ValueError: -1 is not in range

The above exception was the direct cause of the following exception:

Traceback (most recent call last):
  File "d:\Angel Trading\free_quant_scalping_ai\api\api_server.py", line 149, in main_loop
    await compute_for_symbol(symbol)
  File "d:\Angel Trading\free_quant_scalping_ai\api\api_server.py", line 72, in compute_for_symbol
    feats = engineer_all_features(candles)
            ^^^^^^^^^^^^^^^^^^^^^^^^^^^^^^
  File "d:\Angel Trading\free_quant_scalping_ai\features\feature_engineering.py", line 82, in engineer_all_features
    df = add_price_features(df)
         ^^^^^^^^^^^^^^^^^^^^^^
  File "d:\Angel Trading\free_quant_scalping_ai\features\feature_engineering.py", line 37, in add_price_features
    df["trend_strength"] = df["close"].rolling(20).apply(
                           ^^^^^^^^^^^^^^^^^^^^^^^^^^^^^^
  File "D:\Angel Trading\free_quant_scalping_ai\.venv\Lib\site-packages\pandas\core\window\rolling.py", line 2240, in apply
    return super().apply(
           ^^^^^^^^^^^^^^
  File "D:\Angel Trading\free_quant_scalping_ai\.venv\Lib\site-packages\pandas\core\window\rolling.py", line 1565, in apply
    return self._apply(
           ^^^^^^^^^^^^
  File "D:\Angel Trading\free_quant_scalping_ai\.venv\Lib\site-packages\pandas\core\window\rolling.py", line 595, in _apply
    return self._apply_columnwise(homogeneous_func, name, numeric_only)
           ^^^^^^^^^^^^^^^^^^^^^^^^^^^^^^^^^^^^^^^^^^^^^^^^^^^^^^^^^^^^
  File "D:\Angel Trading\free_quant_scalping_ai\.venv\Lib\site-packages\pandas\core\window\rolling.py", line 456, in _apply_columnwise
    return self._apply_series(homogeneous_func, name)
           ^^^^^^^^^^^^^^^^^^^^^^^^^^^^^^^^^^^^^^^^^^
  File "D:\Angel Trading\free_quant_scalping_ai\.venv\Lib\site-packages\pandas\core\window\rolling.py", line 440, in _apply_series
    result = homogeneous_func(values)
             ^^^^^^^^^^^^^^^^^^^^^^^^
  File "D:\Angel Trading\free_quant_scalping_ai\.venv\Lib\site-packages\pandas\core\window\rolling.py", line 590, in homogeneous_func
    result = calc(values)
             ^^^^^^^^^^^^
  File "D:\Angel Trading\free_quant_scalping_ai\.venv\Lib\site-packages\pandas\core\window\rolling.py", line 587, in calc
    return func(x, start, end, min_periods, *numba_args)
           ^^^^^^^^^^^^^^^^^^^^^^^^^^^^^^^^^^^^^^^^^^^^^
  File "D:\Angel Trading\free_quant_scalping_ai\.venv\Lib\site-packages\pandas\core\window\rolling.py", line 1592, in apply_func
    return window_func(values, begin, end, min_periods)
           ^^^^^^^^^^^^^^^^^^^^^^^^^^^^^^^^^^^^^^^^^^^^
  File "pandas/_libs/window/aggregations.pyx", line 1585, in pandas._libs.window.aggregations.roll_apply
  File "d:\Angel Trading\free_quant_scalping_ai\features\feature_engineering.py", line 38, in <lambda>
    lambda x: 0 if x.std() == 0 else (x[-1] - x[0]) / (len(x) * x.std()),
                                      ~^^^^
  File "D:\Angel Trading\free_quant_scalping_ai\.venv\Lib\site-packages\pandas\core\series.py", line 959, in __getitem__
    return self._get_value(key)
           ^^^^^^^^^^^^^^^^^^^^
  File "D:\Angel Trading\free_quant_scalping_ai\.venv\Lib\site-packages\pandas\core\series.py", line 1046, in _get_value
    loc = self.index.get_loc(label)
          ^^^^^^^^^^^^^^^^^^^^^^^^^
  File "D:\Angel Trading\free_quant_scalping_ai\.venv\Lib\site-packages\pandas\core\indexes\range.py", line 523, in get_loc
    raise KeyError(key) from err
KeyError: -1
2026-03-12 12:54:34,138 - api.api_server - ERROR - Error in main loop for SENSEX: -1
Traceback (most recent call last):
  File "D:\Angel Trading\free_quant_scalping_ai\.venv\Lib\site-packages\pandas\core\indexes\range.py", line 521, in get_loc
    return self._range.index(new_key)
           ^^^^^^^^^^^^^^^^^^^^^^^^^^
ValueError: -1 is not in range

The above exception was the direct cause of the following exception:

Traceback (most recent call last):
  File "d:\Angel Trading\free_quant_scalping_ai\api\api_server.py", line 149, in main_loop
    await compute_for_symbol(symbol)
  File "d:\Angel Trading\free_quant_scalping_ai\api\api_server.py", line 72, in compute_for_symbol
    feats = engineer_all_features(candles)
            ^^^^^^^^^^^^^^^^^^^^^^^^^^^^^^
  File "d:\Angel Trading\free_quant_scalping_ai\features\feature_engineering.py", line 82, in engineer_all_features
    df = add_price_features(df)
         ^^^^^^^^^^^^^^^^^^^^^^
  File "d:\Angel Trading\free_quant_scalping_ai\features\feature_engineering.py", line 37, in add_price_features
    df["trend_strength"] = df["close"].rolling(20).apply(
                           ^^^^^^^^^^^^^^^^^^^^^^^^^^^^^^
  File "D:\Angel Trading\free_quant_scalping_ai\.venv\Lib\site-packages\pandas\core\window\rolling.py", line 2240, in apply
    return super().apply(
           ^^^^^^^^^^^^^^
  File "D:\Angel Trading\free_quant_scalping_ai\.venv\Lib\site-packages\pandas\core\window\rolling.py", line 1565, in apply
    return self._apply(
           ^^^^^^^^^^^^
  File "D:\Angel Trading\free_quant_scalping_ai\.venv\Lib\site-packages\pandas\core\window\rolling.py", line 595, in _apply
    return self._apply_columnwise(homogeneous_func, name, numeric_only)
           ^^^^^^^^^^^^^^^^^^^^^^^^^^^^^^^^^^^^^^^^^^^^^^^^^^^^^^^^^^^^
  File "D:\Angel Trading\free_quant_scalping_ai\.venv\Lib\site-packages\pandas\core\window\rolling.py", line 456, in _apply_columnwise
    return self._apply_series(homogeneous_func, name)
           ^^^^^^^^^^^^^^^^^^^^^^^^^^^^^^^^^^^^^^^^^^
  File "D:\Angel Trading\free_quant_scalping_ai\.venv\Lib\site-packages\pandas\core\window\rolling.py", line 440, in _apply_series
    result = homogeneous_func(values)
             ^^^^^^^^^^^^^^^^^^^^^^^^
  File "D:\Angel Trading\free_quant_scalping_ai\.venv\Lib\site-packages\pandas\core\window\rolling.py", line 590, in homogeneous_func
    result = calc(values)
             ^^^^^^^^^^^^
  File "D:\Angel Trading\free_quant_scalping_ai\.venv\Lib\site-packages\pandas\core\window\rolling.py", line 587, in calc
    return func(x, start, end, min_periods, *numba_args)
           ^^^^^^^^^^^^^^^^^^^^^^^^^^^^^^^^^^^^^^^^^^^^^
  File "D:\Angel Trading\free_quant_scalping_ai\.venv\Lib\site-packages\pandas\core\window\rolling.py", line 1592, in apply_func
    return window_func(values, begin, end, min_periods)
           ^^^^^^^^^^^^^^^^^^^^^^^^^^^^^^^^^^^^^^^^^^^^
  File "pandas/_libs/window/aggregations.pyx", line 1585, in pandas._libs.window.aggregations.roll_apply
  File "d:\Angel Trading\free_quant_scalping_ai\features\feature_engineering.py", line 38, in <lambda>
    lambda x: 0 if x.std() == 0 else (x[-1] - x[0]) / (len(x) * x.std()),
                                      ~^^^^
  File "D:\Angel Trading\free_quant_scalping_ai\.venv\Lib\site-packages\pandas\core\series.py", line 959, in __getitem__
    return self._get_value(key)
           ^^^^^^^^^^^^^^^^^^^^
  File "D:\Angel Trading\free_quant_scalping_ai\.venv\Lib\site-packages\pandas\core\series.py", line 1046, in _get_value
    loc = self.index.get_loc(label)
          ^^^^^^^^^^^^^^^^^^^^^^^^^
  File "D:\Angel Trading\free_quant_scalping_ai\.venv\Lib\site-packages\pandas\core\indexes\range.py", line 523, in get_loc
    raise KeyError(key) from err
KeyError: -1
2026-03-12 12:55:36,297 - api.api_server - ERROR - Error in main loop for NIFTY: -1
Traceback (most recent call last):
  File "D:\Angel Trading\free_quant_scalping_ai\.venv\Lib\site-packages\pandas\core\indexes\range.py", line 521, in get_loc
    return self._range.index(new_key)
           ^^^^^^^^^^^^^^^^^^^^^^^^^^
ValueError: -1 is not in range

The above exception was the direct cause of the following exception:

Traceback (most recent call last):
  File "d:\Angel Trading\free_quant_scalping_ai\api\api_server.py", line 149, in main_loop
    await compute_for_symbol(symbol)
  File "d:\Angel Trading\free_quant_scalping_ai\api\api_server.py", line 72, in compute_for_symbol
    feats = engineer_all_features(candles)
            ^^^^^^^^^^^^^^^^^^^^^^^^^^^^^^
  File "d:\Angel Trading\free_quant_scalping_ai\features\feature_engineering.py", line 82, in engineer_all_features
    df = add_price_features(df)
         ^^^^^^^^^^^^^^^^^^^^^^
  File "d:\Angel Trading\free_quant_scalping_ai\features\feature_engineering.py", line 37, in add_price_features
    df["trend_strength"] = df["close"].rolling(20).apply(
                           ^^^^^^^^^^^^^^^^^^^^^^^^^^^^^^
  File "D:\Angel Trading\free_quant_scalping_ai\.venv\Lib\site-packages\pandas\core\window\rolling.py", line 2240, in apply
    return super().apply(
           ^^^^^^^^^^^^^^
  File "D:\Angel Trading\free_quant_scalping_ai\.venv\Lib\site-packages\pandas\core\window\rolling.py", line 1565, in apply
    return self._apply(
           ^^^^^^^^^^^^
  File "D:\Angel Trading\free_quant_scalping_ai\.venv\Lib\site-packages\pandas\core\window\rolling.py", line 595, in _apply
    return self._apply_columnwise(homogeneous_func, name, numeric_only)
           ^^^^^^^^^^^^^^^^^^^^^^^^^^^^^^^^^^^^^^^^^^^^^^^^^^^^^^^^^^^^
  File "D:\Angel Trading\free_quant_scalping_ai\.venv\Lib\site-packages\pandas\core\window\rolling.py", line 456, in _apply_columnwise
    return self._apply_series(homogeneous_func, name)
           ^^^^^^^^^^^^^^^^^^^^^^^^^^^^^^^^^^^^^^^^^^
  File "D:\Angel Trading\free_quant_scalping_ai\.venv\Lib\site-packages\pandas\core\window\rolling.py", line 440, in _apply_series
    result = homogeneous_func(values)
             ^^^^^^^^^^^^^^^^^^^^^^^^
  File "D:\Angel Trading\free_quant_scalping_ai\.venv\Lib\site-packages\pandas\core\window\rolling.py", line 590, in homogeneous_func
    result = calc(values)
             ^^^^^^^^^^^^
  File "D:\Angel Trading\free_quant_scalping_ai\.venv\Lib\site-packages\pandas\core\window\rolling.py", line 587, in calc
    return func(x, start, end, min_periods, *numba_args)
           ^^^^^^^^^^^^^^^^^^^^^^^^^^^^^^^^^^^^^^^^^^^^^
  File "D:\Angel Trading\free_quant_scalping_ai\.venv\Lib\site-packages\pandas\core\window\rolling.py", line 1592, in apply_func
    return window_func(values, begin, end, min_periods)
           ^^^^^^^^^^^^^^^^^^^^^^^^^^^^^^^^^^^^^^^^^^^^
  File "pandas/_libs/window/aggregations.pyx", line 1585, in pandas._libs.window.aggregations.roll_apply
  File "d:\Angel Trading\free_quant_scalping_ai\features\feature_engineering.py", line 38, in <lambda>
    lambda x: 0 if x.std() == 0 else (x[-1] - x[0]) / (len(x) * x.std()),
                                      ~^^^^
  File "D:\Angel Trading\free_quant_scalping_ai\.venv\Lib\site-packages\pandas\core\series.py", line 959, in __getitem__
    return self._get_value(key)
           ^^^^^^^^^^^^^^^^^^^^
  File "D:\Angel Trading\free_quant_scalping_ai\.venv\Lib\site-packages\pandas\core\series.py", line 1046, in _get_value
    loc = self.index.get_loc(label)
          ^^^^^^^^^^^^^^^^^^^^^^^^^
  File "D:\Angel Trading\free_quant_scalping_ai\.venv\Lib\site-packages\pandas\core\indexes\range.py", line 523, in get_loc
    raise KeyError(key) from err
KeyError: -1
2026-03-12 12:55:38,443 - api.api_server - ERROR - Error in main loop for SENSEX: -1
Traceback (most recent call last):
  File "D:\Angel Trading\free_quant_scalping_ai\.venv\Lib\site-packages\pandas\core\indexes\range.py", line 521, in get_loc
    return self._range.index(new_key)
           ^^^^^^^^^^^^^^^^^^^^^^^^^^
ValueError: -1 is not in range

The above exception was the direct cause of the following exception:

Traceback (most recent call last):
  File "d:\Angel Trading\free_quant_scalping_ai\api\api_server.py", line 149, in main_loop
    await compute_for_symbol(symbol)
  File "d:\Angel Trading\free_quant_scalping_ai\api\api_server.py", line 72, in compute_for_symbol
    feats = engineer_all_features(candles)
            ^^^^^^^^^^^^^^^^^^^^^^^^^^^^^^
  File "d:\Angel Trading\free_quant_scalping_ai\features\feature_engineering.py", line 82, in engineer_all_features
    df = add_price_features(df)
         ^^^^^^^^^^^^^^^^^^^^^^
  File "d:\Angel Trading\free_quant_scalping_ai\features\feature_engineering.py", line 37, in add_price_features
    df["trend_strength"] = df["close"].rolling(20).apply(
                           ^^^^^^^^^^^^^^^^^^^^^^^^^^^^^^
  File "D:\Angel Trading\free_quant_scalping_ai\.venv\Lib\site-packages\pandas\core\window\rolling.py", line 2240, in apply
    return super().apply(
           ^^^^^^^^^^^^^^
  File "D:\Angel Trading\free_quant_scalping_ai\.venv\Lib\site-packages\pandas\core\window\rolling.py", line 1565, in apply
    return self._apply(
           ^^^^^^^^^^^^
  File "D:\Angel Trading\free_quant_scalping_ai\.venv\Lib\site-packages\pandas\core\window\rolling.py", line 595, in _apply
    return self._apply_columnwise(homogeneous_func, name, numeric_only)
           ^^^^^^^^^^^^^^^^^^^^^^^^^^^^^^^^^^^^^^^^^^^^^^^^^^^^^^^^^^^^
  File "D:\Angel Trading\free_quant_scalping_ai\.venv\Lib\site-packages\pandas\core\window\rolling.py", line 456, in _apply_columnwise
    return self._apply_series(homogeneous_func, name)
           ^^^^^^^^^^^^^^^^^^^^^^^^^^^^^^^^^^^^^^^^^^
  File "D:\Angel Trading\free_quant_scalping_ai\.venv\Lib\site-packages\pandas\core\window\rolling.py", line 440, in _apply_series
    result = homogeneous_func(values)
             ^^^^^^^^^^^^^^^^^^^^^^^^
  File "D:\Angel Trading\free_quant_scalping_ai\.venv\Lib\site-packages\pandas\core\window\rolling.py", line 590, in homogeneous_func
    result = calc(values)
             ^^^^^^^^^^^^
  File "D:\Angel Trading\free_quant_scalping_ai\.venv\Lib\site-packages\pandas\core\window\rolling.py", line 587, in calc
    return func(x, start, end, min_periods, *numba_args)
           ^^^^^^^^^^^^^^^^^^^^^^^^^^^^^^^^^^^^^^^^^^^^^
  File "D:\Angel Trading\free_quant_scalping_ai\.venv\Lib\site-packages\pandas\core\window\rolling.py", line 1592, in apply_func
    return window_func(values, begin, end, min_periods)
           ^^^^^^^^^^^^^^^^^^^^^^^^^^^^^^^^^^^^^^^^^^^^
  File "pandas/_libs/window/aggregations.pyx", line 1585, in pandas._libs.window.aggregations.roll_apply
  File "d:\Angel Trading\free_quant_scalping_ai\features\feature_engineering.py", line 38, in <lambda>
    lambda x: 0 if x.std() == 0 else (x[-1] - x[0]) / (len(x) * x.std()),
                                      ~^^^^
  File "D:\Angel Trading\free_quant_scalping_ai\.venv\Lib\site-packages\pandas\core\series.py", line 959, in __getitem__
    return self._get_value(key)
           ^^^^^^^^^^^^^^^^^^^^
  File "D:\Angel Trading\free_quant_scalping_ai\.venv\Lib\site-packages\pandas\core\series.py", line 1046, in _get_value
    loc = self.index.get_loc(label)
          ^^^^^^^^^^^^^^^^^^^^^^^^^
  File "D:\Angel Trading\free_quant_scalping_ai\.venv\Lib\site-packages\pandas\core\indexes\range.py", line 523, in get_loc
    raise KeyError(key) from err
KeyError: -1
2026-03-12 12:56:40,152 - api.api_server - ERROR - Error in main loop for NIFTY: -1
Traceback (most recent call last):
  File "D:\Angel Trading\free_quant_scalping_ai\.venv\Lib\site-packages\pandas\core\indexes\range.py", line 521, in get_loc
    return self._range.index(new_key)
           ^^^^^^^^^^^^^^^^^^^^^^^^^^
ValueError: -1 is not in range

The above exception was the direct cause of the following exception:

Traceback (most recent call last):
  File "d:\Angel Trading\free_quant_scalping_ai\api\api_server.py", line 149, in main_loop
    await compute_for_symbol(symbol)
  File "d:\Angel Trading\free_quant_scalping_ai\api\api_server.py", line 72, in compute_for_symbol
    feats = engineer_all_features(candles)
            ^^^^^^^^^^^^^^^^^^^^^^^^^^^^^^
  File "d:\Angel Trading\free_quant_scalping_ai\features\feature_engineering.py", line 82, in engineer_all_features
    df = add_price_features(df)
         ^^^^^^^^^^^^^^^^^^^^^^
  File "d:\Angel Trading\free_quant_scalping_ai\features\feature_engineering.py", line 37, in add_price_features
    df["trend_strength"] = df["close"].rolling(20).apply(
                           ^^^^^^^^^^^^^^^^^^^^^^^^^^^^^^
  File "D:\Angel Trading\free_quant_scalping_ai\.venv\Lib\site-packages\pandas\core\window\rolling.py", line 2240, in apply
    return super().apply(
           ^^^^^^^^^^^^^^
  File "D:\Angel Trading\free_quant_scalping_ai\.venv\Lib\site-packages\pandas\core\window\rolling.py", line 1565, in apply
    return self._apply(
           ^^^^^^^^^^^^
  File "D:\Angel Trading\free_quant_scalping_ai\.venv\Lib\site-packages\pandas\core\window\rolling.py", line 595, in _apply
    return self._apply_columnwise(homogeneous_func, name, numeric_only)
           ^^^^^^^^^^^^^^^^^^^^^^^^^^^^^^^^^^^^^^^^^^^^^^^^^^^^^^^^^^^^
  File "D:\Angel Trading\free_quant_scalping_ai\.venv\Lib\site-packages\pandas\core\window\rolling.py", line 456, in _apply_columnwise
    return self._apply_series(homogeneous_func, name)
           ^^^^^^^^^^^^^^^^^^^^^^^^^^^^^^^^^^^^^^^^^^
  File "D:\Angel Trading\free_quant_scalping_ai\.venv\Lib\site-packages\pandas\core\window\rolling.py", line 440, in _apply_series
    result = homogeneous_func(values)
             ^^^^^^^^^^^^^^^^^^^^^^^^
  File "D:\Angel Trading\free_quant_scalping_ai\.venv\Lib\site-packages\pandas\core\window\rolling.py", line 590, in homogeneous_func
    result = calc(values)
             ^^^^^^^^^^^^
  File "D:\Angel Trading\free_quant_scalping_ai\.venv\Lib\site-packages\pandas\core\window\rolling.py", line 587, in calc
    return func(x, start, end, min_periods, *numba_args)
           ^^^^^^^^^^^^^^^^^^^^^^^^^^^^^^^^^^^^^^^^^^^^^
  File "D:\Angel Trading\free_quant_scalping_ai\.venv\Lib\site-packages\pandas\core\window\rolling.py", line 1592, in apply_func
    return window_func(values, begin, end, min_periods)
           ^^^^^^^^^^^^^^^^^^^^^^^^^^^^^^^^^^^^^^^^^^^^
  File "pandas/_libs/window/aggregations.pyx", line 1585, in pandas._libs.window.aggregations.roll_apply
  File "d:\Angel Trading\free_quant_scalping_ai\features\feature_engineering.py", line 38, in <lambda>
    lambda x: 0 if x.std() == 0 else (x[-1] - x[0]) / (len(x) * x.std()),
                                      ~^^^^
  File "D:\Angel Trading\free_quant_scalping_ai\.venv\Lib\site-packages\pandas\core\series.py", line 959, in __getitem__
    return self._get_value(key)
           ^^^^^^^^^^^^^^^^^^^^
  File "D:\Angel Trading\free_quant_scalping_ai\.venv\Lib\site-packages\pandas\core\series.py", line 1046, in _get_value
    loc = self.index.get_loc(label)
          ^^^^^^^^^^^^^^^^^^^^^^^^^
  File "D:\Angel Trading\free_quant_scalping_ai\.venv\Lib\site-packages\pandas\core\indexes\range.py", line 523, in get_loc
    raise KeyError(key) from err
KeyError: -1
2026-03-12 12:56:41,931 - api.api_server - ERROR - Error in main loop for SENSEX: -1
Traceback (most recent call last):
  File "D:\Angel Trading\free_quant_scalping_ai\.venv\Lib\site-packages\pandas\core\indexes\range.py", line 521, in get_loc
    return self._range.index(new_key)
           ^^^^^^^^^^^^^^^^^^^^^^^^^^
ValueError: -1 is not in range

The above exception was the direct cause of the following exception:

Traceback (most recent call last):
  File "d:\Angel Trading\free_quant_scalping_ai\api\api_server.py", line 149, in main_loop
    await compute_for_symbol(symbol)
  File "d:\Angel Trading\free_quant_scalping_ai\api\api_server.py", line 72, in compute_for_symbol
    feats = engineer_all_features(candles)
            ^^^^^^^^^^^^^^^^^^^^^^^^^^^^^^
  File "d:\Angel Trading\free_quant_scalping_ai\features\feature_engineering.py", line 82, in engineer_all_features
    df = add_price_features(df)
         ^^^^^^^^^^^^^^^^^^^^^^
  File "d:\Angel Trading\free_quant_scalping_ai\features\feature_engineering.py", line 37, in add_price_features
    df["trend_strength"] = df["close"].rolling(20).apply(
                           ^^^^^^^^^^^^^^^^^^^^^^^^^^^^^^
  File "D:\Angel Trading\free_quant_scalping_ai\.venv\Lib\site-packages\pandas\core\window\rolling.py", line 2240, in apply
    return super().apply(
           ^^^^^^^^^^^^^^
  File "D:\Angel Trading\free_quant_scalping_ai\.venv\Lib\site-packages\pandas\core\window\rolling.py", line 1565, in apply
    return self._apply(
           ^^^^^^^^^^^^
  File "D:\Angel Trading\free_quant_scalping_ai\.venv\Lib\site-packages\pandas\core\window\rolling.py", line 595, in _apply
    return self._apply_columnwise(homogeneous_func, name, numeric_only)
           ^^^^^^^^^^^^^^^^^^^^^^^^^^^^^^^^^^^^^^^^^^^^^^^^^^^^^^^^^^^^
  File "D:\Angel Trading\free_quant_scalping_ai\.venv\Lib\site-packages\pandas\core\window\rolling.py", line 456, in _apply_columnwise
    return self._apply_series(homogeneous_func, name)
           ^^^^^^^^^^^^^^^^^^^^^^^^^^^^^^^^^^^^^^^^^^
  File "D:\Angel Trading\free_quant_scalping_ai\.venv\Lib\site-packages\pandas\core\window\rolling.py", line 440, in _apply_series
    result = homogeneous_func(values)
             ^^^^^^^^^^^^^^^^^^^^^^^^
  File "D:\Angel Trading\free_quant_scalping_ai\.venv\Lib\site-packages\pandas\core\window\rolling.py", line 590, in homogeneous_func
    result = calc(values)
             ^^^^^^^^^^^^
  File "D:\Angel Trading\free_quant_scalping_ai\.venv\Lib\site-packages\pandas\core\window\rolling.py", line 587, in calc
    return func(x, start, end, min_periods, *numba_args)
           ^^^^^^^^^^^^^^^^^^^^^^^^^^^^^^^^^^^^^^^^^^^^^
  File "D:\Angel Trading\free_quant_scalping_ai\.venv\Lib\site-packages\pandas\core\window\rolling.py", line 1592, in apply_func
    return window_func(values, begin, end, min_periods)
           ^^^^^^^^^^^^^^^^^^^^^^^^^^^^^^^^^^^^^^^^^^^^
  File "pandas/_libs/window/aggregations.pyx", line 1585, in pandas._libs.window.aggregations.roll_apply
  File "d:\Angel Trading\free_quant_scalping_ai\features\feature_engineering.py", line 38, in <lambda>
    lambda x: 0 if x.std() == 0 else (x[-1] - x[0]) / (len(x) * x.std()),
                                      ~^^^^
  File "D:\Angel Trading\free_quant_scalping_ai\.venv\Lib\site-packages\pandas\core\series.py", line 959, in __getitem__
    return self._get_value(key)
           ^^^^^^^^^^^^^^^^^^^^
  File "D:\Angel Trading\free_quant_scalping_ai\.venv\Lib\site-packages\pandas\core\series.py", line 1046, in _get_value
    loc = self.index.get_loc(label)
          ^^^^^^^^^^^^^^^^^^^^^^^^^
  File "D:\Angel Trading\free_quant_scalping_ai\.venv\Lib\site-packages\pandas\core\indexes\range.py", line 523, in get_loc
    raise KeyError(key) from err
KeyError: -1
2026-03-12 12:57:43,225 - api.api_server - ERROR - Error in main loop for NIFTY: -1
Traceback (most recent call last):
  File "D:\Angel Trading\free_quant_scalping_ai\.venv\Lib\site-packages\pandas\core\indexes\range.py", line 521, in get_loc
    return self._range.index(new_key)
           ^^^^^^^^^^^^^^^^^^^^^^^^^^
ValueError: -1 is not in range

The above exception was the direct cause of the following exception:

Traceback (most recent call last):
  File "d:\Angel Trading\free_quant_scalping_ai\api\api_server.py", line 149, in main_loop
    await compute_for_symbol(symbol)
  File "d:\Angel Trading\free_quant_scalping_ai\api\api_server.py", line 72, in compute_for_symbol
    feats = engineer_all_features(candles)
            ^^^^^^^^^^^^^^^^^^^^^^^^^^^^^^
  File "d:\Angel Trading\free_quant_scalping_ai\features\feature_engineering.py", line 82, in engineer_all_features
    df = add_price_features(df)
         ^^^^^^^^^^^^^^^^^^^^^^
  File "d:\Angel Trading\free_quant_scalping_ai\features\feature_engineering.py", line 37, in add_price_features
    df["trend_strength"] = df["close"].rolling(20).apply(
                           ^^^^^^^^^^^^^^^^^^^^^^^^^^^^^^
  File "D:\Angel Trading\free_quant_scalping_ai\.venv\Lib\site-packages\pandas\core\window\rolling.py", line 2240, in apply
    return super().apply(
           ^^^^^^^^^^^^^^
  File "D:\Angel Trading\free_quant_scalping_ai\.venv\Lib\site-packages\pandas\core\window\rolling.py", line 1565, in apply
    return self._apply(
           ^^^^^^^^^^^^
  File "D:\Angel Trading\free_quant_scalping_ai\.venv\Lib\site-packages\pandas\core\window\rolling.py", line 595, in _apply
    return self._apply_columnwise(homogeneous_func, name, numeric_only)
           ^^^^^^^^^^^^^^^^^^^^^^^^^^^^^^^^^^^^^^^^^^^^^^^^^^^^^^^^^^^^
  File "D:\Angel Trading\free_quant_scalping_ai\.venv\Lib\site-packages\pandas\core\window\rolling.py", line 456, in _apply_columnwise
    return self._apply_series(homogeneous_func, name)
           ^^^^^^^^^^^^^^^^^^^^^^^^^^^^^^^^^^^^^^^^^^
  File "D:\Angel Trading\free_quant_scalping_ai\.venv\Lib\site-packages\pandas\core\window\rolling.py", line 440, in _apply_series
    result = homogeneous_func(values)
             ^^^^^^^^^^^^^^^^^^^^^^^^
  File "D:\Angel Trading\free_quant_scalping_ai\.venv\Lib\site-packages\pandas\core\window\rolling.py", line 590, in homogeneous_func
    result = calc(values)
             ^^^^^^^^^^^^
  File "D:\Angel Trading\free_quant_scalping_ai\.venv\Lib\site-packages\pandas\core\window\rolling.py", line 587, in calc
    return func(x, start, end, min_periods, *numba_args)
           ^^^^^^^^^^^^^^^^^^^^^^^^^^^^^^^^^^^^^^^^^^^^^
  File "D:\Angel Trading\free_quant_scalping_ai\.venv\Lib\site-packages\pandas\core\window\rolling.py", line 1592, in apply_func
    return window_func(values, begin, end, min_periods)
           ^^^^^^^^^^^^^^^^^^^^^^^^^^^^^^^^^^^^^^^^^^^^
  File "pandas/_libs/window/aggregations.pyx", line 1585, in pandas._libs.window.aggregations.roll_apply
  File "d:\Angel Trading\free_quant_scalping_ai\features\feature_engineering.py", line 38, in <lambda>
    lambda x: 0 if x.std() == 0 else (x[-1] - x[0]) / (len(x) * x.std()),
                                      ~^^^^
  File "D:\Angel Trading\free_quant_scalping_ai\.venv\Lib\site-packages\pandas\core\series.py", line 959, in __getitem__
    return self._get_value(key)
           ^^^^^^^^^^^^^^^^^^^^
  File "D:\Angel Trading\free_quant_scalping_ai\.venv\Lib\site-packages\pandas\core\series.py", line 1046, in _get_value
    loc = self.index.get_loc(label)
          ^^^^^^^^^^^^^^^^^^^^^^^^^
  File "D:\Angel Trading\free_quant_scalping_ai\.venv\Lib\site-packages\pandas\core\indexes\range.py", line 523, in get_loc
    raise KeyError(key) from err
KeyError: -1
2026-03-12 12:57:45,700 - api.api_server - ERROR - Error in main loop for SENSEX: -1
Traceback (most recent call last):
  File "D:\Angel Trading\free_quant_scalping_ai\.venv\Lib\site-packages\pandas\core\indexes\range.py", line 521, in get_loc
    return self._range.index(new_key)
           ^^^^^^^^^^^^^^^^^^^^^^^^^^
ValueError: -1 is not in range

The above exception was the direct cause of the following exception:

Traceback (most recent call last):
  File "d:\Angel Trading\free_quant_scalping_ai\api\api_server.py", line 149, in main_loop
    await compute_for_symbol(symbol)
  File "d:\Angel Trading\free_quant_scalping_ai\api\api_server.py", line 72, in compute_for_symbol
    feats = engineer_all_features(candles)
            ^^^^^^^^^^^^^^^^^^^^^^^^^^^^^^
  File "d:\Angel Trading\free_quant_scalping_ai\features\feature_engineering.py", line 82, in engineer_all_features
    df = add_price_features(df)
         ^^^^^^^^^^^^^^^^^^^^^^
  File "d:\Angel Trading\free_quant_scalping_ai\features\feature_engineering.py", line 37, in add_price_features
    df["trend_strength"] = df["close"].rolling(20).apply(
                           ^^^^^^^^^^^^^^^^^^^^^^^^^^^^^^
  File "D:\Angel Trading\free_quant_scalping_ai\.venv\Lib\site-packages\pandas\core\window\rolling.py", line 2240, in apply
    return super().apply(
           ^^^^^^^^^^^^^^
  File "D:\Angel Trading\free_quant_scalping_ai\.venv\Lib\site-packages\pandas\core\window\rolling.py", line 1565, in apply
    return self._apply(
           ^^^^^^^^^^^^
  File "D:\Angel Trading\free_quant_scalping_ai\.venv\Lib\site-packages\pandas\core\window\rolling.py", line 595, in _apply
    return self._apply_columnwise(homogeneous_func, name, numeric_only)
           ^^^^^^^^^^^^^^^^^^^^^^^^^^^^^^^^^^^^^^^^^^^^^^^^^^^^^^^^^^^^
  File "D:\Angel Trading\free_quant_scalping_ai\.venv\Lib\site-packages\pandas\core\window\rolling.py", line 456, in _apply_columnwise
    return self._apply_series(homogeneous_func, name)
           ^^^^^^^^^^^^^^^^^^^^^^^^^^^^^^^^^^^^^^^^^^
  File "D:\Angel Trading\free_quant_scalping_ai\.venv\Lib\site-packages\pandas\core\window\rolling.py", line 440, in _apply_series
    result = homogeneous_func(values)
             ^^^^^^^^^^^^^^^^^^^^^^^^
  File "D:\Angel Trading\free_quant_scalping_ai\.venv\Lib\site-packages\pandas\core\window\rolling.py", line 590, in homogeneous_func
    result = calc(values)
             ^^^^^^^^^^^^
  File "D:\Angel Trading\free_quant_scalping_ai\.venv\Lib\site-packages\pandas\core\window\rolling.py", line 587, in calc
    return func(x, start, end, min_periods, *numba_args)
           ^^^^^^^^^^^^^^^^^^^^^^^^^^^^^^^^^^^^^^^^^^^^^
  File "D:\Angel Trading\free_quant_scalping_ai\.venv\Lib\site-packages\pandas\core\window\rolling.py", line 1592, in apply_func
    return window_func(values, begin, end, min_periods)
           ^^^^^^^^^^^^^^^^^^^^^^^^^^^^^^^^^^^^^^^^^^^^
  File "pandas/_libs/window/aggregations.pyx", line 1585, in pandas._libs.window.aggregations.roll_apply
  File "d:\Angel Trading\free_quant_scalping_ai\features\feature_engineering.py", line 38, in <lambda>
    lambda x: 0 if x.std() == 0 else (x[-1] - x[0]) / (len(x) * x.std()),
                                      ~^^^^
  File "D:\Angel Trading\free_quant_scalping_ai\.venv\Lib\site-packages\pandas\core\series.py", line 959, in __getitem__
    return self._get_value(key)
           ^^^^^^^^^^^^^^^^^^^^
  File "D:\Angel Trading\free_quant_scalping_ai\.venv\Lib\site-packages\pandas\core\series.py", line 1046, in _get_value
    loc = self.index.get_loc(label)
          ^^^^^^^^^^^^^^^^^^^^^^^^^
  File "D:\Angel Trading\free_quant_scalping_ai\.venv\Lib\site-packages\pandas\core\indexes\range.py", line 523, in get_loc
    raise KeyError(key) from err
KeyError: -1
2026-03-12 12:58:47,352 - api.api_server - ERROR - Error in main loop for NIFTY: -1
Traceback (most recent call last):
  File "D:\Angel Trading\free_quant_scalping_ai\.venv\Lib\site-packages\pandas\core\indexes\range.py", line 521, in get_loc
    return self._range.index(new_key)
           ^^^^^^^^^^^^^^^^^^^^^^^^^^
ValueError: -1 is not in range

The above exception was the direct cause of the following exception:

Traceback (most recent call last):
  File "d:\Angel Trading\free_quant_scalping_ai\api\api_server.py", line 149, in main_loop
    await compute_for_symbol(symbol)
  File "d:\Angel Trading\free_quant_scalping_ai\api\api_server.py", line 72, in compute_for_symbol
    feats = engineer_all_features(candles)
            ^^^^^^^^^^^^^^^^^^^^^^^^^^^^^^
  File "d:\Angel Trading\free_quant_scalping_ai\features\feature_engineering.py", line 82, in engineer_all_features
    df = add_price_features(df)
         ^^^^^^^^^^^^^^^^^^^^^^
  File "d:\Angel Trading\free_quant_scalping_ai\features\feature_engineering.py", line 37, in add_price_features
    df["trend_strength"] = df["close"].rolling(20).apply(
                           ^^^^^^^^^^^^^^^^^^^^^^^^^^^^^^
  File "D:\Angel Trading\free_quant_scalping_ai\.venv\Lib\site-packages\pandas\core\window\rolling.py", line 2240, in apply
    return super().apply(
           ^^^^^^^^^^^^^^
  File "D:\Angel Trading\free_quant_scalping_ai\.venv\Lib\site-packages\pandas\core\window\rolling.py", line 1565, in apply
    return self._apply(
           ^^^^^^^^^^^^
  File "D:\Angel Trading\free_quant_scalping_ai\.venv\Lib\site-packages\pandas\core\window\rolling.py", line 595, in _apply
    return self._apply_columnwise(homogeneous_func, name, numeric_only)
           ^^^^^^^^^^^^^^^^^^^^^^^^^^^^^^^^^^^^^^^^^^^^^^^^^^^^^^^^^^^^
  File "D:\Angel Trading\free_quant_scalping_ai\.venv\Lib\site-packages\pandas\core\window\rolling.py", line 456, in _apply_columnwise
    return self._apply_series(homogeneous_func, name)
           ^^^^^^^^^^^^^^^^^^^^^^^^^^^^^^^^^^^^^^^^^^
  File "D:\Angel Trading\free_quant_scalping_ai\.venv\Lib\site-packages\pandas\core\window\rolling.py", line 440, in _apply_series
    result = homogeneous_func(values)
             ^^^^^^^^^^^^^^^^^^^^^^^^
  File "D:\Angel Trading\free_quant_scalping_ai\.venv\Lib\site-packages\pandas\core\window\rolling.py", line 590, in homogeneous_func
    result = calc(values)
             ^^^^^^^^^^^^
  File "D:\Angel Trading\free_quant_scalping_ai\.venv\Lib\site-packages\pandas\core\window\rolling.py", line 587, in calc
    return func(x, start, end, min_periods, *numba_args)
           ^^^^^^^^^^^^^^^^^^^^^^^^^^^^^^^^^^^^^^^^^^^^^
  File "D:\Angel Trading\free_quant_scalping_ai\.venv\Lib\site-packages\pandas\core\window\rolling.py", line 1592, in apply_func
    return window_func(values, begin, end, min_periods)
           ^^^^^^^^^^^^^^^^^^^^^^^^^^^^^^^^^^^^^^^^^^^^
  File "pandas/_libs/window/aggregations.pyx", line 1585, in pandas._libs.window.aggregations.roll_apply
  File "d:\Angel Trading\free_quant_scalping_ai\features\feature_engineering.py", line 38, in <lambda>
    lambda x: 0 if x.std() == 0 else (x[-1] - x[0]) / (len(x) * x.std()),
                                      ~^^^^
  File "D:\Angel Trading\free_quant_scalping_ai\.venv\Lib\site-packages\pandas\core\series.py", line 959, in __getitem__
    return self._get_value(key)
           ^^^^^^^^^^^^^^^^^^^^
  File "D:\Angel Trading\free_quant_scalping_ai\.venv\Lib\site-packages\pandas\core\series.py", line 1046, in _get_value
    loc = self.index.get_loc(label)
          ^^^^^^^^^^^^^^^^^^^^^^^^^
  File "D:\Angel Trading\free_quant_scalping_ai\.venv\Lib\site-packages\pandas\core\indexes\range.py", line 523, in get_loc
    raise KeyError(key) from err
KeyError: -1
2026-03-12 12:58:49,458 - api.api_server - ERROR - Error in main loop for SENSEX: -1
Traceback (most recent call last):
  File "D:\Angel Trading\free_quant_scalping_ai\.venv\Lib\site-packages\pandas\core\indexes\range.py", line 521, in get_loc
    return self._range.index(new_key)
           ^^^^^^^^^^^^^^^^^^^^^^^^^^
ValueError: -1 is not in range

The above exception was the direct cause of the following exception:

Traceback (most recent call last):
  File "d:\Angel Trading\free_quant_scalping_ai\api\api_server.py", line 149, in main_loop
    await compute_for_symbol(symbol)
  File "d:\Angel Trading\free_quant_scalping_ai\api\api_server.py", line 72, in compute_for_symbol
    feats = engineer_all_features(candles)
            ^^^^^^^^^^^^^^^^^^^^^^^^^^^^^^
  File "d:\Angel Trading\free_quant_scalping_ai\features\feature_engineering.py", line 82, in engineer_all_features
    def engineer_all_features(df: pd.DataFrame) -> pd.DataFrame:
             ^^^^^^^^^^^^^^^^^^^^^^
  File "d:\Angel Trading\free_quant_scalping_ai\features\feature_engineering.py", line 37, in add_price_features
    df["trend_strength"] = df["close"].rolling(20).apply(
                           ^^^^^^^^^^^^^^^^^^^^^^^^^^^^^^
  File "D:\Angel Trading\free_quant_scalping_ai\.venv\Lib\site-packages\pandas\core\window\rolling.py", line 2240, in apply
    return super().apply(
           ^^^^^^^^^^^^^^
  File "D:\Angel Trading\free_quant_scalping_ai\.venv\Lib\site-packages\pandas\core\window\rolling.py", line 1565, in apply
    return self._apply(
           ^^^^^^^^^^^^
  File "D:\Angel Trading\free_quant_scalping_ai\.venv\Lib\site-packages\pandas\core\window\rolling.py", line 595, in _apply
    return self._apply_columnwise(homogeneous_func, name, numeric_only)
           ^^^^^^^^^^^^^^^^^^^^^^^^^^^^^^^^^^^^^^^^^^^^^^^^^^^^^^^^^^^^
  File "D:\Angel Trading\free_quant_scalping_ai\.venv\Lib\site-packages\pandas\core\window\rolling.py", line 456, in _apply_columnwise
    return self._apply_series(homogeneous_func, name)
           ^^^^^^^^^^^^^^^^^^^^^^^^^^^^^^^^^^^^^^^^^^
  File "D:\Angel Trading\free_quant_scalping_ai\.venv\Lib\site-packages\pandas\core\window\rolling.py", line 440, in _apply_series
    result = homogeneous_func(values)
             ^^^^^^^^^^^^^^^^^^^^^^^^
  File "D:\Angel Trading\free_quant_scalping_ai\.venv\Lib\site-packages\pandas\core\window\rolling.py", line 590, in homogeneous_func
    result = calc(values)
             ^^^^^^^^^^^^
  File "D:\Angel Trading\free_quant_scalping_ai\.venv\Lib\site-packages\pandas\core\window\rolling.py", line 587, in calc
    return func(x, start, end, min_periods, *numba_args)
           ^^^^^^^^^^^^^^^^^^^^^^^^^^^^^^^^^^^^^^^^^^^^^
  File "D:\Angel Trading\free_quant_scalping_ai\.venv\Lib\site-packages\pandas\core\window\rolling.py", line 1592, in apply_func
    return window_func(values, begin, end, min_periods)
           ^^^^^^^^^^^^^^^^^^^^^^^^^^^^^^^^^^^^^^^^^^^^
  File "pandas/_libs/window/aggregations.pyx", line 1585, in pandas._libs.window.aggregations.roll_apply
  File "d:\Angel Trading\free_quant_scalping_ai\features\feature_engineering.py", line 38, in <lambda>
    # Use iloc for position-based indexing (works for RangeIndex)
                                      ^^^^^
  File "D:\Angel Trading\free_quant_scalping_ai\.venv\Lib\site-packages\pandas\core\series.py", line 959, in __getitem__
    return self._get_value(key)
           ^^^^^^^^^^^^^^^^^^^^
  File "D:\Angel Trading\free_quant_scalping_ai\.venv\Lib\site-packages\pandas\core\series.py", line 1046, in _get_value
    loc = self.index.get_loc(label)
          ^^^^^^^^^^^^^^^^^^^^^^^^^
  File "D:\Angel Trading\free_quant_scalping_ai\.venv\Lib\site-packages\pandas\core\indexes\range.py", line 523, in get_loc
    raise KeyError(key) from err
KeyError: -1
2026-03-12 12:59:06,455 - api.api_server - INFO - Initializing schema...
2026-03-12 12:59:06,456 - data.data_storage - INFO - SQLite schema initialized at D:\Angel Trading\free_quant_scalping_ai\storage\market_data.sqlite
2026-03-12 12:59:06,460 - api.api_server - INFO - API server ready. Docs: http://localhost:8000/docs
2026-03-12 12:59:06,459 - data.historical_fetcher - INFO - Downloading NIFTY history 1m (last 7 days)
2026-03-12 12:59:08,374 - data.historical_fetcher - INFO - Downloading NIFTY history 5m (last 59 days)
2026-03-12 12:59:09,355 - data.historical_fetcher - INFO - Downloading NIFTY history 15m (last 59 days)
2026-03-12 12:59:10,028 - data.historical_fetcher - INFO - Downloading NIFTY daily history 2025-03-12 07:29:06.459432+00:00 2026-03-12 07:29:06.459432+00:00
2026-03-12 12:59:11,748 - data.historical_fetcher - INFO - Downloading SENSEX history 1m (last 7 days)
2026-03-12 12:59:12,692 - data.historical_fetcher - INFO - Downloading SENSEX history 5m (last 59 days)
2026-03-12 12:59:13,514 - data.historical_fetcher - INFO - Downloading SENSEX history 15m (last 59 days)
2026-03-12 12:59:14,044 - data.historical_fetcher - INFO - Downloading SENSEX daily history 2025-03-12 07:29:11.748744+00:00 2026-03-12 07:29:11.748744+00:00
2026-03-12 13:00:28,441 - api.api_server - INFO - Initializing schema...
2026-03-12 13:00:28,444 - data.data_storage - INFO - SQLite schema initialized at D:\Angel Trading\free_quant_scalping_ai\storage\market_data.sqlite
2026-03-12 13:00:28,448 - api.api_server - INFO - API server ready. Docs: http://localhost:8000/docs
2026-03-12 13:00:28,448 - data.historical_fetcher - INFO - Downloading NIFTY history 1m (last 7 days)
2026-03-12 13:00:32,285 - data.historical_fetcher - INFO - Downloading NIFTY history 5m (last 59 days)
2026-03-12 13:00:32,971 - data.historical_fetcher - INFO - Downloading NIFTY history 15m (last 59 days)
2026-03-12 13:00:33,531 - data.historical_fetcher - INFO - Downloading NIFTY daily history 2025-03-12 07:30:28.448520+00:00 2026-03-12 07:30:28.448520+00:00
2026-03-12 13:00:34,305 - data.historical_fetcher - INFO - Downloading SENSEX history 1m (last 7 days)
2026-03-12 13:00:35,079 - data.historical_fetcher - INFO - Downloading SENSEX history 5m (last 59 days)
2026-03-12 13:00:35,963 - data.historical_fetcher - INFO - Downloading SENSEX history 15m (last 59 days)
2026-03-12 13:00:37,302 - data.historical_fetcher - INFO - Downloading SENSEX daily history 2025-03-12 07:30:34.304869+00:00 2026-03-12 07:30:34.304869+00:00
2026-03-12 13:03:12,042 - api.api_server - INFO - Initializing schema...
2026-03-12 13:03:12,044 - data.data_storage - INFO - SQLite schema initialized at D:\Angel Trading\free_quant_scalping_ai\storage\market_data.sqlite
2026-03-12 13:03:12,045 - api.api_server - INFO - API server ready. Docs: http://localhost:8000/docs
2026-03-12 13:03:12,045 - data.historical_fetcher - INFO - Downloading NIFTY history 1m (last 7 days)
2026-03-12 13:03:12,047 - api.api_server - INFO - Main loop tick...
2026-03-12 13:03:12,048 - api.api_server - INFO - Fetching option chain for NIFTY
2026-03-12 13:03:13,636 - api.api_server - INFO - Fetching option chain for SENSEX
2026-03-12 13:03:16,046 - data.historical_fetcher - INFO - Downloading NIFTY history 5m (last 59 days)
2026-03-12 13:03:17,708 - data.historical_fetcher - INFO - Downloading NIFTY history 15m (last 59 days)
2026-03-12 13:03:18,324 - data.historical_fetcher - INFO - Downloading NIFTY daily history 2025-03-12 07:33:12.045701+00:00 2026-03-12 07:33:12.045701+00:00
2026-03-12 13:03:18,992 - data.historical_fetcher - INFO - Downloading SENSEX history 1m (last 7 days)
2026-03-12 13:03:19,905 - data.historical_fetcher - INFO - Downloading SENSEX history 5m (last 59 days)
2026-03-12 13:03:20,923 - data.historical_fetcher - INFO - Downloading SENSEX history 15m (last 59 days)
2026-03-12 13:03:21,514 - data.historical_fetcher - INFO - Downloading SENSEX daily history 2025-03-12 07:33:18.992971+00:00 2026-03-12 07:33:18.992971+00:00
2026-03-12 13:04:17,686 - api.api_server - INFO - Main loop tick...
2026-03-12 13:04:17,687 - api.api_server - INFO - Fetching option chain for NIFTY
2026-03-12 13:04:21,084 - api.api_server - INFO - Fetching option chain for SENSEX
2026-03-12 13:05:22,195 - api.api_server - INFO - Main loop tick...
2026-03-12 13:05:22,197 - api.api_server - INFO - Fetching option chain for NIFTY
2026-03-12 13:05:24,268 - api.api_server - INFO - Fetching option chain for SENSEX
2026-03-12 13:06:27,598 - api.api_server - INFO - Main loop tick...
2026-03-12 13:06:27,600 - api.api_server - INFO - Fetching option chain for NIFTY
2026-03-12 13:06:30,012 - api.api_server - INFO - Fetching option chain for SENSEX
2026-03-12 13:07:32,534 - api.api_server - INFO - Main loop tick...
2026-03-12 13:07:32,535 - api.api_server - INFO - Fetching option chain for NIFTY
2026-03-12 13:07:35,454 - data.nse_fetcher - WARNING - NSE option chain empty JSON for NIFTY
2026-03-12 13:07:35,477 - api.api_server - INFO - Fetching option chain for SENSEX
2026-03-12 13:08:38,728 - api.api_server - INFO - Main loop tick...
2026-03-12 13:08:38,729 - api.api_server - INFO - Fetching option chain for NIFTY
2026-03-12 13:08:40,719 - api.api_server - INFO - Fetching option chain for SENSEX
2026-03-12 13:09:30,236 - api.api_server - INFO - Initializing schema...
2026-03-12 13:09:30,237 - data.data_storage - INFO - SQLite schema initialized at D:\Angel Trading\free_quant_scalping_ai\storage\market_data.sqlite
2026-03-12 13:09:30,240 - api.api_server - INFO - API server ready. Docs: http://localhost:8000/docs
2026-03-12 13:09:30,239 - data.historical_fetcher - INFO - Downloading NIFTY history 1m (last 7 days)
2026-03-12 13:09:30,240 - api.api_server - INFO - Main loop tick...
2026-03-12 13:09:30,242 - api.api_server - INFO - Fetching option chain for NIFTY
2026-03-12 13:09:34,776 - data.nse_fetcher - WARNING - NSE option chain empty JSON for NIFTY
2026-03-12 13:09:34,926 - api.api_server - ERROR - Error in main loop for NIFTY: Execution failed on sql '
            SELECT *
            FROM option_chain
            WHERE symbol = ? AND ts = ?
        ': Error binding parameter 2: type 'NaTType' is not supported
Traceback (most recent call last):
  File "D:\Angel Trading\free_quant_scalping_ai\.venv\Lib\site-packages\pandas\io\sql.py", line 2702, in execute
    cur.execute(sql, *args)
sqlite3.ProgrammingError: Error binding parameter 2: type 'NaTType' is not supported

The above exception was the direct cause of the following exception:

Traceback (most recent call last):
  File "d:\Angel Trading\free_quant_scalping_ai\api\api_server.py", line 158, in main_loop
    await compute_for_symbol(symbol)
  File "d:\Angel Trading\free_quant_scalping_ai\api\api_server.py", line 108, in compute_for_symbol
    option_chain = latest_option_chain(symbol)
                   ^^^^^^^^^^^^^^^^^^^^^^^^^^^
  File "d:\Angel Trading\free_quant_scalping_ai\data\data_storage.py", line 181, in latest_option_chain
    df = pd.read_sql_query(
         ^^^^^^^^^^^^^^^^^^
  File "D:\Angel Trading\free_quant_scalping_ai\.venv\Lib\site-packages\pandas\io\sql.py", line 497, in read_sql_query
    return pandas_sql.read_query(
           ^^^^^^^^^^^^^^^^^^^^^^
  File "D:\Angel Trading\free_quant_scalping_ai\.venv\Lib\site-packages\pandas\io\sql.py", line 2766, in read_query
    cursor = self.execute(sql, params)
             ^^^^^^^^^^^^^^^^^^^^^^^^^
  File "D:\Angel Trading\free_quant_scalping_ai\.venv\Lib\site-packages\pandas\io\sql.py", line 2714, in execute
    raise ex from exc
pandas.errors.DatabaseError: Execution failed on sql '
            SELECT *
            FROM option_chain
            WHERE symbol = ? AND ts = ?
        ': Error binding parameter 2: type 'NaTType' is not supported
2026-03-12 13:09:34,930 - api.api_server - INFO - Fetching option chain for SENSEX
2026-03-12 13:09:35,803 - data.nse_fetcher - WARNING - NSE option chain empty JSON for SENSEX
2026-03-12 13:09:35,941 - api.api_server - ERROR - Error in main loop for SENSEX: Execution failed on sql '
            SELECT *
            FROM option_chain
            WHERE symbol = ? AND ts = ?
        ': Error binding parameter 2: type 'NaTType' is not supported
Traceback (most recent call last):
  File "D:\Angel Trading\free_quant_scalping_ai\.venv\Lib\site-packages\pandas\io\sql.py", line 2702, in execute
    cur.execute(sql, *args)
sqlite3.ProgrammingError: Error binding parameter 2: type 'NaTType' is not supported

The above exception was the direct cause of the following exception:

Traceback (most recent call last):
  File "d:\Angel Trading\free_quant_scalping_ai\api\api_server.py", line 158, in main_loop
    await compute_for_symbol(symbol)
  File "d:\Angel Trading\free_quant_scalping_ai\api\api_server.py", line 108, in compute_for_symbol
    option_chain = latest_option_chain(symbol)
                   ^^^^^^^^^^^^^^^^^^^^^^^^^^^
  File "d:\Angel Trading\free_quant_scalping_ai\data\data_storage.py", line 181, in latest_option_chain
    df = pd.read_sql_query(
         ^^^^^^^^^^^^^^^^^^
  File "D:\Angel Trading\free_quant_scalping_ai\.venv\Lib\site-packages\pandas\io\sql.py", line 497, in read_sql_query
    return pandas_sql.read_query(
           ^^^^^^^^^^^^^^^^^^^^^^
  File "D:\Angel Trading\free_quant_scalping_ai\.venv\Lib\site-packages\pandas\io\sql.py", line 2766, in read_query
    cursor = self.execute(sql, params)
             ^^^^^^^^^^^^^^^^^^^^^^^^^
  File "D:\Angel Trading\free_quant_scalping_ai\.venv\Lib\site-packages\pandas\io\sql.py", line 2714, in execute
    raise ex from exc
pandas.errors.DatabaseError: Execution failed on sql '
            SELECT *
            FROM option_chain
            WHERE symbol = ? AND ts = ?
        ': Error binding parameter 2: type 'NaTType' is not supported
2026-03-12 13:09:37,280 - data.historical_fetcher - INFO - Downloading NIFTY history 5m (last 59 days)
2026-03-12 13:09:40,091 - data.historical_fetcher - INFO - Downloading NIFTY history 15m (last 59 days)
2026-03-12 13:09:41,080 - data.historical_fetcher - INFO - Downloading NIFTY daily history 2025-03-12 07:39:30.239606+00:00 2026-03-12 07:39:30.239606+00:00
2026-03-12 13:09:42,137 - data.historical_fetcher - INFO - Downloading SENSEX history 1m (last 7 days)
2026-03-12 13:09:43,040 - data.historical_fetcher - INFO - Downloading SENSEX history 5m (last 59 days)
2026-03-12 13:09:45,212 - data.historical_fetcher - INFO - Downloading SENSEX history 15m (last 59 days)
2026-03-12 13:09:46,095 - data.historical_fetcher - INFO - Downloading SENSEX daily history 2025-03-12 07:39:42.137297+00:00 2026-03-12 07:39:42.137297+00:00
2026-03-12 13:10:34,115 - api.api_server - INFO - Initializing schema...
2026-03-12 13:10:34,119 - data.data_storage - INFO - SQLite schema initialized at D:\Angel Trading\free_quant_scalping_ai\storage\market_data.sqlite
2026-03-12 13:10:34,123 - api.api_server - INFO - API server ready. Docs: http://localhost:8000/docs
2026-03-12 13:10:34,123 - api.api_server - INFO - Main loop tick...
2026-03-12 13:10:34,123 - data.historical_fetcher - INFO - Downloading NIFTY history 1m (last 7 days)
2026-03-12 13:10:34,124 - api.api_server - INFO - Fetching option chain for NIFTY
2026-03-12 13:10:37,262 - data.nse_fetcher - WARNING - NSE option chain empty JSON for NIFTY
2026-03-12 13:10:37,552 - api.api_server - INFO - LIVE SIGNAL NIFTY price=23676.5 scalping={'symbol': 'NIFTY', 'index_price': 23676.5, 'trade': 'BUY_PE', 'strike': '23700 PE', 'entry': 20.0, 'target': 28.0, 'stoploss': 16.0, 'confidence': np.float64(75.0), 'generated_at': datetime.datetime(2026, 3, 12, 7, 40, 37, 546567, tzinfo=datetime.timezone.utc)} hero_zero=[] inst=None gamma={'gamma_walls': [], 'gamma_flip': None} expiry=None
2026-03-12 13:10:37,553 - api.api_server - INFO - Fetching option chain for SENSEX
2026-03-12 13:10:37,930 - data.nse_fetcher - WARNING - NSE option chain empty JSON for SENSEX
2026-03-12 13:10:38,205 - api.api_server - INFO - LIVE SIGNAL SENSEX price=76334.8515625 scalping={'symbol': 'SENSEX', 'index_price': 76334.8515625, 'trade': 'BUY_PE', 'strike': '76350 PE', 'entry': 20.0, 'target': 28.0, 'stoploss': 16.0, 'confidence': np.float64(75.0), 'generated_at': datetime.datetime(2026, 3, 12, 7, 40, 38, 191694, tzinfo=datetime.timezone.utc)} hero_zero=[] inst=None gamma={'gamma_walls': [], 'gamma_flip': None} expiry=None
2026-03-12 13:10:38,625 - data.historical_fetcher - INFO - Downloading NIFTY history 5m (last 59 days)
2026-03-12 13:10:42,116 - data.historical_fetcher - INFO - Downloading NIFTY history 15m (last 59 days)
2026-03-12 13:10:43,656 - data.historical_fetcher - INFO - Downloading NIFTY daily history 2025-03-12 07:40:34.122812+00:00 2026-03-12 07:40:34.122812+00:00
2026-03-12 13:10:44,453 - data.historical_fetcher - INFO - Downloading SENSEX history 1m (last 7 days)
2026-03-12 13:10:46,167 - data.historical_fetcher - INFO - Downloading SENSEX history 5m (last 59 days)
2026-03-12 13:10:48,225 - data.historical_fetcher - INFO - Downloading SENSEX history 15m (last 59 days)
2026-03-12 13:10:49,129 - data.historical_fetcher - INFO - Downloading SENSEX daily history 2025-03-12 07:40:44.452949+00:00 2026-03-12 07:40:44.452949+00:00
2026-03-12 13:11:38,223 - api.api_server - INFO - Main loop tick...
2026-03-12 13:11:38,226 - api.api_server - INFO - Fetching option chain for NIFTY
2026-03-12 13:11:38,530 - data.nse_fetcher - WARNING - NSE option chain empty JSON for NIFTY
2026-03-12 13:11:39,107 - api.api_server - INFO - LIVE SIGNAL NIFTY price=23682.55078125 scalping={'symbol': 'NIFTY', 'index_price': 23682.55078125, 'trade': 'BUY_PE', 'strike': '23700 PE', 'entry': 20.0, 'target': 28.0, 'stoploss': 16.0, 'confidence': np.float64(75.0), 'generated_at': datetime.datetime(2026, 3, 12, 7, 41, 39, 86106, tzinfo=datetime.timezone.utc)} hero_zero=[] inst=None gamma={'gamma_walls': [], 'gamma_flip': None} expiry=None
2026-03-12 13:11:39,108 - api.api_server - INFO - Fetching option chain for SENSEX
2026-03-12 13:11:39,573 - data.nse_fetcher - WARNING - NSE option chain empty JSON for SENSEX
2026-03-12 13:11:40,155 - api.api_server - INFO - LIVE SIGNAL SENSEX price=76320.34375 scalping={'symbol': 'SENSEX', 'index_price': 76320.34375, 'trade': 'BUY_PE', 'strike': '76300 PE', 'entry': 20.0, 'target': 28.0, 'stoploss': 16.0, 'confidence': np.float64(80.0), 'generated_at': datetime.datetime(2026, 3, 12, 7, 41, 40, 134912, tzinfo=datetime.timezone.utc)} hero_zero=[] inst=None gamma={'gamma_walls': [], 'gamma_flip': None} expiry=None
2026-03-12 13:12:40,182 - api.api_server - INFO - Main loop tick...
2026-03-12 13:12:40,185 - api.api_server - INFO - Fetching option chain for NIFTY
2026-03-12 13:12:40,648 - data.nse_fetcher - WARNING - NSE option chain empty JSON for NIFTY
2026-03-12 13:12:41,223 - api.api_server - INFO - LIVE SIGNAL NIFTY price=23682.55078125 scalping={'symbol': 'NIFTY', 'index_price': 23682.55078125, 'trade': 'BUY_PE', 'strike': '23700 PE', 'entry': 20.0, 'target': 28.0, 'stoploss': 16.0, 'confidence': np.float64(75.0), 'generated_at': datetime.datetime(2026, 3, 12, 7, 42, 41, 215612, tzinfo=datetime.timezone.utc)} hero_zero=[] inst=None gamma={'gamma_walls': [], 'gamma_flip': None} expiry=None
2026-03-12 13:12:41,224 - api.api_server - INFO - Fetching option chain for SENSEX
2026-03-12 13:12:41,630 - data.nse_fetcher - WARNING - NSE option chain empty JSON for SENSEX
2026-03-12 13:12:42,228 - api.api_server - INFO - LIVE SIGNAL SENSEX price=76320.34375 scalping={'symbol': 'SENSEX', 'index_price': 76320.34375, 'trade': 'BUY_PE', 'strike': '76300 PE', 'entry': 20.0, 'target': 28.0, 'stoploss': 16.0, 'confidence': np.float64(80.0), 'generated_at': datetime.datetime(2026, 3, 12, 7, 42, 42, 211684, tzinfo=datetime.timezone.utc)} hero_zero=[] inst=None gamma={'gamma_walls': [], 'gamma_flip': None} expiry=None
2026-03-12 13:13:42,216 - api.api_server - INFO - Main loop tick...
2026-03-12 13:13:42,217 - api.api_server - INFO - Fetching option chain for NIFTY
2026-03-12 13:13:43,410 - data.nse_fetcher - WARNING - NSE option chain empty JSON for NIFTY
2026-03-12 13:13:43,703 - api.api_server - INFO - LIVE SIGNAL NIFTY price=23682.55078125 scalping={'symbol': 'NIFTY', 'index_price': 23682.55078125, 'trade': 'BUY_PE', 'strike': '23700 PE', 'entry': 20.0, 'target': 28.0, 'stoploss': 16.0, 'confidence': np.float64(75.0), 'generated_at': datetime.datetime(2026, 3, 12, 7, 43, 43, 698273, tzinfo=datetime.timezone.utc)} hero_zero=[] inst=None gamma={'gamma_walls': [], 'gamma_flip': None} expiry=None
2026-03-12 13:13:43,704 - api.api_server - INFO - Fetching option chain for SENSEX
2026-03-12 13:13:44,573 - data.nse_fetcher - WARNING - NSE option chain empty JSON for SENSEX
2026-03-12 13:13:44,845 - api.api_server - INFO - LIVE SIGNAL SENSEX price=76320.34375 scalping={'symbol': 'SENSEX', 'index_price': 76320.34375, 'trade': 'BUY_PE', 'strike': '76300 PE', 'entry': 20.0, 'target': 28.0, 'stoploss': 16.0, 'confidence': np.float64(80.0), 'generated_at': datetime.datetime(2026, 3, 12, 7, 43, 44, 840581, tzinfo=datetime.timezone.utc)} hero_zero=[] inst=None gamma={'gamma_walls': [], 'gamma_flip': None} expiry=None
2026-03-12 13:14:44,835 - api.api_server - INFO - Main loop tick...
2026-03-12 13:14:44,836 - api.api_server - INFO - Fetching option chain for NIFTY
2026-03-12 13:14:45,095 - data.nse_fetcher - WARNING - NSE option chain empty JSON for NIFTY
2026-03-12 13:14:45,580 - api.api_server - INFO - LIVE SIGNAL NIFTY price=23682.55078125 scalping={'symbol': 'NIFTY', 'index_price': 23682.55078125, 'trade': 'BUY_PE', 'strike': '23700 PE', 'entry': 20.0, 'target': 28.0, 'stoploss': 16.0, 'confidence': np.float64(75.0), 'generated_at': datetime.datetime(2026, 3, 12, 7, 44, 45, 572547, tzinfo=datetime.timezone.utc)} hero_zero=[] inst=None gamma={'gamma_walls': [], 'gamma_flip': None} expiry=None
2026-03-12 13:14:45,580 - api.api_server - INFO - Fetching option chain for SENSEX
2026-03-12 13:14:48,085 - data.nse_fetcher - WARNING - NSE option chain empty JSON for SENSEX
2026-03-12 13:14:48,309 - api.api_server - INFO - LIVE SIGNAL SENSEX price=76320.34375 scalping={'symbol': 'SENSEX', 'index_price': 76320.34375, 'trade': 'BUY_PE', 'strike': '76300 PE', 'entry': 20.0, 'target': 28.0, 'stoploss': 16.0, 'confidence': np.float64(80.0), 'generated_at': datetime.datetime(2026, 3, 12, 7, 44, 48, 304179, tzinfo=datetime.timezone.utc)} hero_zero=[] inst=None gamma={'gamma_walls': [], 'gamma_flip': None} expiry=None
2026-03-12 13:15:48,326 - api.api_server - INFO - Main loop tick...
2026-03-12 13:15:48,327 - api.api_server - INFO - Fetching option chain for NIFTY
2026-03-12 13:15:49,096 - data.nse_fetcher - WARNING - NSE option chain empty JSON for NIFTY
2026-03-12 13:15:49,423 - api.api_server - INFO - LIVE SIGNAL NIFTY price=23682.55078125 scalping={'symbol': 'NIFTY', 'index_price': 23682.55078125, 'trade': 'BUY_PE', 'strike': '23700 PE', 'entry': 20.0, 'target': 28.0, 'stoploss': 16.0, 'confidence': np.float64(75.0), 'generated_at': datetime.datetime(2026, 3, 12, 7, 45, 49, 413253, tzinfo=datetime.timezone.utc)} hero_zero=[] inst=None gamma={'gamma_walls': [], 'gamma_flip': None} expiry=None
2026-03-12 13:15:49,424 - api.api_server - INFO - Fetching option chain for SENSEX
2026-03-12 13:15:50,581 - data.nse_fetcher - WARNING - NSE option chain empty JSON for SENSEX
2026-03-12 13:15:50,958 - api.api_server - INFO - LIVE SIGNAL SENSEX price=76320.34375 scalping={'symbol': 'SENSEX', 'index_price': 76320.34375, 'trade': 'BUY_PE', 'strike': '76300 PE', 'entry': 20.0, 'target': 28.0, 'stoploss': 16.0, 'confidence': np.float64(80.0), 'generated_at': datetime.datetime(2026, 3, 12, 7, 45, 50, 951479, tzinfo=datetime.timezone.utc)} hero_zero=[] inst=None gamma={'gamma_walls': [], 'gamma_flip': None} expiry=None
2026-03-12 13:16:50,961 - api.api_server - INFO - Main loop tick...
2026-03-12 13:16:50,961 - api.api_server - INFO - Fetching option chain for NIFTY
2026-03-12 13:16:52,581 - data.nse_fetcher - WARNING - NSE option chain empty JSON for NIFTY
2026-03-12 13:16:52,780 - api.api_server - INFO - LIVE SIGNAL NIFTY price=23682.55078125 scalping={'symbol': 'NIFTY', 'index_price': 23682.55078125, 'trade': 'BUY_PE', 'strike': '23700 PE', 'entry': 20.0, 'target': 28.0, 'stoploss': 16.0, 'confidence': np.float64(75.0), 'generated_at': datetime.datetime(2026, 3, 12, 7, 46, 52, 775843, tzinfo=datetime.timezone.utc)} hero_zero=[] inst=None gamma={'gamma_walls': [], 'gamma_flip': None} expiry=None
2026-03-12 13:16:52,780 - api.api_server - INFO - Fetching option chain for SENSEX
2026-03-12 13:16:53,259 - data.nse_fetcher - WARNING - NSE option chain empty JSON for SENSEX
2026-03-12 13:16:53,459 - api.api_server - INFO - LIVE SIGNAL SENSEX price=76320.34375 scalping={'symbol': 'SENSEX', 'index_price': 76320.34375, 'trade': 'BUY_PE', 'strike': '76300 PE', 'entry': 20.0, 'target': 28.0, 'stoploss': 16.0, 'confidence': np.float64(80.0), 'generated_at': datetime.datetime(2026, 3, 12, 7, 46, 53, 444246, tzinfo=datetime.timezone.utc)} hero_zero=[] inst=None gamma={'gamma_walls': [], 'gamma_flip': None} expiry=None
2026-03-12 13:17:53,451 - api.api_server - INFO - Main loop tick...
2026-03-12 13:17:53,452 - api.api_server - INFO - Fetching option chain for NIFTY
2026-03-12 13:18:03,456 - data.nse_fetcher - WARNING - Error fetching NSE option chain NIFTY: HTTPSConnectionPool(host='www.nseindia.com', port=443): Read timed out. (read timeout=10)
2026-03-12 13:18:03,654 - api.api_server - INFO - LIVE SIGNAL NIFTY price=23682.55078125 scalping={'symbol': 'NIFTY', 'index_price': 23682.55078125, 'trade': 'BUY_PE', 'strike': '23700 PE', 'entry': 20.0, 'target': 28.0, 'stoploss': 16.0, 'confidence': np.float64(75.0), 'generated_at': datetime.datetime(2026, 3, 12, 7, 48, 3, 648256, tzinfo=datetime.timezone.utc)} hero_zero=[] inst=None gamma={'gamma_walls': [], 'gamma_flip': None} expiry=None
2026-03-12 13:18:03,654 - api.api_server - INFO - Fetching option chain for SENSEX
2026-03-12 13:18:10,004 - data.nse_fetcher - WARNING - NSE option chain empty JSON for SENSEX
2026-03-12 13:18:10,225 - api.api_server - INFO - LIVE SIGNAL SENSEX price=76320.34375 scalping={'symbol': 'SENSEX', 'index_price': 76320.34375, 'trade': 'BUY_PE', 'strike': '76300 PE', 'entry': 20.0, 'target': 28.0, 'stoploss': 16.0, 'confidence': np.float64(80.0), 'generated_at': datetime.datetime(2026, 3, 12, 7, 48, 10, 210710, tzinfo=datetime.timezone.utc)} hero_zero=[] inst=None gamma={'gamma_walls': [], 'gamma_flip': None} expiry=None
2026-03-12 13:19:10,226 - api.api_server - INFO - Main loop tick...
2026-03-12 13:19:10,226 - api.api_server - INFO - Fetching option chain for NIFTY
2026-03-12 13:19:10,321 - data.nse_fetcher - WARNING - NSE option chain empty JSON for NIFTY
2026-03-12 13:19:10,574 - api.api_server - INFO - LIVE SIGNAL NIFTY price=23682.55078125 scalping={'symbol': 'NIFTY', 'index_price': 23682.55078125, 'trade': 'BUY_PE', 'strike': '23700 PE', 'entry': 20.0, 'target': 28.0, 'stoploss': 16.0, 'confidence': np.float64(75.0), 'generated_at': datetime.datetime(2026, 3, 12, 7, 49, 10, 570989, tzinfo=datetime.timezone.utc)} hero_zero=[] inst=None gamma={'gamma_walls': [], 'gamma_flip': None} expiry=None
2026-03-12 13:19:10,575 - api.api_server - INFO - Fetching option chain for SENSEX
2026-03-12 13:19:11,060 - data.nse_fetcher - WARNING - NSE option chain empty JSON for SENSEX
2026-03-12 13:19:11,355 - api.api_server - INFO - LIVE SIGNAL SENSEX price=76320.34375 scalping={'symbol': 'SENSEX', 'index_price': 76320.34375, 'trade': 'BUY_PE', 'strike': '76300 PE', 'entry': 20.0, 'target': 28.0, 'stoploss': 16.0, 'confidence': np.float64(80.0), 'generated_at': datetime.datetime(2026, 3, 12, 7, 49, 11, 350693, tzinfo=datetime.timezone.utc)} hero_zero=[] inst=None gamma={'gamma_walls': [], 'gamma_flip': None} expiry=None
2026-03-12 13:20:11,371 - api.api_server - INFO - Main loop tick...
2026-03-12 13:20:11,371 - api.api_server - INFO - Fetching option chain for NIFTY
2026-03-12 13:20:11,661 - data.nse_fetcher - WARNING - NSE option chain empty JSON for NIFTY
2026-03-12 13:20:11,872 - api.api_server - INFO - LIVE SIGNAL NIFTY price=23682.55078125 scalping={'symbol': 'NIFTY', 'index_price': 23682.55078125, 'trade': 'BUY_PE', 'strike': '23700 PE', 'entry': 20.0, 'target': 28.0, 'stoploss': 16.0, 'confidence': np.float64(75.0), 'generated_at': datetime.datetime(2026, 3, 12, 7, 50, 11, 867339, tzinfo=datetime.timezone.utc)} hero_zero=[] inst=None gamma={'gamma_walls': [], 'gamma_flip': None} expiry=None
2026-03-12 13:20:11,872 - api.api_server - INFO - Fetching option chain for SENSEX
2026-03-12 13:20:12,227 - data.nse_fetcher - WARNING - NSE option chain empty JSON for SENSEX
2026-03-12 13:20:12,468 - api.api_server - INFO - LIVE SIGNAL SENSEX price=76320.34375 scalping={'symbol': 'SENSEX', 'index_price': 76320.34375, 'trade': 'BUY_PE', 'strike': '76300 PE', 'entry': 20.0, 'target': 28.0, 'stoploss': 16.0, 'confidence': np.float64(80.0), 'generated_at': datetime.datetime(2026, 3, 12, 7, 50, 12, 452351, tzinfo=datetime.timezone.utc)} hero_zero=[] inst=None gamma={'gamma_walls': [], 'gamma_flip': None} expiry=None
2026-03-12 13:21:12,481 - api.api_server - INFO - Main loop tick...
2026-03-12 13:21:12,483 - api.api_server - INFO - Fetching option chain for NIFTY
2026-03-12 13:21:12,612 - data.nse_fetcher - WARNING - NSE option chain empty JSON for NIFTY
2026-03-12 13:21:12,869 - api.api_server - INFO - LIVE SIGNAL NIFTY price=23682.55078125 scalping={'symbol': 'NIFTY', 'index_price': 23682.55078125, 'trade': 'BUY_PE', 'strike': '23700 PE', 'entry': 20.0, 'target': 28.0, 'stoploss': 16.0, 'confidence': np.float64(75.0), 'generated_at': datetime.datetime(2026, 3, 12, 7, 51, 12, 862222, tzinfo=datetime.timezone.utc)} hero_zero=[] inst=None gamma={'gamma_walls': [], 'gamma_flip': None} expiry=None
2026-03-12 13:21:12,870 - api.api_server - INFO - Fetching option chain for SENSEX
2026-03-12 13:21:13,295 - data.nse_fetcher - WARNING - NSE option chain empty JSON for SENSEX
2026-03-12 13:21:13,535 - api.api_server - INFO - LIVE SIGNAL SENSEX price=76320.34375 scalping={'symbol': 'SENSEX', 'index_price': 76320.34375, 'trade': 'BUY_PE', 'strike': '76300 PE', 'entry': 20.0, 'target': 28.0, 'stoploss': 16.0, 'confidence': np.float64(80.0), 'generated_at': datetime.datetime(2026, 3, 12, 7, 51, 13, 529310, tzinfo=datetime.timezone.utc)} hero_zero=[] inst=None gamma={'gamma_walls': [], 'gamma_flip': None} expiry=None
2026-03-12 13:22:13,537 - api.api_server - INFO - Main loop tick...
2026-03-12 13:22:13,538 - api.api_server - INFO - Fetching option chain for NIFTY
2026-03-12 13:22:15,020 - data.nse_fetcher - WARNING - NSE option chain empty JSON for NIFTY
2026-03-12 13:22:15,458 - api.api_server - INFO - LIVE SIGNAL NIFTY price=23682.55078125 scalping={'symbol': 'NIFTY', 'index_price': 23682.55078125, 'trade': 'BUY_PE', 'strike': '23700 PE', 'entry': 20.0, 'target': 28.0, 'stoploss': 16.0, 'confidence': np.float64(75.0), 'generated_at': datetime.datetime(2026, 3, 12, 7, 52, 15, 441531, tzinfo=datetime.timezone.utc)} hero_zero=[] inst=None gamma={'gamma_walls': [], 'gamma_flip': None} expiry=None
2026-03-12 13:22:15,458 - api.api_server - INFO - Fetching option chain for SENSEX
2026-03-12 13:22:17,452 - data.nse_fetcher - WARNING - NSE option chain empty JSON for SENSEX
2026-03-12 13:22:17,927 - api.api_server - INFO - LIVE SIGNAL SENSEX price=76320.34375 scalping={'symbol': 'SENSEX', 'index_price': 76320.34375, 'trade': 'BUY_PE', 'strike': '76300 PE', 'entry': 20.0, 'target': 28.0, 'stoploss': 16.0, 'confidence': np.float64(80.0), 'generated_at': datetime.datetime(2026, 3, 12, 7, 52, 17, 904880, tzinfo=datetime.timezone.utc)} hero_zero=[] inst=None gamma={'gamma_walls': [], 'gamma_flip': None} expiry=None
2026-03-12 13:23:17,931 - api.api_server - INFO - Main loop tick...
2026-03-12 13:23:17,931 - api.api_server - INFO - Fetching option chain for NIFTY
2026-03-12 13:23:18,158 - data.nse_fetcher - WARNING - NSE option chain empty JSON for NIFTY
2026-03-12 13:23:18,434 - api.api_server - INFO - LIVE SIGNAL NIFTY price=23682.55078125 scalping={'symbol': 'NIFTY', 'index_price': 23682.55078125, 'trade': 'BUY_PE', 'strike': '23700 PE', 'entry': 20.0, 'target': 28.0, 'stoploss': 16.0, 'confidence': np.float64(75.0), 'generated_at': datetime.datetime(2026, 3, 12, 7, 53, 18, 428117, tzinfo=datetime.timezone.utc)} hero_zero=[] inst=None gamma={'gamma_walls': [], 'gamma_flip': None} expiry=None
2026-03-12 13:23:18,435 - api.api_server - INFO - Fetching option chain for SENSEX
2026-03-12 13:23:18,798 - data.nse_fetcher - WARNING - NSE option chain empty JSON for SENSEX
2026-03-12 13:23:19,053 - api.api_server - INFO - LIVE SIGNAL SENSEX price=76320.34375 scalping={'symbol': 'SENSEX', 'index_price': 76320.34375, 'trade': 'BUY_PE', 'strike': '76300 PE', 'entry': 20.0, 'target': 28.0, 'stoploss': 16.0, 'confidence': np.float64(80.0), 'generated_at': datetime.datetime(2026, 3, 12, 7, 53, 19, 49291, tzinfo=datetime.timezone.utc)} hero_zero=[] inst=None gamma={'gamma_walls': [], 'gamma_flip': None} expiry=None
2026-03-12 13:24:19,065 - api.api_server - INFO - Main loop tick...
2026-03-12 13:24:19,065 - api.api_server - INFO - Fetching option chain for NIFTY
2026-03-12 13:24:19,362 - data.nse_fetcher - WARNING - NSE option chain empty JSON for NIFTY
2026-03-12 13:24:19,601 - api.api_server - INFO - LIVE SIGNAL NIFTY price=23682.55078125 scalping={'symbol': 'NIFTY', 'index_price': 23682.55078125, 'trade': 'BUY_PE', 'strike': '23700 PE', 'entry': 20.0, 'target': 28.0, 'stoploss': 16.0, 'confidence': np.float64(75.0), 'generated_at': datetime.datetime(2026, 3, 12, 7, 54, 19, 587317, tzinfo=datetime.timezone.utc)} hero_zero=[] inst=None gamma={'gamma_walls': [], 'gamma_flip': None} expiry=None
2026-03-12 13:24:19,601 - api.api_server - INFO - Fetching option chain for SENSEX
2026-03-12 13:24:20,006 - data.nse_fetcher - WARNING - NSE option chain empty JSON for SENSEX
2026-03-12 13:24:20,258 - api.api_server - INFO - LIVE SIGNAL SENSEX price=76320.34375 scalping={'symbol': 'SENSEX', 'index_price': 76320.34375, 'trade': 'BUY_PE', 'strike': '76300 PE', 'entry': 20.0, 'target': 28.0, 'stoploss': 16.0, 'confidence': np.float64(80.0), 'generated_at': datetime.datetime(2026, 3, 12, 7, 54, 20, 231655, tzinfo=datetime.timezone.utc)} hero_zero=[] inst=None gamma={'gamma_walls': [], 'gamma_flip': None} expiry=None
2026-03-12 13:25:20,272 - api.api_server - INFO - Main loop tick...
2026-03-12 13:25:20,273 - api.api_server - INFO - Fetching option chain for NIFTY
2026-03-12 13:25:20,369 - data.nse_fetcher - WARNING - NSE option chain empty JSON for NIFTY
2026-03-12 13:25:20,649 - api.api_server - INFO - LIVE SIGNAL NIFTY price=23682.55078125 scalping={'symbol': 'NIFTY', 'index_price': 23682.55078125, 'trade': 'BUY_PE', 'strike': '23700 PE', 'entry': 20.0, 'target': 28.0, 'stoploss': 16.0, 'confidence': np.float64(75.0), 'generated_at': datetime.datetime(2026, 3, 12, 7, 55, 20, 644551, tzinfo=datetime.timezone.utc)} hero_zero=[] inst=None gamma={'gamma_walls': [], 'gamma_flip': None} expiry=None
2026-03-12 13:25:20,650 - api.api_server - INFO - Fetching option chain for SENSEX
2026-03-12 13:25:20,780 - data.nse_fetcher - WARNING - NSE option chain empty JSON for SENSEX
2026-03-12 13:25:21,035 - api.api_server - INFO - LIVE SIGNAL SENSEX price=76320.34375 scalping={'symbol': 'SENSEX', 'index_price': 76320.34375, 'trade': 'BUY_PE', 'strike': '76300 PE', 'entry': 20.0, 'target': 28.0, 'stoploss': 16.0, 'confidence': np.float64(80.0), 'generated_at': datetime.datetime(2026, 3, 12, 7, 55, 21, 21283, tzinfo=datetime.timezone.utc)} hero_zero=[] inst=None gamma={'gamma_walls': [], 'gamma_flip': None} expiry=None
2026-03-12 13:26:21,061 - api.api_server - INFO - Main loop tick...
2026-03-12 13:26:21,063 - api.api_server - INFO - Fetching option chain for NIFTY
2026-03-12 13:26:21,222 - data.nse_fetcher - WARNING - NSE option chain empty JSON for NIFTY
2026-03-12 13:26:21,609 - api.api_server - INFO - LIVE SIGNAL NIFTY price=23682.55078125 scalping={'symbol': 'NIFTY', 'index_price': 23682.55078125, 'trade': 'BUY_PE', 'strike': '23700 PE', 'entry': 20.0, 'target': 28.0, 'stoploss': 16.0, 'confidence': np.float64(75.0), 'generated_at': datetime.datetime(2026, 3, 12, 7, 56, 21, 584101, tzinfo=datetime.timezone.utc)} hero_zero=[] inst=None gamma={'gamma_walls': [], 'gamma_flip': None} expiry=None
2026-03-12 13:26:21,610 - api.api_server - INFO - Fetching option chain for SENSEX
2026-03-12 13:26:22,016 - data.nse_fetcher - WARNING - NSE option chain empty JSON for SENSEX
2026-03-12 13:26:22,379 - api.api_server - INFO - LIVE SIGNAL SENSEX price=76320.34375 scalping={'symbol': 'SENSEX', 'index_price': 76320.34375, 'trade': 'BUY_PE', 'strike': '76300 PE', 'entry': 20.0, 'target': 28.0, 'stoploss': 16.0, 'confidence': np.float64(80.0), 'generated_at': datetime.datetime(2026, 3, 12, 7, 56, 22, 364124, tzinfo=datetime.timezone.utc)} hero_zero=[] inst=None gamma={'gamma_walls': [], 'gamma_flip': None} expiry=None
2026-03-12 13:27:22,395 - api.api_server - INFO - Main loop tick...
2026-03-12 13:27:22,396 - api.api_server - INFO - Fetching option chain for NIFTY
2026-03-12 13:27:22,510 - data.nse_fetcher - WARNING - NSE option chain empty JSON for NIFTY
2026-03-12 13:27:22,873 - api.api_server - INFO - LIVE SIGNAL NIFTY price=23682.55078125 scalping={'symbol': 'NIFTY', 'index_price': 23682.55078125, 'trade': 'BUY_PE', 'strike': '23700 PE', 'entry': 20.0, 'target': 28.0, 'stoploss': 16.0, 'confidence': np.float64(75.0), 'generated_at': datetime.datetime(2026, 3, 12, 7, 57, 22, 850326, tzinfo=datetime.timezone.utc)} hero_zero=[] inst=None gamma={'gamma_walls': [], 'gamma_flip': None} expiry=None
2026-03-12 13:27:22,875 - api.api_server - INFO - Fetching option chain for SENSEX
2026-03-12 13:27:23,211 - data.nse_fetcher - WARNING - NSE option chain empty JSON for SENSEX
2026-03-12 13:27:23,571 - api.api_server - INFO - LIVE SIGNAL SENSEX price=76320.34375 scalping={'symbol': 'SENSEX', 'index_price': 76320.34375, 'trade': 'BUY_PE', 'strike': '76300 PE', 'entry': 20.0, 'target': 28.0, 'stoploss': 16.0, 'confidence': np.float64(80.0), 'generated_at': datetime.datetime(2026, 3, 12, 7, 57, 23, 551165, tzinfo=datetime.timezone.utc)} hero_zero=[] inst=None gamma={'gamma_walls': [], 'gamma_flip': None} expiry=None
2026-03-12 13:28:23,578 - api.api_server - INFO - Main loop tick...
2026-03-12 13:28:23,579 - api.api_server - INFO - Fetching option chain for NIFTY
2026-03-12 13:28:24,207 - data.nse_fetcher - WARNING - NSE option chain empty JSON for NIFTY
2026-03-12 13:28:24,404 - api.api_server - INFO - LIVE SIGNAL NIFTY price=23682.55078125 scalping={'symbol': 'NIFTY', 'index_price': 23682.55078125, 'trade': 'BUY_PE', 'strike': '23700 PE', 'entry': 20.0, 'target': 28.0, 'stoploss': 16.0, 'confidence': np.float64(75.0), 'generated_at': datetime.datetime(2026, 3, 12, 7, 58, 24, 398629, tzinfo=datetime.timezone.utc)} hero_zero=[] inst=None gamma={'gamma_walls': [], 'gamma_flip': None} expiry=None
2026-03-12 13:28:24,405 - api.api_server - INFO - Fetching option chain for SENSEX
2026-03-12 13:28:24,834 - data.nse_fetcher - WARNING - NSE option chain empty JSON for SENSEX
2026-03-12 13:28:25,066 - api.api_server - INFO - LIVE SIGNAL SENSEX price=76320.34375 scalping={'symbol': 'SENSEX', 'index_price': 76320.34375, 'trade': 'BUY_PE', 'strike': '76300 PE', 'entry': 20.0, 'target': 28.0, 'stoploss': 16.0, 'confidence': np.float64(80.0), 'generated_at': datetime.datetime(2026, 3, 12, 7, 58, 25, 61885, tzinfo=datetime.timezone.utc)} hero_zero=[] inst=None gamma={'gamma_walls': [], 'gamma_flip': None} expiry=None
2026-03-12 13:29:25,078 - api.api_server - INFO - Main loop tick...
2026-03-12 13:29:25,078 - api.api_server - INFO - Fetching option chain for NIFTY
2026-03-12 13:29:25,324 - data.nse_fetcher - WARNING - NSE option chain empty JSON for NIFTY
2026-03-12 13:29:25,557 - api.api_server - INFO - LIVE SIGNAL NIFTY price=23682.55078125 scalping={'symbol': 'NIFTY', 'index_price': 23682.55078125, 'trade': 'BUY_PE', 'strike': '23700 PE', 'entry': 20.0, 'target': 28.0, 'stoploss': 16.0, 'confidence': np.float64(75.0), 'generated_at': datetime.datetime(2026, 3, 12, 7, 59, 25, 543159, tzinfo=datetime.timezone.utc)} hero_zero=[] inst=None gamma={'gamma_walls': [], 'gamma_flip': None} expiry=None
2026-03-12 13:29:25,557 - api.api_server - INFO - Fetching option chain for SENSEX
2026-03-12 13:29:25,974 - data.nse_fetcher - WARNING - NSE option chain empty JSON for SENSEX
2026-03-12 13:29:26,349 - api.api_server - INFO - LIVE SIGNAL SENSEX price=76320.34375 scalping={'symbol': 'SENSEX', 'index_price': 76320.34375, 'trade': 'BUY_PE', 'strike': '76300 PE', 'entry': 20.0, 'target': 28.0, 'stoploss': 16.0, 'confidence': np.float64(80.0), 'generated_at': datetime.datetime(2026, 3, 12, 7, 59, 26, 331112, tzinfo=datetime.timezone.utc)} hero_zero=[] inst=None gamma={'gamma_walls': [], 'gamma_flip': None} expiry=None
2026-03-12 13:30:05,166 - api.api_server - INFO - Initializing schema...
2026-03-12 13:30:05,170 - data.data_storage - INFO - SQLite schema initialized at D:\Angel Trading\free_quant_scalping_ai\storage\market_data.sqlite
2026-03-12 13:30:05,174 - api.api_server - INFO - API server ready. Docs: http://localhost:8000/docs
2026-03-12 13:30:05,174 - data.historical_fetcher - INFO - Downloading NIFTY history 1m (last 7 days)
2026-03-12 13:30:05,174 - api.api_server - INFO - Main loop tick...
2026-03-12 13:30:05,175 - api.api_server - INFO - Fetching option chain for NIFTY
2026-03-12 13:30:06,407 - data.nse_fetcher - WARNING - NSE option chain empty JSON for NIFTY
2026-03-12 13:30:06,645 - api.api_server - INFO - LIVE SIGNAL NIFTY price=23682.55078125 scalping={'symbol': 'NIFTY', 'index_price': 23682.55078125, 'trade': 'BUY_PE', 'strike': '23700 PE', 'entry': 20.0, 'target': 28.0, 'stoploss': 16.0, 'confidence': np.float64(75.0), 'generated_at': datetime.datetime(2026, 3, 12, 8, 0, 6, 640741, tzinfo=datetime.timezone.utc)} hero_zero=[] inst=None gamma={'gamma_walls': [], 'gamma_flip': None} expiry=None
2026-03-12 13:30:06,646 - api.api_server - INFO - Fetching option chain for SENSEX
2026-03-12 13:30:07,004 - data.nse_fetcher - WARNING - NSE option chain empty JSON for SENSEX
2026-03-12 13:30:07,213 - api.api_server - INFO - LIVE SIGNAL SENSEX price=76320.34375 scalping={'symbol': 'SENSEX', 'index_price': 76320.34375, 'trade': 'BUY_PE', 'strike': '76300 PE', 'entry': 20.0, 'target': 28.0, 'stoploss': 16.0, 'confidence': np.float64(80.0), 'generated_at': datetime.datetime(2026, 3, 12, 8, 0, 7, 208450, tzinfo=datetime.timezone.utc)} hero_zero=[] inst=None gamma={'gamma_walls': [], 'gamma_flip': None} expiry=None
2026-03-12 13:30:11,779 - data.historical_fetcher - INFO - Downloading NIFTY history 5m (last 59 days)
2026-03-12 13:30:11,792 - data.historical_fetcher - INFO - Downloading NIFTY history 15m (last 59 days)
2026-03-12 13:30:11,805 - data.historical_fetcher - INFO - Downloading NIFTY daily history 2025-03-12 08:00:05.173282+00:00 2026-03-12 08:00:05.173282+00:00
2026-03-12 13:30:11,817 - data.historical_fetcher - INFO - Downloading SENSEX history 1m (last 7 days)
2026-03-12 13:30:15,380 - data.historical_fetcher - INFO - Downloading SENSEX history 5m (last 59 days)
2026-03-12 13:30:15,393 - data.historical_fetcher - INFO - Downloading SENSEX history 15m (last 59 days)
2026-03-12 13:30:15,405 - data.historical_fetcher - INFO - Downloading SENSEX daily history 2025-03-12 08:00:11.817848+00:00 2026-03-12 08:00:11.817848+00:00
2026-03-12 13:31:07,223 - api.api_server - INFO - Main loop tick...
2026-03-12 13:31:07,225 - api.api_server - INFO - Fetching option chain for NIFTY
2026-03-12 13:31:07,412 - data.nse_fetcher - WARNING - NSE option chain empty JSON for NIFTY
2026-03-12 13:31:07,638 - api.api_server - INFO - LIVE SIGNAL NIFTY price=23682.55078125 scalping={'symbol': 'NIFTY', 'index_price': 23682.55078125, 'trade': 'BUY_PE', 'strike': '23700 PE', 'entry': 20.0, 'target': 28.0, 'stoploss': 16.0, 'confidence': np.float64(75.0), 'generated_at': datetime.datetime(2026, 3, 12, 8, 1, 7, 622812, tzinfo=datetime.timezone.utc)} hero_zero=[] inst=None gamma={'gamma_walls': [], 'gamma_flip': None} expiry=None
2026-03-12 13:31:07,638 - api.api_server - INFO - Fetching option chain for SENSEX
2026-03-12 13:31:07,910 - data.nse_fetcher - WARNING - NSE option chain empty JSON for SENSEX
2026-03-12 13:31:08,122 - api.api_server - INFO - LIVE SIGNAL SENSEX price=76320.34375 scalping={'symbol': 'SENSEX', 'index_price': 76320.34375, 'trade': 'BUY_PE', 'strike': '76300 PE', 'entry': 20.0, 'target': 28.0, 'stoploss': 16.0, 'confidence': np.float64(80.0), 'generated_at': datetime.datetime(2026, 3, 12, 8, 1, 8, 106941, tzinfo=datetime.timezone.utc)} hero_zero=[] inst=None gamma={'gamma_walls': [], 'gamma_flip': None} expiry=None
2026-03-12 13:32:08,147 - api.api_server - INFO - Main loop tick...
2026-03-12 13:32:08,152 - api.api_server - INFO - Fetching option chain for NIFTY
2026-03-12 13:32:08,235 - data.nse_fetcher - WARNING - NSE option chain empty JSON for NIFTY
2026-03-12 13:32:08,476 - api.api_server - INFO - LIVE SIGNAL NIFTY price=23682.55078125 scalping={'symbol': 'NIFTY', 'index_price': 23682.55078125, 'trade': 'BUY_PE', 'strike': '23700 PE', 'entry': 20.0, 'target': 28.0, 'stoploss': 16.0, 'confidence': np.float64(75.0), 'generated_at': datetime.datetime(2026, 3, 12, 8, 2, 8, 445428, tzinfo=datetime.timezone.utc)} hero_zero=[] inst=None gamma={'gamma_walls': [], 'gamma_flip': None} expiry=None
2026-03-12 13:32:08,476 - api.api_server - INFO - Fetching option chain for SENSEX
2026-03-12 13:32:08,903 - data.nse_fetcher - WARNING - NSE option chain empty JSON for SENSEX
2026-03-12 13:32:09,110 - api.api_server - INFO - LIVE SIGNAL SENSEX price=76320.34375 scalping={'symbol': 'SENSEX', 'index_price': 76320.34375, 'trade': 'BUY_PE', 'strike': '76300 PE', 'entry': 20.0, 'target': 28.0, 'stoploss': 16.0, 'confidence': np.float64(80.0), 'generated_at': datetime.datetime(2026, 3, 12, 8, 2, 9, 93843, tzinfo=datetime.timezone.utc)} hero_zero=[] inst=None gamma={'gamma_walls': [], 'gamma_flip': None} expiry=None
2026-03-12 13:33:09,124 - api.api_server - INFO - Main loop tick...
2026-03-12 13:33:09,125 - api.api_server - INFO - Fetching option chain for NIFTY
2026-03-12 13:33:09,300 - data.nse_fetcher - WARNING - NSE option chain empty JSON for NIFTY
2026-03-12 13:33:09,548 - api.api_server - INFO - LIVE SIGNAL NIFTY price=23682.55078125 scalping={'symbol': 'NIFTY', 'index_price': 23682.55078125, 'trade': 'BUY_PE', 'strike': '23700 PE', 'entry': 20.0, 'target': 28.0, 'stoploss': 16.0, 'confidence': np.float64(75.0), 'generated_at': datetime.datetime(2026, 3, 12, 8, 3, 9, 523436, tzinfo=datetime.timezone.utc)} hero_zero=[] inst=None gamma={'gamma_walls': [], 'gamma_flip': None} expiry=None
2026-03-12 13:33:09,549 - api.api_server - INFO - Fetching option chain for SENSEX
2026-03-12 13:33:09,999 - data.nse_fetcher - WARNING - NSE option chain empty JSON for SENSEX
2026-03-12 13:33:10,185 - api.api_server - INFO - LIVE SIGNAL SENSEX price=76320.34375 scalping={'symbol': 'SENSEX', 'index_price': 76320.34375, 'trade': 'BUY_PE', 'strike': '76300 PE', 'entry': 20.0, 'target': 28.0, 'stoploss': 16.0, 'confidence': np.float64(80.0), 'generated_at': datetime.datetime(2026, 3, 12, 8, 3, 10, 179971, tzinfo=datetime.timezone.utc)} hero_zero=[] inst=None gamma={'gamma_walls': [], 'gamma_flip': None} expiry=None
2026-03-12 13:34:10,210 - api.api_server - INFO - Main loop tick...
2026-03-12 13:34:10,210 - api.api_server - INFO - Fetching option chain for NIFTY
2026-03-12 13:34:10,300 - data.nse_fetcher - WARNING - NSE option chain empty JSON for NIFTY
2026-03-12 13:34:10,706 - api.api_server - INFO - LIVE SIGNAL NIFTY price=23682.55078125 scalping={'symbol': 'NIFTY', 'index_price': 23682.55078125, 'trade': 'BUY_PE', 'strike': '23700 PE', 'entry': 20.0, 'target': 28.0, 'stoploss': 16.0, 'confidence': np.float64(75.0), 'generated_at': datetime.datetime(2026, 3, 12, 8, 4, 10, 694442, tzinfo=datetime.timezone.utc)} hero_zero=[] inst=None gamma={'gamma_walls': [], 'gamma_flip': None} expiry=None
2026-03-12 13:34:10,707 - api.api_server - INFO - Fetching option chain for SENSEX
2026-03-12 13:34:11,038 - data.nse_fetcher - WARNING - NSE option chain empty JSON for SENSEX
2026-03-12 13:34:11,374 - api.api_server - INFO - LIVE SIGNAL SENSEX price=76320.34375 scalping={'symbol': 'SENSEX', 'index_price': 76320.34375, 'trade': 'BUY_PE', 'strike': '76300 PE', 'entry': 20.0, 'target': 28.0, 'stoploss': 16.0, 'confidence': np.float64(80.0), 'generated_at': datetime.datetime(2026, 3, 12, 8, 4, 11, 370611, tzinfo=datetime.timezone.utc)} hero_zero=[] inst=None gamma={'gamma_walls': [], 'gamma_flip': None} expiry=None
2026-03-12 13:35:11,387 - api.api_server - INFO - Main loop tick...
2026-03-12 13:35:11,388 - api.api_server - INFO - Fetching option chain for NIFTY
2026-03-12 13:35:11,551 - data.nse_fetcher - WARNING - NSE option chain empty JSON for NIFTY
2026-03-12 13:35:11,815 - api.api_server - INFO - LIVE SIGNAL NIFTY price=23682.55078125 scalping={'symbol': 'NIFTY', 'index_price': 23682.55078125, 'trade': 'BUY_PE', 'strike': '23700 PE', 'entry': 20.0, 'target': 28.0, 'stoploss': 16.0, 'confidence': np.float64(75.0), 'generated_at': datetime.datetime(2026, 3, 12, 8, 5, 11, 796290, tzinfo=datetime.timezone.utc)} hero_zero=[] inst=None gamma={'gamma_walls': [], 'gamma_flip': None} expiry=None
2026-03-12 13:35:11,816 - api.api_server - INFO - Fetching option chain for SENSEX
2026-03-12 13:35:12,132 - data.nse_fetcher - WARNING - NSE option chain empty JSON for SENSEX
2026-03-12 13:35:12,349 - api.api_server - INFO - LIVE SIGNAL SENSEX price=76320.34375 scalping={'symbol': 'SENSEX', 'index_price': 76320.34375, 'trade': 'BUY_PE', 'strike': '76300 PE', 'entry': 20.0, 'target': 28.0, 'stoploss': 16.0, 'confidence': np.float64(80.0), 'generated_at': datetime.datetime(2026, 3, 12, 8, 5, 12, 336883, tzinfo=datetime.timezone.utc)} hero_zero=[] inst=None gamma={'gamma_walls': [], 'gamma_flip': None} expiry=None
2026-03-12 13:36:12,345 - api.api_server - INFO - Main loop tick...
2026-03-12 13:36:12,347 - api.api_server - INFO - Fetching option chain for NIFTY
2026-03-12 13:36:12,507 - data.nse_fetcher - WARNING - NSE option chain empty JSON for NIFTY
2026-03-12 13:36:12,739 - api.api_server - INFO - LIVE SIGNAL NIFTY price=23682.55078125 scalping={'symbol': 'NIFTY', 'index_price': 23682.55078125, 'trade': 'BUY_PE', 'strike': '23700 PE', 'entry': 20.0, 'target': 28.0, 'stoploss': 16.0, 'confidence': np.float64(75.0), 'generated_at': datetime.datetime(2026, 3, 12, 8, 6, 12, 724153, tzinfo=datetime.timezone.utc)} hero_zero=[] inst=None gamma={'gamma_walls': [], 'gamma_flip': None} expiry=None
2026-03-12 13:36:12,739 - api.api_server - INFO - Fetching option chain for SENSEX
2026-03-12 13:36:13,057 - data.nse_fetcher - WARNING - NSE option chain empty JSON for SENSEX
2026-03-12 13:36:13,268 - api.api_server - INFO - LIVE SIGNAL SENSEX price=76320.34375 scalping={'symbol': 'SENSEX', 'index_price': 76320.34375, 'trade': 'BUY_PE', 'strike': '76300 PE', 'entry': 20.0, 'target': 28.0, 'stoploss': 16.0, 'confidence': np.float64(80.0), 'generated_at': datetime.datetime(2026, 3, 12, 8, 6, 13, 252977, tzinfo=datetime.timezone.utc)} hero_zero=[] inst=None gamma={'gamma_walls': [], 'gamma_flip': None} expiry=None
2026-03-12 13:37:13,270 - api.api_server - INFO - Main loop tick...
2026-03-12 13:37:13,270 - api.api_server - INFO - Fetching option chain for NIFTY
2026-03-12 13:37:13,385 - data.nse_fetcher - WARNING - NSE option chain empty JSON for NIFTY
2026-03-12 13:37:13,603 - api.api_server - INFO - LIVE SIGNAL NIFTY price=23682.55078125 scalping={'symbol': 'NIFTY', 'index_price': 23682.55078125, 'trade': 'BUY_PE', 'strike': '23700 PE', 'entry': 20.0, 'target': 28.0, 'stoploss': 16.0, 'confidence': np.float64(75.0), 'generated_at': datetime.datetime(2026, 3, 12, 8, 7, 13, 597734, tzinfo=datetime.timezone.utc)} hero_zero=[] inst=None gamma={'gamma_walls': [], 'gamma_flip': None} expiry=None
2026-03-12 13:37:13,603 - api.api_server - INFO - Fetching option chain for SENSEX
2026-03-12 13:37:14,014 - data.nse_fetcher - WARNING - NSE option chain empty JSON for SENSEX
2026-03-12 13:37:14,232 - api.api_server - INFO - LIVE SIGNAL SENSEX price=76320.34375 scalping={'symbol': 'SENSEX', 'index_price': 76320.34375, 'trade': 'BUY_PE', 'strike': '76300 PE', 'entry': 20.0, 'target': 28.0, 'stoploss': 16.0, 'confidence': np.float64(80.0), 'generated_at': datetime.datetime(2026, 3, 12, 8, 7, 14, 216246, tzinfo=datetime.timezone.utc)} hero_zero=[] inst=None gamma={'gamma_walls': [], 'gamma_flip': None} expiry=None
2026-03-12 13:38:14,246 - api.api_server - INFO - Main loop tick...
2026-03-12 13:38:14,248 - api.api_server - INFO - Fetching option chain for NIFTY
2026-03-12 13:38:14,429 - data.nse_fetcher - WARNING - NSE option chain empty JSON for NIFTY
2026-03-12 13:38:14,663 - api.api_server - INFO - LIVE SIGNAL NIFTY price=23682.55078125 scalping={'symbol': 'NIFTY', 'index_price': 23682.55078125, 'trade': 'BUY_PE', 'strike': '23700 PE', 'entry': 20.0, 'target': 28.0, 'stoploss': 16.0, 'confidence': np.float64(75.0), 'generated_at': datetime.datetime(2026, 3, 12, 8, 8, 14, 648127, tzinfo=datetime.timezone.utc)} hero_zero=[] inst=None gamma={'gamma_walls': [], 'gamma_flip': None} expiry=None
2026-03-12 13:38:14,663 - api.api_server - INFO - Fetching option chain for SENSEX
2026-03-12 13:38:15,036 - data.nse_fetcher - WARNING - NSE option chain empty JSON for SENSEX
2026-03-12 13:38:15,226 - api.api_server - INFO - LIVE SIGNAL SENSEX price=76320.34375 scalping={'symbol': 'SENSEX', 'index_price': 76320.34375, 'trade': 'BUY_PE', 'strike': '76300 PE', 'entry': 20.0, 'target': 28.0, 'stoploss': 16.0, 'confidence': np.float64(80.0), 'generated_at': datetime.datetime(2026, 3, 12, 8, 8, 15, 220847, tzinfo=datetime.timezone.utc)} hero_zero=[] inst=None gamma={'gamma_walls': [], 'gamma_flip': None} expiry=None
2026-03-12 13:39:15,236 - api.api_server - INFO - Main loop tick...
2026-03-12 13:39:15,237 - api.api_server - INFO - Fetching option chain for NIFTY
2026-03-12 13:39:15,760 - data.nse_fetcher - WARNING - NSE option chain empty JSON for NIFTY
2026-03-12 13:39:15,991 - api.api_server - INFO - LIVE SIGNAL NIFTY price=23682.55078125 scalping={'symbol': 'NIFTY', 'index_price': 23682.55078125, 'trade': 'BUY_PE', 'strike': '23700 PE', 'entry': 20.0, 'target': 28.0, 'stoploss': 16.0, 'confidence': np.float64(75.0), 'generated_at': datetime.datetime(2026, 3, 12, 8, 9, 15, 975528, tzinfo=datetime.timezone.utc)} hero_zero=[] inst=None gamma={'gamma_walls': [], 'gamma_flip': None} expiry=None
2026-03-12 13:39:15,992 - api.api_server - INFO - Fetching option chain for SENSEX
2026-03-12 13:39:16,333 - data.nse_fetcher - WARNING - NSE option chain empty JSON for SENSEX
2026-03-12 13:39:16,536 - api.api_server - INFO - LIVE SIGNAL SENSEX price=76320.34375 scalping={'symbol': 'SENSEX', 'index_price': 76320.34375, 'trade': 'BUY_PE', 'strike': '76300 PE', 'entry': 20.0, 'target': 28.0, 'stoploss': 16.0, 'confidence': np.float64(80.0), 'generated_at': datetime.datetime(2026, 3, 12, 8, 9, 16, 527728, tzinfo=datetime.timezone.utc)} hero_zero=[] inst=None gamma={'gamma_walls': [], 'gamma_flip': None} expiry=None
2026-03-12 13:40:16,553 - api.api_server - INFO - Main loop tick...
2026-03-12 13:40:16,553 - api.api_server - INFO - Fetching option chain for NIFTY
2026-03-12 13:40:16,718 - data.nse_fetcher - WARNING - NSE option chain empty JSON for NIFTY
2026-03-12 13:40:16,978 - api.api_server - INFO - LIVE SIGNAL NIFTY price=23682.55078125 scalping={'symbol': 'NIFTY', 'index_price': 23682.55078125, 'trade': 'BUY_PE', 'strike': '23700 PE', 'entry': 20.0, 'target': 28.0, 'stoploss': 16.0, 'confidence': np.float64(75.0), 'generated_at': datetime.datetime(2026, 3, 12, 8, 10, 16, 944872, tzinfo=datetime.timezone.utc)} hero_zero=[] inst=None gamma={'gamma_walls': [], 'gamma_flip': None} expiry=None
2026-03-12 13:40:16,979 - api.api_server - INFO - Fetching option chain for SENSEX
2026-03-12 13:40:17,305 - data.nse_fetcher - WARNING - NSE option chain empty JSON for SENSEX
2026-03-12 13:40:17,514 - api.api_server - INFO - LIVE SIGNAL SENSEX price=76320.34375 scalping={'symbol': 'SENSEX', 'index_price': 76320.34375, 'trade': 'BUY_PE', 'strike': '76300 PE', 'entry': 20.0, 'target': 28.0, 'stoploss': 16.0, 'confidence': np.float64(80.0), 'generated_at': datetime.datetime(2026, 3, 12, 8, 10, 17, 497134, tzinfo=datetime.timezone.utc)} hero_zero=[] inst=None gamma={'gamma_walls': [], 'gamma_flip': None} expiry=None
2026-03-12 13:41:17,527 - api.api_server - INFO - Main loop tick...
2026-03-12 13:41:17,529 - api.api_server - INFO - Fetching option chain for NIFTY
2026-03-12 13:41:17,698 - data.nse_fetcher - WARNING - NSE option chain empty JSON for NIFTY
2026-03-12 13:41:18,064 - api.api_server - INFO - LIVE SIGNAL NIFTY price=23682.55078125 scalping={'symbol': 'NIFTY', 'index_price': 23682.55078125, 'trade': 'BUY_PE', 'strike': '23700 PE', 'entry': 20.0, 'target': 28.0, 'stoploss': 16.0, 'confidence': np.float64(75.0), 'generated_at': datetime.datetime(2026, 3, 12, 8, 11, 18, 50619, tzinfo=datetime.timezone.utc)} hero_zero=[] inst=None gamma={'gamma_walls': [], 'gamma_flip': None} expiry=None
2026-03-12 13:41:18,065 - api.api_server - INFO - Fetching option chain for SENSEX
2026-03-12 13:41:18,378 - data.nse_fetcher - WARNING - NSE option chain empty JSON for SENSEX
2026-03-12 13:41:18,673 - api.api_server - INFO - LIVE SIGNAL SENSEX price=76320.34375 scalping={'symbol': 'SENSEX', 'index_price': 76320.34375, 'trade': 'BUY_PE', 'strike': '76300 PE', 'entry': 20.0, 'target': 28.0, 'stoploss': 16.0, 'confidence': np.float64(80.0), 'generated_at': datetime.datetime(2026, 3, 12, 8, 11, 18, 662373, tzinfo=datetime.timezone.utc)} hero_zero=[] inst=None gamma={'gamma_walls': [], 'gamma_flip': None} expiry=None
2026-03-12 13:42:18,660 - api.api_server - INFO - Main loop tick...
2026-03-12 13:42:18,661 - api.api_server - INFO - Fetching option chain for NIFTY
2026-03-12 13:42:18,779 - data.nse_fetcher - WARNING - NSE option chain empty JSON for NIFTY
2026-03-12 13:42:19,103 - api.api_server - INFO - LIVE SIGNAL NIFTY price=23682.55078125 scalping={'symbol': 'NIFTY', 'index_price': 23682.55078125, 'trade': 'BUY_PE', 'strike': '23700 PE', 'entry': 20.0, 'target': 28.0, 'stoploss': 16.0, 'confidence': np.float64(75.0), 'generated_at': datetime.datetime(2026, 3, 12, 8, 12, 19, 83192, tzinfo=datetime.timezone.utc)} hero_zero=[] inst=None gamma={'gamma_walls': [], 'gamma_flip': None} expiry=None
2026-03-12 13:42:19,104 - api.api_server - INFO - Fetching option chain for SENSEX
2026-03-12 13:42:19,456 - data.nse_fetcher - WARNING - NSE option chain empty JSON for SENSEX
2026-03-12 13:42:19,763 - api.api_server - INFO - LIVE SIGNAL SENSEX price=76320.34375 scalping={'symbol': 'SENSEX', 'index_price': 76320.34375, 'trade': 'BUY_PE', 'strike': '76300 PE', 'entry': 20.0, 'target': 28.0, 'stoploss': 16.0, 'confidence': np.float64(80.0), 'generated_at': datetime.datetime(2026, 3, 12, 8, 12, 19, 747288, tzinfo=datetime.timezone.utc)} hero_zero=[] inst=None gamma={'gamma_walls': [], 'gamma_flip': None} expiry=None
2026-03-12 13:43:19,777 - api.api_server - INFO - Main loop tick...
2026-03-12 13:43:19,778 - api.api_server - INFO - Fetching option chain for NIFTY
2026-03-12 13:43:19,924 - data.nse_fetcher - WARNING - NSE option chain empty JSON for NIFTY
2026-03-12 13:43:20,261 - api.api_server - INFO - LIVE SIGNAL NIFTY price=23682.55078125 scalping={'symbol': 'NIFTY', 'index_price': 23682.55078125, 'trade': 'BUY_PE', 'strike': '23700 PE', 'entry': 20.0, 'target': 28.0, 'stoploss': 16.0, 'confidence': np.float64(75.0), 'generated_at': datetime.datetime(2026, 3, 12, 8, 13, 20, 245318, tzinfo=datetime.timezone.utc)} hero_zero=[] inst=None gamma={'gamma_walls': [], 'gamma_flip': None} expiry=None
2026-03-12 13:43:20,261 - api.api_server - INFO - Fetching option chain for SENSEX
2026-03-12 13:43:20,403 - data.nse_fetcher - WARNING - NSE option chain empty JSON for SENSEX
2026-03-12 13:43:20,671 - api.api_server - INFO - LIVE SIGNAL SENSEX price=76320.34375 scalping={'symbol': 'SENSEX', 'index_price': 76320.34375, 'trade': 'BUY_PE', 'strike': '76300 PE', 'entry': 20.0, 'target': 28.0, 'stoploss': 16.0, 'confidence': np.float64(80.0), 'generated_at': datetime.datetime(2026, 3, 12, 8, 13, 20, 655717, tzinfo=datetime.timezone.utc)} hero_zero=[] inst=None gamma={'gamma_walls': [], 'gamma_flip': None} expiry=None
2026-03-12 13:44:20,671 - api.api_server - INFO - Main loop tick...
2026-03-12 13:44:20,672 - api.api_server - INFO - Fetching option chain for NIFTY
2026-03-12 13:44:20,786 - data.nse_fetcher - WARNING - NSE option chain empty JSON for NIFTY
2026-03-12 13:44:21,100 - api.api_server - INFO - LIVE SIGNAL NIFTY price=23682.55078125 scalping={'symbol': 'NIFTY', 'index_price': 23682.55078125, 'trade': 'BUY_PE', 'strike': '23700 PE', 'entry': 20.0, 'target': 28.0, 'stoploss': 16.0, 'confidence': np.float64(75.0), 'generated_at': datetime.datetime(2026, 3, 12, 8, 14, 21, 81407, tzinfo=datetime.timezone.utc)} hero_zero=[] inst=None gamma={'gamma_walls': [], 'gamma_flip': None} expiry=None
2026-03-12 13:44:21,101 - api.api_server - INFO - Fetching option chain for SENSEX
2026-03-12 13:44:22,178 - data.nse_fetcher - WARNING - NSE option chain empty JSON for SENSEX
2026-03-12 13:44:22,534 - api.api_server - INFO - LIVE SIGNAL SENSEX price=76320.34375 scalping={'symbol': 'SENSEX', 'index_price': 76320.34375, 'trade': 'BUY_PE', 'strike': '76300 PE', 'entry': 20.0, 'target': 28.0, 'stoploss': 16.0, 'confidence': np.float64(80.0), 'generated_at': datetime.datetime(2026, 3, 12, 8, 14, 22, 518911, tzinfo=datetime.timezone.utc)} hero_zero=[] inst=None gamma={'gamma_walls': [], 'gamma_flip': None} expiry=None
2026-03-12 13:45:22,549 - api.api_server - INFO - Main loop tick...
2026-03-12 13:45:22,550 - api.api_server - INFO - Fetching option chain for NIFTY
2026-03-12 13:45:22,692 - data.nse_fetcher - WARNING - NSE option chain empty JSON for NIFTY
2026-03-12 13:45:23,083 - api.api_server - INFO - LIVE SIGNAL NIFTY price=23682.55078125 scalping={'symbol': 'NIFTY', 'index_price': 23682.55078125, 'trade': 'BUY_PE', 'strike': '23700 PE', 'entry': 20.0, 'target': 28.0, 'stoploss': 16.0, 'confidence': np.float64(75.0), 'generated_at': datetime.datetime(2026, 3, 12, 8, 15, 23, 76696, tzinfo=datetime.timezone.utc)} hero_zero=[] inst=None gamma={'gamma_walls': [], 'gamma_flip': None} expiry=None
2026-03-12 13:45:23,084 - api.api_server - INFO - Fetching option chain for SENSEX
2026-03-12 13:45:23,410 - data.nse_fetcher - WARNING - NSE option chain empty JSON for SENSEX
2026-03-12 13:45:23,758 - api.api_server - INFO - LIVE SIGNAL SENSEX price=76320.34375 scalping={'symbol': 'SENSEX', 'index_price': 76320.34375, 'trade': 'BUY_PE', 'strike': '76300 PE', 'entry': 20.0, 'target': 28.0, 'stoploss': 16.0, 'confidence': np.float64(80.0), 'generated_at': datetime.datetime(2026, 3, 12, 8, 15, 23, 754744, tzinfo=datetime.timezone.utc)} hero_zero=[] inst=None gamma={'gamma_walls': [], 'gamma_flip': None} expiry=None
2026-03-12 13:46:23,747 - api.api_server - INFO - Main loop tick...
2026-03-12 13:46:23,749 - api.api_server - INFO - Fetching option chain for NIFTY
2026-03-12 13:46:23,837 - data.nse_fetcher - WARNING - NSE option chain empty JSON for NIFTY
2026-03-12 13:46:24,086 - api.api_server - INFO - LIVE SIGNAL NIFTY price=23682.55078125 scalping={'symbol': 'NIFTY', 'index_price': 23682.55078125, 'trade': 'BUY_PE', 'strike': '23700 PE', 'entry': 20.0, 'target': 28.0, 'stoploss': 16.0, 'confidence': np.float64(75.0), 'generated_at': datetime.datetime(2026, 3, 12, 8, 16, 24, 75522, tzinfo=datetime.timezone.utc)} hero_zero=[] inst=None gamma={'gamma_walls': [], 'gamma_flip': None} expiry=None
2026-03-12 13:46:24,086 - api.api_server - INFO - Fetching option chain for SENSEX
2026-03-12 13:46:24,413 - data.nse_fetcher - WARNING - NSE option chain empty JSON for SENSEX
2026-03-12 13:46:24,627 - api.api_server - INFO - LIVE SIGNAL SENSEX price=76320.34375 scalping={'symbol': 'SENSEX', 'index_price': 76320.34375, 'trade': 'BUY_PE', 'strike': '76300 PE', 'entry': 20.0, 'target': 28.0, 'stoploss': 16.0, 'confidence': np.float64(80.0), 'generated_at': datetime.datetime(2026, 3, 12, 8, 16, 24, 622228, tzinfo=datetime.timezone.utc)} hero_zero=[] inst=None gamma={'gamma_walls': [], 'gamma_flip': None} expiry=None
2026-03-12 13:47:24,639 - api.api_server - INFO - Main loop tick...
2026-03-12 13:47:24,641 - api.api_server - INFO - Fetching option chain for NIFTY
2026-03-12 13:47:24,797 - data.nse_fetcher - WARNING - NSE option chain empty JSON for NIFTY
2026-03-12 13:47:25,132 - api.api_server - INFO - LIVE SIGNAL NIFTY price=23682.55078125 scalping={'symbol': 'NIFTY', 'index_price': 23682.55078125, 'trade': 'BUY_PE', 'strike': '23700 PE', 'entry': 20.0, 'target': 28.0, 'stoploss': 16.0, 'confidence': np.float64(75.0), 'generated_at': datetime.datetime(2026, 3, 12, 8, 17, 25, 115873, tzinfo=datetime.timezone.utc)} hero_zero=[] inst=None gamma={'gamma_walls': [], 'gamma_flip': None} expiry=None
2026-03-12 13:47:25,134 - api.api_server - INFO - Fetching option chain for SENSEX
2026-03-12 13:47:25,750 - data.nse_fetcher - WARNING - NSE option chain empty JSON for SENSEX
2026-03-12 13:47:26,071 - api.api_server - INFO - LIVE SIGNAL SENSEX price=76320.34375 scalping={'symbol': 'SENSEX', 'index_price': 76320.34375, 'trade': 'BUY_PE', 'strike': '76300 PE', 'entry': 20.0, 'target': 28.0, 'stoploss': 16.0, 'confidence': np.float64(80.0), 'generated_at': datetime.datetime(2026, 3, 12, 8, 17, 26, 65193, tzinfo=datetime.timezone.utc)} hero_zero=[] inst=None gamma={'gamma_walls': [], 'gamma_flip': None} expiry=None
2026-03-12 16:48:03,807 - api.api_server - INFO - Main loop tick...
2026-03-12 16:48:03,807 - api.api_server - INFO - Fetching option chain for NIFTY
2026-03-12 16:48:04,421 - data.nse_fetcher - WARNING - Error fetching NSE option chain NIFTY: HTTPSConnectionPool(host='www.nseindia.com', port=443): Max retries exceeded with url: /api/option-chain-indices?symbol=NIFTY (Caused by NameResolutionError("HTTPSConnection(host='www.nseindia.com', port=443): Failed to resolve 'www.nseindia.com' ([Errno 11001] getaddrinfo failed)"))
2026-03-12 16:48:05,326 - api.api_server - INFO - LIVE SIGNAL NIFTY price=23682.55078125 scalping={'symbol': 'NIFTY', 'index_price': 23682.55078125, 'trade': 'BUY_PE', 'strike': '23700 PE', 'entry': 20.0, 'target': 28.0, 'stoploss': 16.0, 'confidence': np.float64(75.0), 'generated_at': datetime.datetime(2026, 3, 12, 11, 18, 5, 319827, tzinfo=datetime.timezone.utc)} hero_zero=[] inst=None gamma={'gamma_walls': [], 'gamma_flip': None} expiry=None
2026-03-12 16:48:05,327 - api.api_server - INFO - Fetching option chain for SENSEX
2026-03-12 16:48:05,330 - data.nse_fetcher - WARNING - Error fetching NSE option chain SENSEX: HTTPSConnectionPool(host='www.nseindia.com', port=443): Max retries exceeded with url: /api/option-chain-indices?symbol=SENSEX (Caused by NameResolutionError("HTTPSConnection(host='www.nseindia.com', port=443): Failed to resolve 'www.nseindia.com' ([Errno 11001] getaddrinfo failed)"))
2026-03-12 16:48:05,857 - api.api_server - INFO - LIVE SIGNAL SENSEX price=76320.34375 scalping={'symbol': 'SENSEX', 'index_price': 76320.34375, 'trade': 'BUY_PE', 'strike': '76300 PE', 'entry': 20.0, 'target': 28.0, 'stoploss': 16.0, 'confidence': np.float64(80.0), 'generated_at': datetime.datetime(2026, 3, 12, 11, 18, 5, 828041, tzinfo=datetime.timezone.utc)} hero_zero=[] inst=None gamma={'gamma_walls': [], 'gamma_flip': None} expiry=None
2026-03-13 18:16:54,927 - api.api_server - INFO - Main loop tick...
2026-03-13 18:16:54,929 - api.api_server - INFO - Fetching option chain for NIFTY
2026-03-13 18:16:54,988 - data.nse_fetcher - WARNING - Error fetching NSE option chain NIFTY: HTTPSConnectionPool(host='www.nseindia.com', port=443): Max retries exceeded with url: /api/option-chain-indices?symbol=NIFTY (Caused by NameResolutionError("HTTPSConnection(host='www.nseindia.com', port=443): Failed to resolve 'www.nseindia.com' ([Errno 11001] getaddrinfo failed)"))
2026-03-13 18:16:56,245 - api.api_server - INFO - LIVE SIGNAL NIFTY price=23682.55078125 scalping={'symbol': 'NIFTY', 'index_price': 23682.55078125, 'trade': 'BUY_PE', 'strike': '23700 PE', 'entry': 20.0, 'target': 28.0, 'stoploss': 16.0, 'confidence': np.float64(75.0), 'generated_at': datetime.datetime(2026, 3, 13, 12, 46, 56, 212167, tzinfo=datetime.timezone.utc)} hero_zero=[] inst=None gamma={'gamma_walls': [], 'gamma_flip': None} expiry=None
2026-03-13 18:16:56,246 - api.api_server - INFO - Fetching option chain for SENSEX
2026-03-13 18:16:56,249 - data.nse_fetcher - WARNING - Error fetching NSE option chain SENSEX: HTTPSConnectionPool(host='www.nseindia.com', port=443): Max retries exceeded with url: /api/option-chain-indices?symbol=SENSEX (Caused by NameResolutionError("HTTPSConnection(host='www.nseindia.com', port=443): Failed to resolve 'www.nseindia.com' ([Errno 11001] getaddrinfo failed)"))
2026-03-13 18:16:57,667 - api.api_server - INFO - LIVE SIGNAL SENSEX price=76320.34375 scalping={'symbol': 'SENSEX', 'index_price': 76320.34375, 'trade': 'BUY_PE', 'strike': '76300 PE', 'entry': 20.0, 'target': 28.0, 'stoploss': 16.0, 'confidence': np.float64(80.0), 'generated_at': datetime.datetime(2026, 3, 13, 12, 46, 57, 504407, tzinfo=datetime.timezone.utc)} hero_zero=[] inst=None gamma={'gamma_walls': [], 'gamma_flip': None} expiry=None
2026-03-13 18:17:57,676 - api.api_server - INFO - Main loop tick...
2026-03-13 18:17:57,676 - api.api_server - INFO - Fetching option chain for NIFTY
2026-03-13 18:17:57,678 - data.nse_fetcher - WARNING - Error fetching NSE option chain NIFTY: HTTPSConnectionPool(host='www.nseindia.com', port=443): Max retries exceeded with url: /api/option-chain-indices?symbol=NIFTY (Caused by NameResolutionError("HTTPSConnection(host='www.nseindia.com', port=443): Failed to resolve 'www.nseindia.com' ([Errno 11001] getaddrinfo failed)"))
2026-03-13 18:17:57,868 - api.api_server - INFO - LIVE SIGNAL NIFTY price=23682.55078125 scalping={'symbol': 'NIFTY', 'index_price': 23682.55078125, 'trade': 'BUY_PE', 'strike': '23700 PE', 'entry': 20.0, 'target': 28.0, 'stoploss': 16.0, 'confidence': np.float64(75.0), 'generated_at': datetime.datetime(2026, 3, 13, 12, 47, 57, 863897, tzinfo=datetime.timezone.utc)} hero_zero=[] inst=None gamma={'gamma_walls': [], 'gamma_flip': None} expiry=None
2026-03-13 18:17:57,868 - api.api_server - INFO - Fetching option chain for SENSEX
2026-03-13 18:17:57,871 - data.nse_fetcher - WARNING - Error fetching NSE option chain SENSEX: HTTPSConnectionPool(host='www.nseindia.com', port=443): Max retries exceeded with url: /api/option-chain-indices?symbol=SENSEX (Caused by NameResolutionError("HTTPSConnection(host='www.nseindia.com', port=443): Failed to resolve 'www.nseindia.com' ([Errno 11001] getaddrinfo failed)"))
2026-03-13 18:17:58,064 - api.api_server - INFO - LIVE SIGNAL SENSEX price=76320.34375 scalping={'symbol': 'SENSEX', 'index_price': 76320.34375, 'trade': 'BUY_PE', 'strike': '76300 PE', 'entry': 20.0, 'target': 28.0, 'stoploss': 16.0, 'confidence': np.float64(80.0), 'generated_at': datetime.datetime(2026, 3, 13, 12, 47, 58, 60254, tzinfo=datetime.timezone.utc)} hero_zero=[] inst=None gamma={'gamma_walls': [], 'gamma_flip': None} expiry=None
2026-03-13 18:18:58,076 - api.api_server - INFO - Main loop tick...
2026-03-13 18:18:58,077 - api.api_server - INFO - Fetching option chain for NIFTY
2026-03-13 18:18:58,084 - data.nse_fetcher - WARNING - Error fetching NSE option chain NIFTY: HTTPSConnectionPool(host='www.nseindia.com', port=443): Max retries exceeded with url: /api/option-chain-indices?symbol=NIFTY (Caused by NameResolutionError("HTTPSConnection(host='www.nseindia.com', port=443): Failed to resolve 'www.nseindia.com' ([Errno 11001] getaddrinfo failed)"))
2026-03-13 18:18:58,308 - api.api_server - INFO - LIVE SIGNAL NIFTY price=23682.55078125 scalping={'symbol': 'NIFTY', 'index_price': 23682.55078125, 'trade': 'BUY_PE', 'strike': '23700 PE', 'entry': 20.0, 'target': 28.0, 'stoploss': 16.0, 'confidence': np.float64(75.0), 'generated_at': datetime.datetime(2026, 3, 13, 12, 48, 58, 296079, tzinfo=datetime.timezone.utc)} hero_zero=[] inst=None gamma={'gamma_walls': [], 'gamma_flip': None} expiry=None
2026-03-13 18:18:58,308 - api.api_server - INFO - Fetching option chain for SENSEX
2026-03-13 18:18:58,310 - data.nse_fetcher - WARNING - Error fetching NSE option chain SENSEX: HTTPSConnectionPool(host='www.nseindia.com', port=443): Max retries exceeded with url: /api/option-chain-indices?symbol=SENSEX (Caused by NameResolutionError("HTTPSConnection(host='www.nseindia.com', port=443): Failed to resolve 'www.nseindia.com' ([Errno 11001] getaddrinfo failed)"))
2026-03-13 18:18:58,495 - api.api_server - INFO - LIVE SIGNAL SENSEX price=76320.34375 scalping={'symbol': 'SENSEX', 'index_price': 76320.34375, 'trade': 'BUY_PE', 'strike': '76300 PE', 'entry': 20.0, 'target': 28.0, 'stoploss': 16.0, 'confidence': np.float64(80.0), 'generated_at': datetime.datetime(2026, 3, 13, 12, 48, 58, 491444, tzinfo=datetime.timezone.utc)} hero_zero=[] inst=None gamma={'gamma_walls': [], 'gamma_flip': None} expiry=None
2026-03-13 18:19:58,523 - api.api_server - INFO - Main loop tick...
2026-03-13 18:19:58,525 - api.api_server - INFO - Fetching option chain for NIFTY
2026-03-13 18:20:09,671 - data.nse_fetcher - WARNING - Error fetching NSE option chain NIFTY: HTTPSConnectionPool(host='www.nseindia.com', port=443): Max retries exceeded with url: /api/option-chain-indices?symbol=NIFTY (Caused by NameResolutionError("HTTPSConnection(host='www.nseindia.com', port=443): Failed to resolve 'www.nseindia.com' ([Errno 11001] getaddrinfo failed)"))
2026-03-13 18:20:09,903 - api.api_server - INFO - LIVE SIGNAL NIFTY price=23682.55078125 scalping={'symbol': 'NIFTY', 'index_price': 23682.55078125, 'trade': 'BUY_PE', 'strike': '23700 PE', 'entry': 20.0, 'target': 28.0, 'stoploss': 16.0, 'confidence': np.float64(75.0), 'generated_at': datetime.datetime(2026, 3, 13, 12, 50, 9, 897913, tzinfo=datetime.timezone.utc)} hero_zero=[] inst=None gamma={'gamma_walls': [], 'gamma_flip': None} expiry=None
2026-03-13 18:20:09,904 - api.api_server - INFO - Fetching option chain for SENSEX
2026-03-13 18:20:10,971 - data.nse_fetcher - WARNING - NSE option chain empty JSON for SENSEX
2026-03-13 18:20:11,181 - api.api_server - INFO - LIVE SIGNAL SENSEX price=76320.34375 scalping={'symbol': 'SENSEX', 'index_price': 76320.34375, 'trade': 'BUY_PE', 'strike': '76300 PE', 'entry': 20.0, 'target': 28.0, 'stoploss': 16.0, 'confidence': np.float64(80.0), 'generated_at': datetime.datetime(2026, 3, 13, 12, 50, 11, 177527, tzinfo=datetime.timezone.utc)} hero_zero=[] inst=None gamma={'gamma_walls': [], 'gamma_flip': None} expiry=None
2026-03-13 18:21:11,186 - api.api_server - INFO - Main loop tick...
2026-03-13 18:21:11,186 - api.api_server - INFO - Fetching option chain for NIFTY
2026-03-13 18:21:11,342 - data.nse_fetcher - WARNING - NSE option chain empty JSON for NIFTY
2026-03-13 18:21:11,570 - api.api_server - INFO - LIVE SIGNAL NIFTY price=23682.55078125 scalping={'symbol': 'NIFTY', 'index_price': 23682.55078125, 'trade': 'BUY_PE', 'strike': '23700 PE', 'entry': 20.0, 'target': 28.0, 'stoploss': 16.0, 'confidence': np.float64(75.0), 'generated_at': datetime.datetime(2026, 3, 13, 12, 51, 11, 564883, tzinfo=datetime.timezone.utc)} hero_zero=[] inst=None gamma={'gamma_walls': [], 'gamma_flip': None} expiry=None
2026-03-13 18:21:11,570 - api.api_server - INFO - Fetching option chain for SENSEX
2026-03-13 18:21:11,874 - data.nse_fetcher - WARNING - NSE option chain empty JSON for SENSEX
2026-03-13 18:21:12,111 - api.api_server - INFO - LIVE SIGNAL SENSEX price=76320.34375 scalping={'symbol': 'SENSEX', 'index_price': 76320.34375, 'trade': 'BUY_PE', 'strike': '76300 PE', 'entry': 20.0, 'target': 28.0, 'stoploss': 16.0, 'confidence': np.float64(80.0), 'generated_at': datetime.datetime(2026, 3, 13, 12, 51, 12, 95358, tzinfo=datetime.timezone.utc)} hero_zero=[] inst=None gamma={'gamma_walls': [], 'gamma_flip': None} expiry=None
2026-03-13 18:22:12,134 - api.api_server - INFO - Main loop tick...
2026-03-13 18:22:12,135 - api.api_server - INFO - Fetching option chain for NIFTY
2026-03-13 18:22:12,233 - data.nse_fetcher - WARNING - NSE option chain empty JSON for NIFTY
2026-03-13 18:22:12,463 - api.api_server - INFO - LIVE SIGNAL NIFTY price=23682.55078125 scalping={'symbol': 'NIFTY', 'index_price': 23682.55078125, 'trade': 'BUY_PE', 'strike': '23700 PE', 'entry': 20.0, 'target': 28.0, 'stoploss': 16.0, 'confidence': np.float64(75.0), 'generated_at': datetime.datetime(2026, 3, 13, 12, 52, 12, 447978, tzinfo=datetime.timezone.utc)} hero_zero=[] inst=None gamma={'gamma_walls': [], 'gamma_flip': None} expiry=None
2026-03-13 18:22:12,463 - api.api_server - INFO - Fetching option chain for SENSEX
2026-03-13 18:22:12,825 - data.nse_fetcher - WARNING - NSE option chain empty JSON for SENSEX
2026-03-13 18:22:13,054 - api.api_server - INFO - LIVE SIGNAL SENSEX price=76320.34375 scalping={'symbol': 'SENSEX', 'index_price': 76320.34375, 'trade': 'BUY_PE', 'strike': '76300 PE', 'entry': 20.0, 'target': 28.0, 'stoploss': 16.0, 'confidence': np.float64(80.0), 'generated_at': datetime.datetime(2026, 3, 13, 12, 52, 13, 40363, tzinfo=datetime.timezone.utc)} hero_zero=[] inst=None gamma={'gamma_walls': [], 'gamma_flip': None} expiry=None
2026-03-13 18:23:13,028 - api.api_server - INFO - Main loop tick...
2026-03-13 18:23:13,031 - api.api_server - INFO - Fetching option chain for NIFTY
2026-03-13 18:23:13,153 - data.nse_fetcher - WARNING - NSE option chain empty JSON for NIFTY
2026-03-13 18:23:13,352 - api.api_server - INFO - LIVE SIGNAL NIFTY price=23682.55078125 scalping={'symbol': 'NIFTY', 'index_price': 23682.55078125, 'trade': 'BUY_PE', 'strike': '23700 PE', 'entry': 20.0, 'target': 28.0, 'stoploss': 16.0, 'confidence': np.float64(75.0), 'generated_at': datetime.datetime(2026, 3, 13, 12, 53, 13, 345592, tzinfo=datetime.timezone.utc)} hero_zero=[] inst=None gamma={'gamma_walls': [], 'gamma_flip': None} expiry=None
2026-03-13 18:23:13,352 - api.api_server - INFO - Fetching option chain for SENSEX
2026-03-13 18:23:13,636 - data.nse_fetcher - WARNING - NSE option chain empty JSON for SENSEX
2026-03-13 18:23:13,928 - api.api_server - INFO - LIVE SIGNAL SENSEX price=76320.34375 scalping={'symbol': 'SENSEX', 'index_price': 76320.34375, 'trade': 'BUY_PE', 'strike': '76300 PE', 'entry': 20.0, 'target': 28.0, 'stoploss': 16.0, 'confidence': np.float64(80.0), 'generated_at': datetime.datetime(2026, 3, 13, 12, 53, 13, 923929, tzinfo=datetime.timezone.utc)} hero_zero=[] inst=None gamma={'gamma_walls': [], 'gamma_flip': None} expiry=None
2026-03-13 18:24:13,912 - api.api_server - INFO - Main loop tick...
2026-03-13 18:24:13,914 - api.api_server - INFO - Fetching option chain for NIFTY
2026-03-13 18:24:14,070 - data.nse_fetcher - WARNING - NSE option chain empty JSON for NIFTY
2026-03-13 18:24:14,428 - api.api_server - INFO - LIVE SIGNAL NIFTY price=23682.55078125 scalping={'symbol': 'NIFTY', 'index_price': 23682.55078125, 'trade': 'BUY_PE', 'strike': '23700 PE', 'entry': 20.0, 'target': 28.0, 'stoploss': 16.0, 'confidence': np.float64(75.0), 'generated_at': datetime.datetime(2026, 3, 13, 12, 54, 14, 411536, tzinfo=datetime.timezone.utc)} hero_zero=[] inst=None gamma={'gamma_walls': [], 'gamma_flip': None} expiry=None
2026-03-13 18:24:14,429 - api.api_server - INFO - Fetching option chain for SENSEX
2026-03-13 18:24:14,720 - data.nse_fetcher - WARNING - NSE option chain empty JSON for SENSEX
2026-03-13 18:24:15,020 - api.api_server - INFO - LIVE SIGNAL SENSEX price=76320.34375 scalping={'symbol': 'SENSEX', 'index_price': 76320.34375, 'trade': 'BUY_PE', 'strike': '76300 PE', 'entry': 20.0, 'target': 28.0, 'stoploss': 16.0, 'confidence': np.float64(80.0), 'generated_at': datetime.datetime(2026, 3, 13, 12, 54, 15, 5066, tzinfo=datetime.timezone.utc)} hero_zero=[] inst=None gamma={'gamma_walls': [], 'gamma_flip': None} expiry=None
2026-03-13 18:25:15,036 - api.api_server - INFO - Main loop tick...
2026-03-13 18:25:15,036 - api.api_server - INFO - Fetching option chain for NIFTY
2026-03-13 18:25:15,208 - data.nse_fetcher - WARNING - NSE option chain empty JSON for NIFTY
2026-03-13 18:25:15,464 - api.api_server - INFO - LIVE SIGNAL NIFTY price=23682.55078125 scalping={'symbol': 'NIFTY', 'index_price': 23682.55078125, 'trade': 'BUY_PE', 'strike': '23700 PE', 'entry': 20.0, 'target': 28.0, 'stoploss': 16.0, 'confidence': np.float64(75.0), 'generated_at': datetime.datetime(2026, 3, 13, 12, 55, 15, 437300, tzinfo=datetime.timezone.utc)} hero_zero=[] inst=None gamma={'gamma_walls': [], 'gamma_flip': None} expiry=None
2026-03-13 18:25:15,464 - api.api_server - INFO - Fetching option chain for SENSEX
2026-03-13 18:25:15,575 - data.nse_fetcher - WARNING - NSE option chain empty JSON for SENSEX
2026-03-13 18:25:15,843 - api.api_server - INFO - LIVE SIGNAL SENSEX price=76320.34375 scalping={'symbol': 'SENSEX', 'index_price': 76320.34375, 'trade': 'BUY_PE', 'strike': '76300 PE', 'entry': 20.0, 'target': 28.0, 'stoploss': 16.0, 'confidence': np.float64(80.0), 'generated_at': datetime.datetime(2026, 3, 13, 12, 55, 15, 816832, tzinfo=datetime.timezone.utc)} hero_zero=[] inst=None gamma={'gamma_walls': [], 'gamma_flip': None} expiry=None
2026-03-13 18:26:15,869 - api.api_server - INFO - Main loop tick...
2026-03-13 18:26:15,870 - api.api_server - INFO - Fetching option chain for NIFTY
2026-03-13 18:26:16,080 - data.nse_fetcher - WARNING - NSE option chain empty JSON for NIFTY
2026-03-13 18:26:16,434 - api.api_server - INFO - LIVE SIGNAL NIFTY price=23682.55078125 scalping={'symbol': 'NIFTY', 'index_price': 23682.55078125, 'trade': 'BUY_PE', 'strike': '23700 PE', 'entry': 20.0, 'target': 28.0, 'stoploss': 16.0, 'confidence': np.float64(75.0), 'generated_at': datetime.datetime(2026, 3, 13, 12, 56, 16, 428958, tzinfo=datetime.timezone.utc)} hero_zero=[] inst=None gamma={'gamma_walls': [], 'gamma_flip': None} expiry=None
2026-03-13 18:26:16,434 - api.api_server - INFO - Fetching option chain for SENSEX
2026-03-13 18:26:16,953 - data.nse_fetcher - WARNING - NSE option chain empty JSON for SENSEX
2026-03-13 18:26:17,255 - api.api_server - INFO - LIVE SIGNAL SENSEX price=76320.34375 scalping={'symbol': 'SENSEX', 'index_price': 76320.34375, 'trade': 'BUY_PE', 'strike': '76300 PE', 'entry': 20.0, 'target': 28.0, 'stoploss': 16.0, 'confidence': np.float64(80.0), 'generated_at': datetime.datetime(2026, 3, 13, 12, 56, 17, 251378, tzinfo=datetime.timezone.utc)} hero_zero=[] inst=None gamma={'gamma_walls': [], 'gamma_flip': None} expiry=None
2026-03-13 18:27:17,251 - api.api_server - INFO - Main loop tick...
2026-03-13 18:27:17,252 - api.api_server - INFO - Fetching option chain for NIFTY
2026-03-13 18:27:17,403 - data.nse_fetcher - WARNING - NSE option chain empty JSON for NIFTY
2026-03-13 18:27:17,727 - api.api_server - INFO - LIVE SIGNAL NIFTY price=23682.55078125 scalping={'symbol': 'NIFTY', 'index_price': 23682.55078125, 'trade': 'BUY_PE', 'strike': '23700 PE', 'entry': 20.0, 'target': 28.0, 'stoploss': 16.0, 'confidence': np.float64(75.0), 'generated_at': datetime.datetime(2026, 3, 13, 12, 57, 17, 718950, tzinfo=datetime.timezone.utc)} hero_zero=[] inst=None gamma={'gamma_walls': [], 'gamma_flip': None} expiry=None
2026-03-13 18:27:17,728 - api.api_server - INFO - Fetching option chain for SENSEX
2026-03-13 18:27:18,036 - data.nse_fetcher - WARNING - NSE option chain empty JSON for SENSEX
2026-03-13 18:27:18,297 - api.api_server - INFO - LIVE SIGNAL SENSEX price=76320.34375 scalping={'symbol': 'SENSEX', 'index_price': 76320.34375, 'trade': 'BUY_PE', 'strike': '76300 PE', 'entry': 20.0, 'target': 28.0, 'stoploss': 16.0, 'confidence': np.float64(80.0), 'generated_at': datetime.datetime(2026, 3, 13, 12, 57, 18, 291780, tzinfo=datetime.timezone.utc)} hero_zero=[] inst=None gamma={'gamma_walls': [], 'gamma_flip': None} expiry=None
2026-03-13 18:28:18,310 - api.api_server - INFO - Main loop tick...
2026-03-13 18:28:18,311 - api.api_server - INFO - Fetching option chain for NIFTY
2026-03-13 18:28:18,495 - data.nse_fetcher - WARNING - NSE option chain empty JSON for NIFTY
2026-03-13 18:28:18,794 - api.api_server - INFO - LIVE SIGNAL NIFTY price=23682.55078125 scalping={'symbol': 'NIFTY', 'index_price': 23682.55078125, 'trade': 'BUY_PE', 'strike': '23700 PE', 'entry': 20.0, 'target': 28.0, 'stoploss': 16.0, 'confidence': np.float64(75.0), 'generated_at': datetime.datetime(2026, 3, 13, 12, 58, 18, 787411, tzinfo=datetime.timezone.utc)} hero_zero=[] inst=None gamma={'gamma_walls': [], 'gamma_flip': None} expiry=None
2026-03-13 18:28:18,795 - api.api_server - INFO - Fetching option chain for SENSEX
2026-03-13 18:28:19,122 - data.nse_fetcher - WARNING - NSE option chain empty JSON for SENSEX
2026-03-13 18:28:19,429 - api.api_server - INFO - LIVE SIGNAL SENSEX price=76320.34375 scalping={'symbol': 'SENSEX', 'index_price': 76320.34375, 'trade': 'BUY_PE', 'strike': '76300 PE', 'entry': 20.0, 'target': 28.0, 'stoploss': 16.0, 'confidence': np.float64(80.0), 'generated_at': datetime.datetime(2026, 3, 13, 12, 58, 19, 423234, tzinfo=datetime.timezone.utc)} hero_zero=[] inst=None gamma={'gamma_walls': [], 'gamma_flip': None} expiry=None
2026-03-13 18:29:19,446 - api.api_server - INFO - Main loop tick...
2026-03-13 18:29:19,447 - api.api_server - INFO - Fetching option chain for NIFTY
2026-03-13 18:29:19,561 - data.nse_fetcher - WARNING - NSE option chain empty JSON for NIFTY
2026-03-13 18:29:19,887 - api.api_server - INFO - LIVE SIGNAL NIFTY price=23682.55078125 scalping={'symbol': 'NIFTY', 'index_price': 23682.55078125, 'trade': 'BUY_PE', 'strike': '23700 PE', 'entry': 20.0, 'target': 28.0, 'stoploss': 16.0, 'confidence': np.float64(75.0), 'generated_at': datetime.datetime(2026, 3, 13, 12, 59, 19, 882669, tzinfo=datetime.timezone.utc)} hero_zero=[] inst=None gamma={'gamma_walls': [], 'gamma_flip': None} expiry=None
2026-03-13 18:29:19,890 - api.api_server - INFO - Fetching option chain for SENSEX
2026-03-13 18:29:20,209 - data.nse_fetcher - WARNING - NSE option chain empty JSON for SENSEX
2026-03-13 18:29:20,490 - api.api_server - INFO - LIVE SIGNAL SENSEX price=76320.34375 scalping={'symbol': 'SENSEX', 'index_price': 76320.34375, 'trade': 'BUY_PE', 'strike': '76300 PE', 'entry': 20.0, 'target': 28.0, 'stoploss': 16.0, 'confidence': np.float64(80.0), 'generated_at': datetime.datetime(2026, 3, 13, 12, 59, 20, 485783, tzinfo=datetime.timezone.utc)} hero_zero=[] inst=None gamma={'gamma_walls': [], 'gamma_flip': None} expiry=None
2026-03-13 18:30:20,504 - api.api_server - INFO - Main loop tick...
2026-03-13 18:30:20,507 - api.api_server - INFO - Fetching option chain for NIFTY
2026-03-13 18:30:30,542 - data.nse_fetcher - WARNING - Error fetching NSE option chain NIFTY: HTTPSConnectionPool(host='www.nseindia.com', port=443): Read timed out. (read timeout=10)
2026-03-13 18:30:30,935 - api.api_server - INFO - LIVE SIGNAL NIFTY price=23682.55078125 scalping={'symbol': 'NIFTY', 'index_price': 23682.55078125, 'trade': 'BUY_PE', 'strike': '23700 PE', 'entry': 20.0, 'target': 28.0, 'stoploss': 16.0, 'confidence': np.float64(75.0), 'generated_at': datetime.datetime(2026, 3, 13, 13, 0, 30, 918415, tzinfo=datetime.timezone.utc)} hero_zero=[] inst=None gamma={'gamma_walls': [], 'gamma_flip': None} expiry=None
2026-03-13 18:30:30,936 - api.api_server - INFO - Fetching option chain for SENSEX
2026-03-13 18:30:30,944 - data.nse_fetcher - WARNING - Error fetching NSE option chain SENSEX: HTTPSConnectionPool(host='www.nseindia.com', port=443): Max retries exceeded with url: /api/option-chain-indices?symbol=SENSEX (Caused by NameResolutionError("HTTPSConnection(host='www.nseindia.com', port=443): Failed to resolve 'www.nseindia.com' ([Errno 11001] getaddrinfo failed)"))
2026-03-13 18:30:31,234 - api.api_server - INFO - LIVE SIGNAL SENSEX price=76320.34375 scalping={'symbol': 'SENSEX', 'index_price': 76320.34375, 'trade': 'BUY_PE', 'strike': '76300 PE', 'entry': 20.0, 'target': 28.0, 'stoploss': 16.0, 'confidence': np.float64(80.0), 'generated_at': datetime.datetime(2026, 3, 13, 13, 0, 31, 228364, tzinfo=datetime.timezone.utc)} hero_zero=[] inst=None gamma={'gamma_walls': [], 'gamma_flip': None} expiry=None
2026-03-13 18:31:31,248 - api.api_server - INFO - Main loop tick...
2026-03-13 18:31:31,250 - api.api_server - INFO - Fetching option chain for NIFTY
2026-03-13 18:31:42,377 - data.nse_fetcher - WARNING - Error fetching NSE option chain NIFTY: HTTPSConnectionPool(host='www.nseindia.com', port=443): Max retries exceeded with url: /api/option-chain-indices?symbol=NIFTY (Caused by NameResolutionError("HTTPSConnection(host='www.nseindia.com', port=443): Failed to resolve 'www.nseindia.com' ([Errno 11001] getaddrinfo failed)"))
2026-03-13 18:31:42,921 - api.api_server - INFO - LIVE SIGNAL NIFTY price=23682.55078125 scalping={'symbol': 'NIFTY', 'index_price': 23682.55078125, 'trade': 'BUY_PE', 'strike': '23700 PE', 'entry': 20.0, 'target': 28.0, 'stoploss': 16.0, 'confidence': np.float64(75.0), 'generated_at': datetime.datetime(2026, 3, 13, 13, 1, 42, 915777, tzinfo=datetime.timezone.utc)} hero_zero=[] inst=None gamma={'gamma_walls': [], 'gamma_flip': None} expiry=None
2026-03-13 18:31:42,922 - api.api_server - INFO - Fetching option chain for SENSEX
2026-03-13 18:31:44,365 - data.nse_fetcher - WARNING - NSE option chain empty JSON for SENSEX
2026-03-13 18:31:44,701 - api.api_server - INFO - LIVE SIGNAL SENSEX price=76320.34375 scalping={'symbol': 'SENSEX', 'index_price': 76320.34375, 'trade': 'BUY_PE', 'strike': '76300 PE', 'entry': 20.0, 'target': 28.0, 'stoploss': 16.0, 'confidence': np.float64(80.0), 'generated_at': datetime.datetime(2026, 3, 13, 13, 1, 44, 697634, tzinfo=datetime.timezone.utc)} hero_zero=[] inst=None gamma={'gamma_walls': [], 'gamma_flip': None} expiry=None
2026-03-13 18:32:42,987 - api.api_server - INFO - Main loop tick...
2026-03-13 18:32:42,990 - api.api_server - INFO - Fetching option chain for NIFTY
2026-03-13 18:32:43,175 - data.nse_fetcher - WARNING - NSE option chain empty JSON for NIFTY
2026-03-13 18:32:43,496 - api.api_server - INFO - LIVE SIGNAL NIFTY price=23682.55078125 scalping={'symbol': 'NIFTY', 'index_price': 23682.55078125, 'trade': 'BUY_PE', 'strike': '23700 PE', 'entry': 20.0, 'target': 28.0, 'stoploss': 16.0, 'confidence': np.float64(75.0), 'generated_at': datetime.datetime(2026, 3, 13, 13, 2, 43, 491708, tzinfo=datetime.timezone.utc)} hero_zero=[] inst=None gamma={'gamma_walls': [], 'gamma_flip': None} expiry=None
2026-03-13 18:32:43,496 - api.api_server - INFO - Fetching option chain for SENSEX
2026-03-13 18:32:43,881 - data.nse_fetcher - WARNING - NSE option chain empty JSON for SENSEX
2026-03-13 18:32:44,152 - api.api_server - INFO - LIVE SIGNAL SENSEX price=76320.34375 scalping={'symbol': 'SENSEX', 'index_price': 76320.34375, 'trade': 'BUY_PE', 'strike': '76300 PE', 'entry': 20.0, 'target': 28.0, 'stoploss': 16.0, 'confidence': np.float64(80.0), 'generated_at': datetime.datetime(2026, 3, 13, 13, 2, 44, 146995, tzinfo=datetime.timezone.utc)} hero_zero=[] inst=None gamma={'gamma_walls': [], 'gamma_flip': None} expiry=None
2026-03-13 18:33:44,175 - api.api_server - INFO - Main loop tick...
2026-03-13 18:33:44,176 - api.api_server - INFO - Fetching option chain for NIFTY
2026-03-13 18:33:44,319 - data.nse_fetcher - WARNING - NSE option chain empty JSON for NIFTY
2026-03-13 18:33:44,643 - api.api_server - INFO - LIVE SIGNAL NIFTY price=23682.55078125 scalping={'symbol': 'NIFTY', 'index_price': 23682.55078125, 'trade': 'BUY_PE', 'strike': '23700 PE', 'entry': 20.0, 'target': 28.0, 'stoploss': 16.0, 'confidence': np.float64(75.0), 'generated_at': datetime.datetime(2026, 3, 13, 13, 3, 44, 627887, tzinfo=datetime.timezone.utc)} hero_zero=[] inst=None gamma={'gamma_walls': [], 'gamma_flip': None} expiry=None
2026-03-13 18:33:44,643 - api.api_server - INFO - Fetching option chain for SENSEX
2026-03-13 18:33:45,082 - data.nse_fetcher - WARNING - NSE option chain empty JSON for SENSEX
2026-03-13 18:33:45,330 - api.api_server - INFO - LIVE SIGNAL SENSEX price=76320.34375 scalping={'symbol': 'SENSEX', 'index_price': 76320.34375, 'trade': 'BUY_PE', 'strike': '76300 PE', 'entry': 20.0, 'target': 28.0, 'stoploss': 16.0, 'confidence': np.float64(80.0), 'generated_at': datetime.datetime(2026, 3, 13, 13, 3, 45, 325265, tzinfo=datetime.timezone.utc)} hero_zero=[] inst=None gamma={'gamma_walls': [], 'gamma_flip': None} expiry=None
2026-03-13 18:34:45,353 - api.api_server - INFO - Main loop tick...
2026-03-13 18:34:45,354 - api.api_server - INFO - Fetching option chain for NIFTY
2026-03-13 18:34:45,458 - data.nse_fetcher - WARNING - NSE option chain empty JSON for NIFTY
2026-03-13 18:34:45,773 - api.api_server - INFO - LIVE SIGNAL NIFTY price=23682.55078125 scalping={'symbol': 'NIFTY', 'index_price': 23682.55078125, 'trade': 'BUY_PE', 'strike': '23700 PE', 'entry': 20.0, 'target': 28.0, 'stoploss': 16.0, 'confidence': np.float64(75.0), 'generated_at': datetime.datetime(2026, 3, 13, 13, 4, 45, 768882, tzinfo=datetime.timezone.utc)} hero_zero=[] inst=None gamma={'gamma_walls': [], 'gamma_flip': None} expiry=None
2026-03-13 18:34:45,774 - api.api_server - INFO - Fetching option chain for SENSEX
2026-03-13 18:34:46,056 - data.nse_fetcher - WARNING - NSE option chain empty JSON for SENSEX
2026-03-13 18:34:46,350 - api.api_server - INFO - LIVE SIGNAL SENSEX price=76320.34375 scalping={'symbol': 'SENSEX', 'index_price': 76320.34375, 'trade': 'BUY_PE', 'strike': '76300 PE', 'entry': 20.0, 'target': 28.0, 'stoploss': 16.0, 'confidence': np.float64(80.0), 'generated_at': datetime.datetime(2026, 3, 13, 13, 4, 46, 344781, tzinfo=datetime.timezone.utc)} hero_zero=[] inst=None gamma={'gamma_walls': [], 'gamma_flip': None} expiry=None
2026-03-13 18:35:46,342 - api.api_server - INFO - Main loop tick...
2026-03-13 18:35:46,342 - api.api_server - INFO - Fetching option chain for NIFTY
2026-03-13 18:35:46,838 - data.nse_fetcher - WARNING - NSE option chain empty JSON for NIFTY
2026-03-13 18:35:47,137 - api.api_server - INFO - LIVE SIGNAL NIFTY price=23682.55078125 scalping={'symbol': 'NIFTY', 'index_price': 23682.55078125, 'trade': 'BUY_PE', 'strike': '23700 PE', 'entry': 20.0, 'target': 28.0, 'stoploss': 16.0, 'confidence': np.float64(75.0), 'generated_at': datetime.datetime(2026, 3, 13, 13, 5, 47, 129763, tzinfo=datetime.timezone.utc)} hero_zero=[] inst=None gamma={'gamma_walls': [], 'gamma_flip': None} expiry=None
2026-03-13 18:35:47,138 - api.api_server - INFO - Fetching option chain for SENSEX
2026-03-13 18:35:47,423 - data.nse_fetcher - WARNING - NSE option chain empty JSON for SENSEX
2026-03-13 18:35:47,687 - api.api_server - INFO - LIVE SIGNAL SENSEX price=76320.34375 scalping={'symbol': 'SENSEX', 'index_price': 76320.34375, 'trade': 'BUY_PE', 'strike': '76300 PE', 'entry': 20.0, 'target': 28.0, 'stoploss': 16.0, 'confidence': np.float64(80.0), 'generated_at': datetime.datetime(2026, 3, 13, 13, 5, 47, 679182, tzinfo=datetime.timezone.utc)} hero_zero=[] inst=None gamma={'gamma_walls': [], 'gamma_flip': None} expiry=None
2026-03-13 18:36:47,704 - api.api_server - INFO - Main loop tick...
2026-03-13 18:36:47,704 - api.api_server - INFO - Fetching option chain for NIFTY
2026-03-13 18:36:47,835 - data.nse_fetcher - WARNING - NSE option chain empty JSON for NIFTY
2026-03-13 18:36:48,170 - api.api_server - INFO - LIVE SIGNAL NIFTY price=23682.55078125 scalping={'symbol': 'NIFTY', 'index_price': 23682.55078125, 'trade': 'BUY_PE', 'strike': '23700 PE', 'entry': 20.0, 'target': 28.0, 'stoploss': 16.0, 'confidence': np.float64(75.0), 'generated_at': datetime.datetime(2026, 3, 13, 13, 6, 48, 144749, tzinfo=datetime.timezone.utc)} hero_zero=[] inst=None gamma={'gamma_walls': [], 'gamma_flip': None} expiry=None
2026-03-13 18:36:48,171 - api.api_server - INFO - Fetching option chain for SENSEX
2026-03-13 18:36:48,338 - data.nse_fetcher - WARNING - NSE option chain empty JSON for SENSEX
2026-03-13 18:36:48,650 - api.api_server - INFO - LIVE SIGNAL SENSEX price=76320.34375 scalping={'symbol': 'SENSEX', 'index_price': 76320.34375, 'trade': 'BUY_PE', 'strike': '76300 PE', 'entry': 20.0, 'target': 28.0, 'stoploss': 16.0, 'confidence': np.float64(80.0), 'generated_at': datetime.datetime(2026, 3, 13, 13, 6, 48, 636057, tzinfo=datetime.timezone.utc)} hero_zero=[] inst=None gamma={'gamma_walls': [], 'gamma_flip': None} expiry=None
2026-03-13 18:37:48,657 - api.api_server - INFO - Main loop tick...
2026-03-13 18:37:48,657 - api.api_server - INFO - Fetching option chain for NIFTY
2026-03-13 18:37:48,770 - data.nse_fetcher - WARNING - NSE option chain empty JSON for NIFTY
2026-03-13 18:37:49,090 - api.api_server - INFO - LIVE SIGNAL NIFTY price=23682.55078125 scalping={'symbol': 'NIFTY', 'index_price': 23682.55078125, 'trade': 'BUY_PE', 'strike': '23700 PE', 'entry': 20.0, 'target': 28.0, 'stoploss': 16.0, 'confidence': np.float64(75.0), 'generated_at': datetime.datetime(2026, 3, 13, 13, 7, 49, 86516, tzinfo=datetime.timezone.utc)} hero_zero=[] inst=None gamma={'gamma_walls': [], 'gamma_flip': None} expiry=None
2026-03-13 18:37:49,091 - api.api_server - INFO - Fetching option chain for SENSEX
2026-03-13 18:37:49,406 - data.nse_fetcher - WARNING - NSE option chain empty JSON for SENSEX
2026-03-13 18:37:49,703 - api.api_server - INFO - LIVE SIGNAL SENSEX price=76320.34375 scalping={'symbol': 'SENSEX', 'index_price': 76320.34375, 'trade': 'BUY_PE', 'strike': '76300 PE', 'entry': 20.0, 'target': 28.0, 'stoploss': 16.0, 'confidence': np.float64(80.0), 'generated_at': datetime.datetime(2026, 3, 13, 13, 7, 49, 685511, tzinfo=datetime.timezone.utc)} hero_zero=[] inst=None gamma={'gamma_walls': [], 'gamma_flip': None} expiry=None
2026-03-13 18:38:49,725 - api.api_server - INFO - Main loop tick...
2026-03-13 18:38:49,731 - api.api_server - INFO - Fetching option chain for NIFTY
2026-03-13 18:38:49,883 - data.nse_fetcher - WARNING - NSE option chain empty JSON for NIFTY
2026-03-13 18:38:50,161 - api.api_server - INFO - LIVE SIGNAL NIFTY price=23682.55078125 scalping={'symbol': 'NIFTY', 'index_price': 23682.55078125, 'trade': 'BUY_PE', 'strike': '23700 PE', 'entry': 20.0, 'target': 28.0, 'stoploss': 16.0, 'confidence': np.float64(75.0), 'generated_at': datetime.datetime(2026, 3, 13, 13, 8, 50, 155881, tzinfo=datetime.timezone.utc)} hero_zero=[] inst=None gamma={'gamma_walls': [], 'gamma_flip': None} expiry=None
2026-03-13 18:38:50,161 - api.api_server - INFO - Fetching option chain for SENSEX
2026-03-13 18:38:50,493 - data.nse_fetcher - WARNING - NSE option chain empty JSON for SENSEX
2026-03-13 18:38:50,799 - api.api_server - INFO - LIVE SIGNAL SENSEX price=76320.34375 scalping={'symbol': 'SENSEX', 'index_price': 76320.34375, 'trade': 'BUY_PE', 'strike': '76300 PE', 'entry': 20.0, 'target': 28.0, 'stoploss': 16.0, 'confidence': np.float64(80.0), 'generated_at': datetime.datetime(2026, 3, 13, 13, 8, 50, 771204, tzinfo=datetime.timezone.utc)} hero_zero=[] inst=None gamma={'gamma_walls': [], 'gamma_flip': None} expiry=None
2026-03-13 18:39:50,822 - api.api_server - INFO - Main loop tick...
2026-03-13 18:39:50,823 - api.api_server - INFO - Fetching option chain for NIFTY
2026-03-13 18:39:51,082 - data.nse_fetcher - WARNING - NSE option chain empty JSON for NIFTY
2026-03-13 18:39:51,387 - api.api_server - INFO - LIVE SIGNAL NIFTY price=23682.55078125 scalping={'symbol': 'NIFTY', 'index_price': 23682.55078125, 'trade': 'BUY_PE', 'strike': '23700 PE', 'entry': 20.0, 'target': 28.0, 'stoploss': 16.0, 'confidence': np.float64(75.0), 'generated_at': datetime.datetime(2026, 3, 13, 13, 9, 51, 365130, tzinfo=datetime.timezone.utc)} hero_zero=[] inst=None gamma={'gamma_walls': [], 'gamma_flip': None} expiry=None
2026-03-13 18:39:51,388 - api.api_server - INFO - Fetching option chain for SENSEX
2026-03-13 18:39:51,524 - data.nse_fetcher - WARNING - NSE option chain empty JSON for SENSEX
2026-03-13 18:39:51,772 - api.api_server - INFO - LIVE SIGNAL SENSEX price=76320.34375 scalping={'symbol': 'SENSEX', 'index_price': 76320.34375, 'trade': 'BUY_PE', 'strike': '76300 PE', 'entry': 20.0, 'target': 28.0, 'stoploss': 16.0, 'confidence': np.float64(80.0), 'generated_at': datetime.datetime(2026, 3, 13, 13, 9, 51, 767235, tzinfo=datetime.timezone.utc)} hero_zero=[] inst=None gamma={'gamma_walls': [], 'gamma_flip': None} expiry=None
2026-03-13 18:40:51,787 - api.api_server - INFO - Main loop tick...
2026-03-13 18:40:51,787 - api.api_server - INFO - Fetching option chain for NIFTY
2026-03-13 18:40:51,938 - data.nse_fetcher - WARNING - NSE option chain empty JSON for NIFTY
2026-03-13 18:40:52,217 - api.api_server - INFO - LIVE SIGNAL NIFTY price=23682.55078125 scalping={'symbol': 'NIFTY', 'index_price': 23682.55078125, 'trade': 'BUY_PE', 'strike': '23700 PE', 'entry': 20.0, 'target': 28.0, 'stoploss': 16.0, 'confidence': np.float64(75.0), 'generated_at': datetime.datetime(2026, 3, 13, 13, 10, 52, 202087, tzinfo=datetime.timezone.utc)} hero_zero=[] inst=None gamma={'gamma_walls': [], 'gamma_flip': None} expiry=None
2026-03-13 18:40:52,218 - api.api_server - INFO - Fetching option chain for SENSEX
2026-03-13 18:40:52,494 - data.nse_fetcher - WARNING - NSE option chain empty JSON for SENSEX
2026-03-13 18:40:52,757 - api.api_server - INFO - LIVE SIGNAL SENSEX price=76320.34375 scalping={'symbol': 'SENSEX', 'index_price': 76320.34375, 'trade': 'BUY_PE', 'strike': '76300 PE', 'entry': 20.0, 'target': 28.0, 'stoploss': 16.0, 'confidence': np.float64(80.0), 'generated_at': datetime.datetime(2026, 3, 13, 13, 10, 52, 750875, tzinfo=datetime.timezone.utc)} hero_zero=[] inst=None gamma={'gamma_walls': [], 'gamma_flip': None} expiry=None
2026-03-13 18:41:52,767 - api.api_server - INFO - Main loop tick...
2026-03-13 18:41:52,768 - api.api_server - INFO - Fetching option chain for NIFTY
2026-03-13 18:41:52,882 - data.nse_fetcher - WARNING - NSE option chain empty JSON for NIFTY
2026-03-13 18:41:53,181 - api.api_server - INFO - LIVE SIGNAL NIFTY price=23682.55078125 scalping={'symbol': 'NIFTY', 'index_price': 23682.55078125, 'trade': 'BUY_PE', 'strike': '23700 PE', 'entry': 20.0, 'target': 28.0, 'stoploss': 16.0, 'confidence': np.float64(75.0), 'generated_at': datetime.datetime(2026, 3, 13, 13, 11, 53, 176610, tzinfo=datetime.timezone.utc)} hero_zero=[] inst=None gamma={'gamma_walls': [], 'gamma_flip': None} expiry=None
2026-03-13 18:41:53,182 - api.api_server - INFO - Fetching option chain for SENSEX
2026-03-13 18:41:53,360 - data.nse_fetcher - WARNING - NSE option chain empty JSON for SENSEX
2026-03-13 18:41:53,625 - api.api_server - INFO - LIVE SIGNAL SENSEX price=76320.34375 scalping={'symbol': 'SENSEX', 'index_price': 76320.34375, 'trade': 'BUY_PE', 'strike': '76300 PE', 'entry': 20.0, 'target': 28.0, 'stoploss': 16.0, 'confidence': np.float64(80.0), 'generated_at': datetime.datetime(2026, 3, 13, 13, 11, 53, 617040, tzinfo=datetime.timezone.utc)} hero_zero=[] inst=None gamma={'gamma_walls': [], 'gamma_flip': None} expiry=None
2026-03-13 18:42:53,645 - api.api_server - INFO - Main loop tick...
2026-03-13 18:42:53,647 - api.api_server - INFO - Fetching option chain for NIFTY
2026-03-13 18:42:53,769 - data.nse_fetcher - WARNING - NSE option chain empty JSON for NIFTY
2026-03-13 18:42:54,081 - api.api_server - INFO - LIVE SIGNAL NIFTY price=23682.55078125 scalping={'symbol': 'NIFTY', 'index_price': 23682.55078125, 'trade': 'BUY_PE', 'strike': '23700 PE', 'entry': 20.0, 'target': 28.0, 'stoploss': 16.0, 'confidence': np.float64(75.0), 'generated_at': datetime.datetime(2026, 3, 13, 13, 12, 54, 67096, tzinfo=datetime.timezone.utc)} hero_zero=[] inst=None gamma={'gamma_walls': [], 'gamma_flip': None} expiry=None
2026-03-13 18:42:54,082 - api.api_server - INFO - Fetching option chain for SENSEX
2026-03-13 18:42:54,229 - data.nse_fetcher - WARNING - NSE option chain empty JSON for SENSEX
2026-03-13 18:42:54,717 - api.api_server - INFO - LIVE SIGNAL SENSEX price=76320.34375 scalping={'symbol': 'SENSEX', 'index_price': 76320.34375, 'trade': 'BUY_PE', 'strike': '76300 PE', 'entry': 20.0, 'target': 28.0, 'stoploss': 16.0, 'confidence': np.float64(80.0), 'generated_at': datetime.datetime(2026, 3, 13, 13, 12, 54, 710689, tzinfo=datetime.timezone.utc)} hero_zero=[] inst=None gamma={'gamma_walls': [], 'gamma_flip': None} expiry=None
2026-03-13 18:43:54,743 - api.api_server - INFO - Main loop tick...
2026-03-13 18:43:54,743 - api.api_server - INFO - Fetching option chain for NIFTY
2026-03-13 18:43:54,880 - data.nse_fetcher - WARNING - NSE option chain empty JSON for NIFTY
2026-03-13 18:43:55,105 - api.api_server - INFO - LIVE SIGNAL NIFTY price=23682.55078125 scalping={'symbol': 'NIFTY', 'index_price': 23682.55078125, 'trade': 'BUY_PE', 'strike': '23700 PE', 'entry': 20.0, 'target': 28.0, 'stoploss': 16.0, 'confidence': np.float64(75.0), 'generated_at': datetime.datetime(2026, 3, 13, 13, 13, 55, 78655, tzinfo=datetime.timezone.utc)} hero_zero=[] inst=None gamma={'gamma_walls': [], 'gamma_flip': None} expiry=None
2026-03-13 18:43:55,106 - api.api_server - INFO - Fetching option chain for SENSEX
2026-03-13 18:43:55,394 - data.nse_fetcher - WARNING - NSE option chain empty JSON for SENSEX
2026-03-13 18:43:55,587 - api.api_server - INFO - LIVE SIGNAL SENSEX price=76320.34375 scalping={'symbol': 'SENSEX', 'index_price': 76320.34375, 'trade': 'BUY_PE', 'strike': '76300 PE', 'entry': 20.0, 'target': 28.0, 'stoploss': 16.0, 'confidence': np.float64(80.0), 'generated_at': datetime.datetime(2026, 3, 13, 13, 13, 55, 582125, tzinfo=datetime.timezone.utc)} hero_zero=[] inst=None gamma={'gamma_walls': [], 'gamma_flip': None} expiry=None
2026-03-13 18:44:55,596 - api.api_server - INFO - Main loop tick...
2026-03-13 18:44:55,597 - api.api_server - INFO - Fetching option chain for NIFTY
2026-03-13 18:44:55,819 - data.nse_fetcher - WARNING - NSE option chain empty JSON for NIFTY
2026-03-13 18:44:56,114 - api.api_server - INFO - LIVE SIGNAL NIFTY price=23682.55078125 scalping={'symbol': 'NIFTY', 'index_price': 23682.55078125, 'trade': 'BUY_PE', 'strike': '23700 PE', 'entry': 20.0, 'target': 28.0, 'stoploss': 16.0, 'confidence': np.float64(75.0), 'generated_at': datetime.datetime(2026, 3, 13, 13, 14, 56, 99519, tzinfo=datetime.timezone.utc)} hero_zero=[] inst=None gamma={'gamma_walls': [], 'gamma_flip': None} expiry=None
2026-03-13 18:44:56,114 - api.api_server - INFO - Fetching option chain for SENSEX
2026-03-13 18:44:56,316 - data.nse_fetcher - WARNING - NSE option chain empty JSON for SENSEX
2026-03-13 18:44:56,661 - api.api_server - INFO - LIVE SIGNAL SENSEX price=76320.34375 scalping={'symbol': 'SENSEX', 'index_price': 76320.34375, 'trade': 'BUY_PE', 'strike': '76300 PE', 'entry': 20.0, 'target': 28.0, 'stoploss': 16.0, 'confidence': np.float64(80.0), 'generated_at': datetime.datetime(2026, 3, 13, 13, 14, 56, 646130, tzinfo=datetime.timezone.utc)} hero_zero=[] inst=None gamma={'gamma_walls': [], 'gamma_flip': None} expiry=None
2026-03-13 18:45:56,660 - api.api_server - INFO - Main loop tick...
2026-03-13 18:45:56,660 - api.api_server - INFO - Fetching option chain for NIFTY
2026-03-13 18:45:56,788 - data.nse_fetcher - WARNING - NSE option chain empty JSON for NIFTY
2026-03-13 18:45:57,066 - api.api_server - INFO - LIVE SIGNAL NIFTY price=23682.55078125 scalping={'symbol': 'NIFTY', 'index_price': 23682.55078125, 'trade': 'BUY_PE', 'strike': '23700 PE', 'entry': 20.0, 'target': 28.0, 'stoploss': 16.0, 'confidence': np.float64(75.0), 'generated_at': datetime.datetime(2026, 3, 13, 13, 15, 57, 48854, tzinfo=datetime.timezone.utc)} hero_zero=[] inst=None gamma={'gamma_walls': [], 'gamma_flip': None} expiry=None
2026-03-13 18:45:57,066 - api.api_server - INFO - Fetching option chain for SENSEX
2026-03-13 18:45:57,192 - data.nse_fetcher - WARNING - NSE option chain empty JSON for SENSEX
2026-03-13 18:45:57,440 - api.api_server - INFO - LIVE SIGNAL SENSEX price=76320.34375 scalping={'symbol': 'SENSEX', 'index_price': 76320.34375, 'trade': 'BUY_PE', 'strike': '76300 PE', 'entry': 20.0, 'target': 28.0, 'stoploss': 16.0, 'confidence': np.float64(80.0), 'generated_at': datetime.datetime(2026, 3, 13, 13, 15, 57, 430711, tzinfo=datetime.timezone.utc)} hero_zero=[] inst=None gamma={'gamma_walls': [], 'gamma_flip': None} expiry=None
2026-03-13 18:46:57,426 - api.api_server - INFO - Main loop tick...
2026-03-13 18:46:57,426 - api.api_server - INFO - Fetching option chain for NIFTY
2026-03-13 18:46:57,536 - data.nse_fetcher - WARNING - NSE option chain empty JSON for NIFTY
2026-03-13 18:46:57,856 - api.api_server - INFO - LIVE SIGNAL NIFTY price=23682.55078125 scalping={'symbol': 'NIFTY', 'index_price': 23682.55078125, 'trade': 'BUY_PE', 'strike': '23700 PE', 'entry': 20.0, 'target': 28.0, 'stoploss': 16.0, 'confidence': np.float64(75.0), 'generated_at': datetime.datetime(2026, 3, 13, 13, 16, 57, 837825, tzinfo=datetime.timezone.utc)} hero_zero=[] inst=None gamma={'gamma_walls': [], 'gamma_flip': None} expiry=None
2026-03-13 18:46:57,856 - api.api_server - INFO - Fetching option chain for SENSEX
2026-03-13 18:46:58,162 - data.nse_fetcher - WARNING - NSE option chain empty JSON for SENSEX
2026-03-13 18:46:58,437 - api.api_server - INFO - LIVE SIGNAL SENSEX price=76320.34375 scalping={'symbol': 'SENSEX', 'index_price': 76320.34375, 'trade': 'BUY_PE', 'strike': '76300 PE', 'entry': 20.0, 'target': 28.0, 'stoploss': 16.0, 'confidence': np.float64(80.0), 'generated_at': datetime.datetime(2026, 3, 13, 13, 16, 58, 430699, tzinfo=datetime.timezone.utc)} hero_zero=[] inst=None gamma={'gamma_walls': [], 'gamma_flip': None} expiry=None
2026-03-13 18:47:58,454 - api.api_server - INFO - Main loop tick...
2026-03-13 18:47:58,456 - api.api_server - INFO - Fetching option chain for NIFTY
2026-03-13 18:47:58,574 - data.nse_fetcher - WARNING - NSE option chain empty JSON for NIFTY
2026-03-13 18:47:58,820 - api.api_server - INFO - LIVE SIGNAL NIFTY price=23682.55078125 scalping={'symbol': 'NIFTY', 'index_price': 23682.55078125, 'trade': 'BUY_PE', 'strike': '23700 PE', 'entry': 20.0, 'target': 28.0, 'stoploss': 16.0, 'confidence': np.float64(75.0), 'generated_at': datetime.datetime(2026, 3, 13, 13, 17, 58, 795312, tzinfo=datetime.timezone.utc)} hero_zero=[] inst=None gamma={'gamma_walls': [], 'gamma_flip': None} expiry=None
2026-03-13 18:47:58,821 - api.api_server - INFO - Fetching option chain for SENSEX
2026-03-13 18:47:59,085 - data.nse_fetcher - WARNING - NSE option chain empty JSON for SENSEX
2026-03-13 18:47:59,323 - api.api_server - INFO - LIVE SIGNAL SENSEX price=76320.34375 scalping={'symbol': 'SENSEX', 'index_price': 76320.34375, 'trade': 'BUY_PE', 'strike': '76300 PE', 'entry': 20.0, 'target': 28.0, 'stoploss': 16.0, 'confidence': np.float64(80.0), 'generated_at': datetime.datetime(2026, 3, 13, 13, 17, 59, 319046, tzinfo=datetime.timezone.utc)} hero_zero=[] inst=None gamma={'gamma_walls': [], 'gamma_flip': None} expiry=None
2026-03-13 18:48:59,323 - api.api_server - INFO - Main loop tick...
2026-03-13 18:48:59,323 - api.api_server - INFO - Fetching option chain for NIFTY
2026-03-13 18:48:59,462 - data.nse_fetcher - WARNING - NSE option chain empty JSON for NIFTY
2026-03-13 18:48:59,700 - api.api_server - INFO - LIVE SIGNAL NIFTY price=23682.55078125 scalping={'symbol': 'NIFTY', 'index_price': 23682.55078125, 'trade': 'BUY_PE', 'strike': '23700 PE', 'entry': 20.0, 'target': 28.0, 'stoploss': 16.0, 'confidence': np.float64(75.0), 'generated_at': datetime.datetime(2026, 3, 13, 13, 18, 59, 684247, tzinfo=datetime.timezone.utc)} hero_zero=[] inst=None gamma={'gamma_walls': [], 'gamma_flip': None} expiry=None
2026-03-13 18:48:59,700 - api.api_server - INFO - Fetching option chain for SENSEX
2026-03-13 18:48:59,829 - data.nse_fetcher - WARNING - NSE option chain empty JSON for SENSEX
2026-03-13 18:49:00,486 - api.api_server - INFO - LIVE SIGNAL SENSEX price=76320.34375 scalping={'symbol': 'SENSEX', 'index_price': 76320.34375, 'trade': 'BUY_PE', 'strike': '76300 PE', 'entry': 20.0, 'target': 28.0, 'stoploss': 16.0, 'confidence': np.float64(80.0), 'generated_at': datetime.datetime(2026, 3, 13, 13, 19, 0, 471326, tzinfo=datetime.timezone.utc)} hero_zero=[] inst=None gamma={'gamma_walls': [], 'gamma_flip': None} expiry=None
2026-03-13 18:50:00,490 - api.api_server - INFO - Main loop tick...
2026-03-13 18:50:00,491 - api.api_server - INFO - Fetching option chain for NIFTY
2026-03-13 18:50:00,598 - data.nse_fetcher - WARNING - NSE option chain empty JSON for NIFTY
2026-03-13 18:50:00,925 - api.api_server - INFO - LIVE SIGNAL NIFTY price=23682.55078125 scalping={'symbol': 'NIFTY', 'index_price': 23682.55078125, 'trade': 'BUY_PE', 'strike': '23700 PE', 'entry': 20.0, 'target': 28.0, 'stoploss': 16.0, 'confidence': np.float64(75.0), 'generated_at': datetime.datetime(2026, 3, 13, 13, 20, 0, 900433, tzinfo=datetime.timezone.utc)} hero_zero=[] inst=None gamma={'gamma_walls': [], 'gamma_flip': None} expiry=None
2026-03-13 18:50:00,925 - api.api_server - INFO - Fetching option chain for SENSEX
2026-03-13 18:50:01,244 - data.nse_fetcher - WARNING - NSE option chain empty JSON for SENSEX
2026-03-13 18:50:01,614 - api.api_server - INFO - LIVE SIGNAL SENSEX price=76320.34375 scalping={'symbol': 'SENSEX', 'index_price': 76320.34375, 'trade': 'BUY_PE', 'strike': '76300 PE', 'entry': 20.0, 'target': 28.0, 'stoploss': 16.0, 'confidence': np.float64(80.0), 'generated_at': datetime.datetime(2026, 3, 13, 13, 20, 1, 606492, tzinfo=datetime.timezone.utc)} hero_zero=[] inst=None gamma={'gamma_walls': [], 'gamma_flip': None} expiry=None
2026-03-13 18:51:01,631 - api.api_server - INFO - Main loop tick...
2026-03-13 18:51:01,632 - api.api_server - INFO - Fetching option chain for NIFTY
2026-03-13 18:51:01,771 - data.nse_fetcher - WARNING - NSE option chain empty JSON for NIFTY
2026-03-13 18:51:02,130 - api.api_server - INFO - LIVE SIGNAL NIFTY price=23682.55078125 scalping={'symbol': 'NIFTY', 'index_price': 23682.55078125, 'trade': 'BUY_PE', 'strike': '23700 PE', 'entry': 20.0, 'target': 28.0, 'stoploss': 16.0, 'confidence': np.float64(75.0), 'generated_at': datetime.datetime(2026, 3, 13, 13, 21, 2, 123634, tzinfo=datetime.timezone.utc)} hero_zero=[] inst=None gamma={'gamma_walls': [], 'gamma_flip': None} expiry=None
2026-03-13 18:51:02,131 - api.api_server - INFO - Fetching option chain for SENSEX
2026-03-13 18:51:02,268 - data.nse_fetcher - WARNING - NSE option chain empty JSON for SENSEX
2026-03-13 18:51:02,632 - api.api_server - INFO - LIVE SIGNAL SENSEX price=76320.34375 scalping={'symbol': 'SENSEX', 'index_price': 76320.34375, 'trade': 'BUY_PE', 'strike': '76300 PE', 'entry': 20.0, 'target': 28.0, 'stoploss': 16.0, 'confidence': np.float64(80.0), 'generated_at': datetime.datetime(2026, 3, 13, 13, 21, 2, 624678, tzinfo=datetime.timezone.utc)} hero_zero=[] inst=None gamma={'gamma_walls': [], 'gamma_flip': None} expiry=None
2026-03-13 18:52:02,649 - api.api_server - INFO - Main loop tick...
2026-03-13 18:52:02,649 - api.api_server - INFO - Fetching option chain for NIFTY
2026-03-13 18:52:02,785 - data.nse_fetcher - WARNING - NSE option chain empty JSON for NIFTY
2026-03-13 18:52:03,017 - api.api_server - INFO - LIVE SIGNAL NIFTY price=23682.55078125 scalping={'symbol': 'NIFTY', 'index_price': 23682.55078125, 'trade': 'BUY_PE', 'strike': '23700 PE', 'entry': 20.0, 'target': 28.0, 'stoploss': 16.0, 'confidence': np.float64(75.0), 'generated_at': datetime.datetime(2026, 3, 13, 13, 22, 2, 985762, tzinfo=datetime.timezone.utc)} hero_zero=[] inst=None gamma={'gamma_walls': [], 'gamma_flip': None} expiry=None
2026-03-13 18:52:03,017 - api.api_server - INFO - Fetching option chain for SENSEX
2026-03-13 18:52:03,291 - data.nse_fetcher - WARNING - NSE option chain empty JSON for SENSEX
2026-03-13 18:52:03,512 - api.api_server - INFO - LIVE SIGNAL SENSEX price=76320.34375 scalping={'symbol': 'SENSEX', 'index_price': 76320.34375, 'trade': 'BUY_PE', 'strike': '76300 PE', 'entry': 20.0, 'target': 28.0, 'stoploss': 16.0, 'confidence': np.float64(80.0), 'generated_at': datetime.datetime(2026, 3, 13, 13, 22, 3, 504828, tzinfo=datetime.timezone.utc)} hero_zero=[] inst=None gamma={'gamma_walls': [], 'gamma_flip': None} expiry=None
2026-03-13 18:53:03,517 - api.api_server - INFO - Main loop tick...
2026-03-13 18:53:03,517 - api.api_server - INFO - Fetching option chain for NIFTY
2026-03-13 18:53:03,623 - data.nse_fetcher - WARNING - NSE option chain empty JSON for NIFTY
2026-03-13 18:53:03,962 - api.api_server - INFO - LIVE SIGNAL NIFTY price=23682.55078125 scalping={'symbol': 'NIFTY', 'index_price': 23682.55078125, 'trade': 'BUY_PE', 'strike': '23700 PE', 'entry': 20.0, 'target': 28.0, 'stoploss': 16.0, 'confidence': np.float64(75.0), 'generated_at': datetime.datetime(2026, 3, 13, 13, 23, 3, 954021, tzinfo=datetime.timezone.utc)} hero_zero=[] inst=None gamma={'gamma_walls': [], 'gamma_flip': None} expiry=None
2026-03-13 18:53:03,962 - api.api_server - INFO - Fetching option chain for SENSEX
2026-03-13 18:53:04,326 - data.nse_fetcher - WARNING - NSE option chain empty JSON for SENSEX
2026-03-13 18:53:04,583 - api.api_server - INFO - LIVE SIGNAL SENSEX price=76320.34375 scalping={'symbol': 'SENSEX', 'index_price': 76320.34375, 'trade': 'BUY_PE', 'strike': '76300 PE', 'entry': 20.0, 'target': 28.0, 'stoploss': 16.0, 'confidence': np.float64(80.0), 'generated_at': datetime.datetime(2026, 3, 13, 13, 23, 4, 578922, tzinfo=datetime.timezone.utc)} hero_zero=[] inst=None gamma={'gamma_walls': [], 'gamma_flip': None} expiry=None
2026-03-13 18:54:04,592 - api.api_server - INFO - Main loop tick...
2026-03-13 18:54:04,592 - api.api_server - INFO - Fetching option chain for NIFTY
2026-03-13 18:54:04,715 - data.nse_fetcher - WARNING - NSE option chain empty JSON for NIFTY
2026-03-13 18:54:04,953 - api.api_server - INFO - LIVE SIGNAL NIFTY price=23682.55078125 scalping={'symbol': 'NIFTY', 'index_price': 23682.55078125, 'trade': 'BUY_PE', 'strike': '23700 PE', 'entry': 20.0, 'target': 28.0, 'stoploss': 16.0, 'confidence': np.float64(75.0), 'generated_at': datetime.datetime(2026, 3, 13, 13, 24, 4, 949128, tzinfo=datetime.timezone.utc)} hero_zero=[] inst=None gamma={'gamma_walls': [], 'gamma_flip': None} expiry=None
2026-03-13 18:54:04,953 - api.api_server - INFO - Fetching option chain for SENSEX
2026-03-13 18:54:05,365 - data.nse_fetcher - WARNING - NSE option chain empty JSON for SENSEX
2026-03-13 18:54:05,602 - api.api_server - INFO - LIVE SIGNAL SENSEX price=76320.34375 scalping={'symbol': 'SENSEX', 'index_price': 76320.34375, 'trade': 'BUY_PE', 'strike': '76300 PE', 'entry': 20.0, 'target': 28.0, 'stoploss': 16.0, 'confidence': np.float64(80.0), 'generated_at': datetime.datetime(2026, 3, 13, 13, 24, 5, 583143, tzinfo=datetime.timezone.utc)} hero_zero=[] inst=None gamma={'gamma_walls': [], 'gamma_flip': None} expiry=None
2026-03-13 18:55:05,620 - api.api_server - INFO - Main loop tick...
2026-03-13 18:55:05,622 - api.api_server - INFO - Fetching option chain for NIFTY
2026-03-13 18:55:05,812 - data.nse_fetcher - WARNING - NSE option chain empty JSON for NIFTY
2026-03-13 18:55:06,024 - api.api_server - INFO - LIVE SIGNAL NIFTY price=23682.55078125 scalping={'symbol': 'NIFTY', 'index_price': 23682.55078125, 'trade': 'BUY_PE', 'strike': '23700 PE', 'entry': 20.0, 'target': 28.0, 'stoploss': 16.0, 'confidence': np.float64(75.0), 'generated_at': datetime.datetime(2026, 3, 13, 13, 25, 6, 17979, tzinfo=datetime.timezone.utc)} hero_zero=[] inst=None gamma={'gamma_walls': [], 'gamma_flip': None} expiry=None
2026-03-13 18:55:06,024 - api.api_server - INFO - Fetching option chain for SENSEX
2026-03-13 18:55:06,385 - data.nse_fetcher - WARNING - NSE option chain empty JSON for SENSEX
2026-03-13 18:55:06,581 - api.api_server - INFO - LIVE SIGNAL SENSEX price=76320.34375 scalping={'symbol': 'SENSEX', 'index_price': 76320.34375, 'trade': 'BUY_PE', 'strike': '76300 PE', 'entry': 20.0, 'target': 28.0, 'stoploss': 16.0, 'confidence': np.float64(80.0), 'generated_at': datetime.datetime(2026, 3, 13, 13, 25, 6, 576798, tzinfo=datetime.timezone.utc)} hero_zero=[] inst=None gamma={'gamma_walls': [], 'gamma_flip': None} expiry=None
2026-03-13 18:56:06,597 - api.api_server - INFO - Main loop tick...
2026-03-13 18:56:06,598 - api.api_server - INFO - Fetching option chain for NIFTY
2026-03-13 18:56:06,702 - data.nse_fetcher - WARNING - NSE option chain empty JSON for NIFTY
2026-03-13 18:56:07,008 - api.api_server - INFO - LIVE SIGNAL NIFTY price=23682.55078125 scalping={'symbol': 'NIFTY', 'index_price': 23682.55078125, 'trade': 'BUY_PE', 'strike': '23700 PE', 'entry': 20.0, 'target': 28.0, 'stoploss': 16.0, 'confidence': np.float64(75.0), 'generated_at': datetime.datetime(2026, 3, 13, 13, 26, 7, 286, tzinfo=datetime.timezone.utc)} hero_zero=[] inst=None gamma={'gamma_walls': [], 'gamma_flip': None} expiry=None
2026-03-13 18:56:07,011 - api.api_server - INFO - Fetching option chain for SENSEX
2026-03-13 18:56:07,305 - data.nse_fetcher - WARNING - NSE option chain empty JSON for SENSEX
2026-03-13 18:56:07,581 - api.api_server - INFO - LIVE SIGNAL SENSEX price=76320.34375 scalping={'symbol': 'SENSEX', 'index_price': 76320.34375, 'trade': 'BUY_PE', 'strike': '76300 PE', 'entry': 20.0, 'target': 28.0, 'stoploss': 16.0, 'confidence': np.float64(80.0), 'generated_at': datetime.datetime(2026, 3, 13, 13, 26, 7, 575631, tzinfo=datetime.timezone.utc)} hero_zero=[] inst=None gamma={'gamma_walls': [], 'gamma_flip': None} expiry=None
2026-03-13 18:57:07,604 - api.api_server - INFO - Main loop tick...
2026-03-13 18:57:07,606 - api.api_server - INFO - Fetching option chain for NIFTY
2026-03-13 18:57:07,705 - data.nse_fetcher - WARNING - NSE option chain empty JSON for NIFTY
2026-03-13 18:57:08,192 - api.api_server - INFO - LIVE SIGNAL NIFTY price=23682.55078125 scalping={'symbol': 'NIFTY', 'index_price': 23682.55078125, 'trade': 'BUY_PE', 'strike': '23700 PE', 'entry': 20.0, 'target': 28.0, 'stoploss': 16.0, 'confidence': np.float64(75.0), 'generated_at': datetime.datetime(2026, 3, 13, 13, 27, 8, 183441, tzinfo=datetime.timezone.utc)} hero_zero=[] inst=None gamma={'gamma_walls': [], 'gamma_flip': None} expiry=None
2026-03-13 18:57:08,192 - api.api_server - INFO - Fetching option chain for SENSEX
2026-03-13 18:57:08,446 - data.nse_fetcher - WARNING - NSE option chain empty JSON for SENSEX
2026-03-13 18:57:08,893 - api.api_server - INFO - LIVE SIGNAL SENSEX price=76320.34375 scalping={'symbol': 'SENSEX', 'index_price': 76320.34375, 'trade': 'BUY_PE', 'strike': '76300 PE', 'entry': 20.0, 'target': 28.0, 'stoploss': 16.0, 'confidence': np.float64(80.0), 'generated_at': datetime.datetime(2026, 3, 13, 13, 27, 8, 888685, tzinfo=datetime.timezone.utc)} hero_zero=[] inst=None gamma={'gamma_walls': [], 'gamma_flip': None} expiry=None
2026-03-13 18:58:08,920 - api.api_server - INFO - Main loop tick...
2026-03-13 18:58:08,921 - api.api_server - INFO - Fetching option chain for NIFTY
2026-03-13 18:58:09,043 - data.nse_fetcher - WARNING - NSE option chain empty JSON for NIFTY
2026-03-13 18:58:09,573 - api.api_server - INFO - LIVE SIGNAL NIFTY price=23682.55078125 scalping={'symbol': 'NIFTY', 'index_price': 23682.55078125, 'trade': 'BUY_PE', 'strike': '23700 PE', 'entry': 20.0, 'target': 28.0, 'stoploss': 16.0, 'confidence': np.float64(75.0), 'generated_at': datetime.datetime(2026, 3, 13, 13, 28, 9, 563190, tzinfo=datetime.timezone.utc)} hero_zero=[] inst=None gamma={'gamma_walls': [], 'gamma_flip': None} expiry=None
2026-03-13 18:58:09,573 - api.api_server - INFO - Fetching option chain for SENSEX
2026-03-13 18:58:09,869 - data.nse_fetcher - WARNING - NSE option chain empty JSON for SENSEX
2026-03-13 18:58:10,526 - api.api_server - INFO - LIVE SIGNAL SENSEX price=76320.34375 scalping={'symbol': 'SENSEX', 'index_price': 76320.34375, 'trade': 'BUY_PE', 'strike': '76300 PE', 'entry': 20.0, 'target': 28.0, 'stoploss': 16.0, 'confidence': np.float64(80.0), 'generated_at': datetime.datetime(2026, 3, 13, 13, 28, 10, 521391, tzinfo=datetime.timezone.utc)} hero_zero=[] inst=None gamma={'gamma_walls': [], 'gamma_flip': None} expiry=None
2026-03-13 18:59:10,530 - api.api_server - INFO - Main loop tick...
2026-03-13 18:59:10,531 - api.api_server - INFO - Fetching option chain for NIFTY
2026-03-13 18:59:10,619 - data.nse_fetcher - WARNING - NSE option chain empty JSON for NIFTY
2026-03-13 18:59:11,198 - api.api_server - INFO - LIVE SIGNAL NIFTY price=23682.55078125 scalping={'symbol': 'NIFTY', 'index_price': 23682.55078125, 'trade': 'BUY_PE', 'strike': '23700 PE', 'entry': 20.0, 'target': 28.0, 'stoploss': 16.0, 'confidence': np.float64(75.0), 'generated_at': datetime.datetime(2026, 3, 13, 13, 29, 11, 179638, tzinfo=datetime.timezone.utc)} hero_zero=[] inst=None gamma={'gamma_walls': [], 'gamma_flip': None} expiry=None
2026-03-13 18:59:11,199 - api.api_server - INFO - Fetching option chain for SENSEX
2026-03-13 18:59:11,639 - data.nse_fetcher - WARNING - NSE option chain empty JSON for SENSEX
2026-03-13 18:59:12,225 - api.api_server - INFO - LIVE SIGNAL SENSEX price=76320.34375 scalping={'symbol': 'SENSEX', 'index_price': 76320.34375, 'trade': 'BUY_PE', 'strike': '76300 PE', 'entry': 20.0, 'target': 28.0, 'stoploss': 16.0, 'confidence': np.float64(80.0), 'generated_at': datetime.datetime(2026, 3, 13, 13, 29, 12, 205399, tzinfo=datetime.timezone.utc)} hero_zero=[] inst=None gamma={'gamma_walls': [], 'gamma_flip': None} expiry=None
2026-03-13 19:00:12,239 - api.api_server - INFO - Main loop tick...
2026-03-13 19:00:12,240 - api.api_server - INFO - Fetching option chain for NIFTY
2026-03-13 19:00:12,328 - data.nse_fetcher - WARNING - NSE option chain empty JSON for NIFTY
2026-03-13 19:00:12,813 - api.api_server - INFO - LIVE SIGNAL NIFTY price=23682.55078125 scalping={'symbol': 'NIFTY', 'index_price': 23682.55078125, 'trade': 'BUY_PE', 'strike': '23700 PE', 'entry': 20.0, 'target': 28.0, 'stoploss': 16.0, 'confidence': np.float64(75.0), 'generated_at': datetime.datetime(2026, 3, 13, 13, 30, 12, 791896, tzinfo=datetime.timezone.utc)} hero_zero=[] inst=None gamma={'gamma_walls': [], 'gamma_flip': None} expiry=None
2026-03-13 19:00:12,813 - api.api_server - INFO - Fetching option chain for SENSEX
2026-03-13 19:00:13,201 - data.nse_fetcher - WARNING - NSE option chain empty JSON for SENSEX
2026-03-13 19:00:13,691 - api.api_server - INFO - LIVE SIGNAL SENSEX price=76320.34375 scalping={'symbol': 'SENSEX', 'index_price': 76320.34375, 'trade': 'BUY_PE', 'strike': '76300 PE', 'entry': 20.0, 'target': 28.0, 'stoploss': 16.0, 'confidence': np.float64(80.0), 'generated_at': datetime.datetime(2026, 3, 13, 13, 30, 13, 682261, tzinfo=datetime.timezone.utc)} hero_zero=[] inst=None gamma={'gamma_walls': [], 'gamma_flip': None} expiry=None
2026-03-13 19:01:13,722 - api.api_server - INFO - Main loop tick...
2026-03-13 19:01:13,724 - api.api_server - INFO - Fetching option chain for NIFTY
2026-03-13 19:01:23,843 - data.nse_fetcher - WARNING - Error fetching NSE option chain NIFTY: HTTPSConnectionPool(host='www.nseindia.com', port=443): Read timed out. (read timeout=10)
2026-03-13 19:01:25,215 - api.api_server - INFO - LIVE SIGNAL NIFTY price=23682.55078125 scalping={'symbol': 'NIFTY', 'index_price': 23682.55078125, 'trade': 'BUY_PE', 'strike': '23700 PE', 'entry': 20.0, 'target': 28.0, 'stoploss': 16.0, 'confidence': np.float64(75.0), 'generated_at': datetime.datetime(2026, 3, 13, 13, 31, 25, 198190, tzinfo=datetime.timezone.utc)} hero_zero=[] inst=None gamma={'gamma_walls': [], 'gamma_flip': None} expiry=None
2026-03-13 19:01:25,216 - api.api_server - INFO - Fetching option chain for SENSEX
2026-03-13 19:01:25,225 - data.nse_fetcher - WARNING - Error fetching NSE option chain SENSEX: HTTPSConnectionPool(host='www.nseindia.com', port=443): Max retries exceeded with url: /api/option-chain-indices?symbol=SENSEX (Caused by NameResolutionError("HTTPSConnection(host='www.nseindia.com', port=443): Failed to resolve 'www.nseindia.com' ([Errno 11001] getaddrinfo failed)"))
2026-03-13 19:01:26,269 - api.api_server - INFO - LIVE SIGNAL SENSEX price=76320.34375 scalping={'symbol': 'SENSEX', 'index_price': 76320.34375, 'trade': 'BUY_PE', 'strike': '76300 PE', 'entry': 20.0, 'target': 28.0, 'stoploss': 16.0, 'confidence': np.float64(80.0), 'generated_at': datetime.datetime(2026, 3, 13, 13, 31, 26, 261772, tzinfo=datetime.timezone.utc)} hero_zero=[] inst=None gamma={'gamma_walls': [], 'gamma_flip': None} expiry=None
2026-03-13 19:02:26,289 - api.api_server - INFO - Main loop tick...
2026-03-13 19:02:26,292 - api.api_server - INFO - Fetching option chain for NIFTY
2026-03-13 19:02:26,296 - data.nse_fetcher - WARNING - Error fetching NSE option chain NIFTY: HTTPSConnectionPool(host='www.nseindia.com', port=443): Max retries exceeded with url: /api/option-chain-indices?symbol=NIFTY (Caused by NameResolutionError("HTTPSConnection(host='www.nseindia.com', port=443): Failed to resolve 'www.nseindia.com' ([Errno 11001] getaddrinfo failed)"))
2026-03-13 19:02:26,847 - api.api_server - INFO - LIVE SIGNAL NIFTY price=23682.55078125 scalping={'symbol': 'NIFTY', 'index_price': 23682.55078125, 'trade': 'BUY_PE', 'strike': '23700 PE', 'entry': 20.0, 'target': 28.0, 'stoploss': 16.0, 'confidence': np.float64(75.0), 'generated_at': datetime.datetime(2026, 3, 13, 13, 32, 26, 832342, tzinfo=datetime.timezone.utc)} hero_zero=[] inst=None gamma={'gamma_walls': [], 'gamma_flip': None} expiry=None
2026-03-13 19:02:26,848 - api.api_server - INFO - Fetching option chain for SENSEX
2026-03-13 19:02:26,851 - data.nse_fetcher - WARNING - Error fetching NSE option chain SENSEX: HTTPSConnectionPool(host='www.nseindia.com', port=443): Max retries exceeded with url: /api/option-chain-indices?symbol=SENSEX (Caused by NameResolutionError("HTTPSConnection(host='www.nseindia.com', port=443): Failed to resolve 'www.nseindia.com' ([Errno 11001] getaddrinfo failed)"))
2026-03-13 19:02:27,305 - api.api_server - INFO - LIVE SIGNAL SENSEX price=76320.34375 scalping={'symbol': 'SENSEX', 'index_price': 76320.34375, 'trade': 'BUY_PE', 'strike': '76300 PE', 'entry': 20.0, 'target': 28.0, 'stoploss': 16.0, 'confidence': np.float64(80.0), 'generated_at': datetime.datetime(2026, 3, 13, 13, 32, 27, 293229, tzinfo=datetime.timezone.utc)} hero_zero=[] inst=None gamma={'gamma_walls': [], 'gamma_flip': None} expiry=None
2026-03-13 19:03:27,301 - api.api_server - INFO - Main loop tick...
2026-03-13 19:03:27,302 - api.api_server - INFO - Fetching option chain for NIFTY
2026-03-13 19:03:27,307 - data.nse_fetcher - WARNING - Error fetching NSE option chain NIFTY: HTTPSConnectionPool(host='www.nseindia.com', port=443): Max retries exceeded with url: /api/option-chain-indices?symbol=NIFTY (Caused by NameResolutionError("HTTPSConnection(host='www.nseindia.com', port=443): Failed to resolve 'www.nseindia.com' ([Errno 11001] getaddrinfo failed)"))
2026-03-13 19:03:27,878 - api.api_server - INFO - LIVE SIGNAL NIFTY price=23682.55078125 scalping={'symbol': 'NIFTY', 'index_price': 23682.55078125, 'trade': 'BUY_PE', 'strike': '23700 PE', 'entry': 20.0, 'target': 28.0, 'stoploss': 16.0, 'confidence': np.float64(75.0), 'generated_at': datetime.datetime(2026, 3, 13, 13, 33, 27, 867604, tzinfo=datetime.timezone.utc)} hero_zero=[] inst=None gamma={'gamma_walls': [], 'gamma_flip': None} expiry=None
2026-03-13 19:03:27,878 - api.api_server - INFO - Fetching option chain for SENSEX
2026-03-13 19:03:27,881 - data.nse_fetcher - WARNING - Error fetching NSE option chain SENSEX: HTTPSConnectionPool(host='www.nseindia.com', port=443): Max retries exceeded with url: /api/option-chain-indices?symbol=SENSEX (Caused by NameResolutionError("HTTPSConnection(host='www.nseindia.com', port=443): Failed to resolve 'www.nseindia.com' ([Errno 11001] getaddrinfo failed)"))
2026-03-13 19:03:28,283 - api.api_server - INFO - LIVE SIGNAL SENSEX price=76320.34375 scalping={'symbol': 'SENSEX', 'index_price': 76320.34375, 'trade': 'BUY_PE', 'strike': '76300 PE', 'entry': 20.0, 'target': 28.0, 'stoploss': 16.0, 'confidence': np.float64(80.0), 'generated_at': datetime.datetime(2026, 3, 13, 13, 33, 28, 276197, tzinfo=datetime.timezone.utc)} hero_zero=[] inst=None gamma={'gamma_walls': [], 'gamma_flip': None} expiry=None
2026-03-13 19:04:28,294 - api.api_server - INFO - Main loop tick...
2026-03-13 19:04:28,295 - api.api_server - INFO - Fetching option chain for NIFTY
2026-03-13 19:04:28,303 - data.nse_fetcher - WARNING - Error fetching NSE option chain NIFTY: HTTPSConnectionPool(host='www.nseindia.com', port=443): Max retries exceeded with url: /api/option-chain-indices?symbol=NIFTY (Caused by NameResolutionError("HTTPSConnection(host='www.nseindia.com', port=443): Failed to resolve 'www.nseindia.com' ([Errno 11001] getaddrinfo failed)"))
2026-03-13 19:04:28,784 - api.api_server - INFO - LIVE SIGNAL NIFTY price=23682.55078125 scalping={'symbol': 'NIFTY', 'index_price': 23682.55078125, 'trade': 'BUY_PE', 'strike': '23700 PE', 'entry': 20.0, 'target': 28.0, 'stoploss': 16.0, 'confidence': np.float64(75.0), 'generated_at': datetime.datetime(2026, 3, 13, 13, 34, 28, 750806, tzinfo=datetime.timezone.utc)} hero_zero=[] inst=None gamma={'gamma_walls': [], 'gamma_flip': None} expiry=None
2026-03-13 19:04:28,784 - api.api_server - INFO - Fetching option chain for SENSEX
2026-03-13 19:04:28,787 - data.nse_fetcher - WARNING - Error fetching NSE option chain SENSEX: HTTPSConnectionPool(host='www.nseindia.com', port=443): Max retries exceeded with url: /api/option-chain-indices?symbol=SENSEX (Caused by NameResolutionError("HTTPSConnection(host='www.nseindia.com', port=443): Failed to resolve 'www.nseindia.com' ([Errno 11001] getaddrinfo failed)"))
2026-03-13 19:04:29,233 - api.api_server - INFO - LIVE SIGNAL SENSEX price=76320.34375 scalping={'symbol': 'SENSEX', 'index_price': 76320.34375, 'trade': 'BUY_PE', 'strike': '76300 PE', 'entry': 20.0, 'target': 28.0, 'stoploss': 16.0, 'confidence': np.float64(80.0), 'generated_at': datetime.datetime(2026, 3, 13, 13, 34, 29, 227359, tzinfo=datetime.timezone.utc)} hero_zero=[] inst=None gamma={'gamma_walls': [], 'gamma_flip': None} expiry=None
2026-03-13 19:12:40,704 - api.api_server - INFO - Main loop tick...
2026-03-13 19:12:40,704 - api.api_server - INFO - Fetching option chain for NIFTY
2026-03-13 19:12:45,544 - data.nse_fetcher - WARNING - NSE option chain empty JSON for NIFTY
2026-03-13 19:12:46,918 - api.api_server - INFO - LIVE SIGNAL NIFTY price=23682.55078125 scalping={'symbol': 'NIFTY', 'index_price': 23682.55078125, 'trade': 'BUY_PE', 'strike': '23700 PE', 'entry': 20.0, 'target': 28.0, 'stoploss': 16.0, 'confidence': np.float64(75.0), 'generated_at': datetime.datetime(2026, 3, 13, 13, 42, 46, 851980, tzinfo=datetime.timezone.utc)} hero_zero=[] inst=None gamma={'gamma_walls': [], 'gamma_flip': None} expiry=None
2026-03-13 19:12:46,920 - api.api_server - INFO - Fetching option chain for SENSEX
2026-03-13 19:12:47,375 - data.nse_fetcher - WARNING - NSE option chain empty JSON for SENSEX
2026-03-13 19:12:48,612 - api.api_server - INFO - LIVE SIGNAL SENSEX price=76320.34375 scalping={'symbol': 'SENSEX', 'index_price': 76320.34375, 'trade': 'BUY_PE', 'strike': '76300 PE', 'entry': 20.0, 'target': 28.0, 'stoploss': 16.0, 'confidence': np.float64(80.0), 'generated_at': datetime.datetime(2026, 3, 13, 13, 42, 48, 565331, tzinfo=datetime.timezone.utc)} hero_zero=[] inst=None gamma={'gamma_walls': [], 'gamma_flip': None} expiry=None
2026-03-13 19:13:38,492 - api.api_server - INFO - Initializing schema...
2026-03-13 19:13:38,495 - data.data_storage - INFO - SQLite schema initialized at D:\Angel Trading\free_quant_scalping_ai\storage\market_data.sqlite
2026-03-13 19:13:38,498 - data.historical_fetcher - INFO - Downloading NIFTY history 1m (last 7 days)
2026-03-13 19:13:41,311 - data.historical_fetcher - INFO - Downloading NIFTY history 5m (last 59 days)
2026-03-13 19:13:41,345 - data.historical_fetcher - INFO - Downloading NIFTY history 15m (last 59 days)
2026-03-13 19:13:41,442 - data.historical_fetcher - INFO - Downloading NIFTY daily history 2025-03-13 13:43:38.498700+00:00 2026-03-13 13:43:38.498700+00:00
2026-03-13 19:13:41,458 - data.historical_fetcher - INFO - Downloading SENSEX history 1m (last 7 days)
2026-03-13 19:13:42,492 - data.historical_fetcher - INFO - Downloading SENSEX history 5m (last 59 days)
2026-03-13 19:13:42,514 - data.historical_fetcher - INFO - Downloading SENSEX history 15m (last 59 days)
2026-03-13 19:13:42,527 - data.historical_fetcher - INFO - Downloading SENSEX daily history 2025-03-13 13:43:41.458645+00:00 2026-03-13 13:43:41.458645+00:00
2026-03-13 19:13:48,627 - api.api_server - INFO - Main loop tick...
2026-03-13 19:13:48,629 - api.api_server - INFO - Fetching option chain for NIFTY
2026-03-13 19:13:48,732 - data.nse_fetcher - WARNING - NSE option chain empty JSON for NIFTY
2026-03-13 19:13:48,966 - api.api_server - INFO - LIVE SIGNAL NIFTY price=23682.55078125 scalping={'symbol': 'NIFTY', 'index_price': 23682.55078125, 'trade': 'BUY_PE', 'strike': '23700 PE', 'entry': 20.0, 'target': 28.0, 'stoploss': 16.0, 'confidence': np.float64(75.0), 'generated_at': datetime.datetime(2026, 3, 13, 13, 43, 48, 961182, tzinfo=datetime.timezone.utc)} hero_zero=[] inst=None gamma={'gamma_walls': [], 'gamma_flip': None} expiry=None
2026-03-13 19:13:48,967 - api.api_server - INFO - Fetching option chain for SENSEX
2026-03-13 19:13:49,354 - data.nse_fetcher - WARNING - NSE option chain empty JSON for SENSEX
2026-03-13 19:13:49,599 - api.api_server - INFO - LIVE SIGNAL SENSEX price=76320.34375 scalping={'symbol': 'SENSEX', 'index_price': 76320.34375, 'trade': 'BUY_PE', 'strike': '76300 PE', 'entry': 20.0, 'target': 28.0, 'stoploss': 16.0, 'confidence': np.float64(80.0), 'generated_at': datetime.datetime(2026, 3, 13, 13, 43, 49, 594052, tzinfo=datetime.timezone.utc)} hero_zero=[] inst=None gamma={'gamma_walls': [], 'gamma_flip': None} expiry=None
2026-03-13 19:14:49,618 - api.api_server - INFO - Main loop tick...
2026-03-13 19:14:49,619 - api.api_server - INFO - Fetching option chain for NIFTY
2026-03-13 19:14:49,707 - data.nse_fetcher - WARNING - NSE option chain empty JSON for NIFTY
2026-03-13 19:14:50,332 - api.api_server - INFO - LIVE SIGNAL NIFTY price=23682.55078125 scalping={'symbol': 'NIFTY', 'index_price': 23682.55078125, 'trade': 'BUY_PE', 'strike': '23700 PE', 'entry': 20.0, 'target': 28.0, 'stoploss': 16.0, 'confidence': np.float64(75.0), 'generated_at': datetime.datetime(2026, 3, 13, 13, 44, 50, 328037, tzinfo=datetime.timezone.utc)} hero_zero=[] inst=None gamma={'gamma_walls': [], 'gamma_flip': None} expiry=None
2026-03-13 19:14:50,334 - api.api_server - INFO - Fetching option chain for SENSEX
2026-03-13 19:14:50,702 - data.nse_fetcher - WARNING - NSE option chain empty JSON for SENSEX
2026-03-13 19:14:50,953 - api.api_server - INFO - LIVE SIGNAL SENSEX price=76320.34375 scalping={'symbol': 'SENSEX', 'index_price': 76320.34375, 'trade': 'BUY_PE', 'strike': '76300 PE', 'entry': 20.0, 'target': 28.0, 'stoploss': 16.0, 'confidence': np.float64(80.0), 'generated_at': datetime.datetime(2026, 3, 13, 13, 44, 50, 946903, tzinfo=datetime.timezone.utc)} hero_zero=[] inst=None gamma={'gamma_walls': [], 'gamma_flip': None} expiry=None
2026-03-13 19:15:50,978 - api.api_server - INFO - Main loop tick...
2026-03-13 19:15:50,979 - api.api_server - INFO - Fetching option chain for NIFTY
2026-03-13 19:15:51,100 - data.nse_fetcher - WARNING - NSE option chain empty JSON for NIFTY
2026-03-13 19:15:51,311 - api.api_server - INFO - LIVE SIGNAL NIFTY price=23682.55078125 scalping={'symbol': 'NIFTY', 'index_price': 23682.55078125, 'trade': 'BUY_PE', 'strike': '23700 PE', 'entry': 20.0, 'target': 28.0, 'stoploss': 16.0, 'confidence': np.float64(75.0), 'generated_at': datetime.datetime(2026, 3, 13, 13, 45, 51, 306093, tzinfo=datetime.timezone.utc)} hero_zero=[] inst=None gamma={'gamma_walls': [], 'gamma_flip': None} expiry=None
2026-03-13 19:15:51,311 - api.api_server - INFO - Fetching option chain for SENSEX
2026-03-13 19:15:51,761 - data.nse_fetcher - WARNING - NSE option chain empty JSON for SENSEX
2026-03-13 19:15:51,967 - api.api_server - INFO - LIVE SIGNAL SENSEX price=76320.34375 scalping={'symbol': 'SENSEX', 'index_price': 76320.34375, 'trade': 'BUY_PE', 'strike': '76300 PE', 'entry': 20.0, 'target': 28.0, 'stoploss': 16.0, 'confidence': np.float64(80.0), 'generated_at': datetime.datetime(2026, 3, 13, 13, 45, 51, 962651, tzinfo=datetime.timezone.utc)} hero_zero=[] inst=None gamma={'gamma_walls': [], 'gamma_flip': None} expiry=None
2026-03-13 19:16:51,990 - api.api_server - INFO - Main loop tick...
2026-03-13 19:16:51,990 - api.api_server - INFO - Fetching option chain for NIFTY
2026-03-13 19:16:52,091 - data.nse_fetcher - WARNING - NSE option chain empty JSON for NIFTY
2026-03-13 19:16:52,743 - api.api_server - INFO - LIVE SIGNAL NIFTY price=23682.55078125 scalping={'symbol': 'NIFTY', 'index_price': 23682.55078125, 'trade': 'BUY_PE', 'strike': '23700 PE', 'entry': 20.0, 'target': 28.0, 'stoploss': 16.0, 'confidence': np.float64(75.0), 'generated_at': datetime.datetime(2026, 3, 13, 13, 46, 52, 738314, tzinfo=datetime.timezone.utc)} hero_zero=[] inst=None gamma={'gamma_walls': [], 'gamma_flip': None} expiry=None
2026-03-13 19:16:52,744 - api.api_server - INFO - Fetching option chain for SENSEX
2026-03-13 19:16:52,924 - data.nse_fetcher - WARNING - NSE option chain empty JSON for SENSEX
2026-03-13 19:16:53,573 - api.api_server - INFO - LIVE SIGNAL SENSEX price=76320.34375 scalping={'symbol': 'SENSEX', 'index_price': 76320.34375, 'trade': 'BUY_PE', 'strike': '76300 PE', 'entry': 20.0, 'target': 28.0, 'stoploss': 16.0, 'confidence': np.float64(80.0), 'generated_at': datetime.datetime(2026, 3, 13, 13, 46, 53, 567482, tzinfo=datetime.timezone.utc)} hero_zero=[] inst=None gamma={'gamma_walls': [], 'gamma_flip': None} expiry=None
2026-03-13 19:17:53,572 - api.api_server - INFO - Main loop tick...
2026-03-13 19:17:53,573 - api.api_server - INFO - Fetching option chain for NIFTY
2026-03-13 19:17:53,674 - data.nse_fetcher - WARNING - NSE option chain empty JSON for NIFTY
2026-03-13 19:17:54,438 - api.api_server - INFO - LIVE SIGNAL NIFTY price=23682.55078125 scalping={'symbol': 'NIFTY', 'index_price': 23682.55078125, 'trade': 'BUY_PE', 'strike': '23700 PE', 'entry': 20.0, 'target': 28.0, 'stoploss': 16.0, 'confidence': np.float64(75.0), 'generated_at': datetime.datetime(2026, 3, 13, 13, 47, 54, 410845, tzinfo=datetime.timezone.utc)} hero_zero=[] inst=None gamma={'gamma_walls': [], 'gamma_flip': None} expiry=None
2026-03-13 19:17:54,439 - api.api_server - INFO - Fetching option chain for SENSEX
2026-03-13 19:17:54,786 - data.nse_fetcher - WARNING - NSE option chain empty JSON for SENSEX
2026-03-13 19:17:55,510 - api.api_server - INFO - LIVE SIGNAL SENSEX price=76320.34375 scalping={'symbol': 'SENSEX', 'index_price': 76320.34375, 'trade': 'BUY_PE', 'strike': '76300 PE', 'entry': 20.0, 'target': 28.0, 'stoploss': 16.0, 'confidence': np.float64(80.0), 'generated_at': datetime.datetime(2026, 3, 13, 13, 47, 55, 491677, tzinfo=datetime.timezone.utc)} hero_zero=[] inst=None gamma={'gamma_walls': [], 'gamma_flip': None} expiry=None
2026-03-13 19:18:55,519 - api.api_server - INFO - Main loop tick...
2026-03-13 19:18:55,521 - api.api_server - INFO - Fetching option chain for NIFTY
2026-03-13 19:18:55,686 - data.nse_fetcher - WARNING - NSE option chain empty JSON for NIFTY
2026-03-13 19:18:56,450 - api.api_server - INFO - LIVE SIGNAL NIFTY price=23682.55078125 scalping={'symbol': 'NIFTY', 'index_price': 23682.55078125, 'trade': 'BUY_PE', 'strike': '23700 PE', 'entry': 20.0, 'target': 28.0, 'stoploss': 16.0, 'confidence': np.float64(75.0), 'generated_at': datetime.datetime(2026, 3, 13, 13, 48, 56, 426313, tzinfo=datetime.timezone.utc)} hero_zero=[] inst=None gamma={'gamma_walls': [], 'gamma_flip': None} expiry=None
2026-03-13 19:18:56,451 - api.api_server - INFO - Fetching option chain for SENSEX
2026-03-13 19:18:56,770 - data.nse_fetcher - WARNING - NSE option chain empty JSON for SENSEX
2026-03-13 19:18:57,514 - api.api_server - INFO - LIVE SIGNAL SENSEX price=76320.34375 scalping={'symbol': 'SENSEX', 'index_price': 76320.34375, 'trade': 'BUY_PE', 'strike': '76300 PE', 'entry': 20.0, 'target': 28.0, 'stoploss': 16.0, 'confidence': np.float64(80.0), 'generated_at': datetime.datetime(2026, 3, 13, 13, 48, 57, 490242, tzinfo=datetime.timezone.utc)} hero_zero=[] inst=None gamma={'gamma_walls': [], 'gamma_flip': None} expiry=None
2026-03-13 19:19:57,530 - api.api_server - INFO - Main loop tick...
2026-03-13 19:19:57,534 - api.api_server - INFO - Fetching option chain for NIFTY
2026-03-13 19:19:57,658 - data.nse_fetcher - WARNING - NSE option chain empty JSON for NIFTY
2026-03-13 19:19:57,881 - api.api_server - INFO - LIVE SIGNAL NIFTY price=23682.55078125 scalping={'symbol': 'NIFTY', 'index_price': 23682.55078125, 'trade': 'BUY_PE', 'strike': '23700 PE', 'entry': 20.0, 'target': 28.0, 'stoploss': 16.0, 'confidence': np.float64(75.0), 'generated_at': datetime.datetime(2026, 3, 13, 13, 49, 57, 866629, tzinfo=datetime.timezone.utc)} hero_zero=[] inst=None gamma={'gamma_walls': [], 'gamma_flip': None} expiry=None
2026-03-13 19:19:57,881 - api.api_server - INFO - Fetching option chain for SENSEX
2026-03-13 19:19:58,193 - data.nse_fetcher - WARNING - NSE option chain empty JSON for SENSEX
2026-03-13 19:19:58,405 - api.api_server - INFO - LIVE SIGNAL SENSEX price=76320.34375 scalping={'symbol': 'SENSEX', 'index_price': 76320.34375, 'trade': 'BUY_PE', 'strike': '76300 PE', 'entry': 20.0, 'target': 28.0, 'stoploss': 16.0, 'confidence': np.float64(80.0), 'generated_at': datetime.datetime(2026, 3, 13, 13, 49, 58, 389442, tzinfo=datetime.timezone.utc)} hero_zero=[] inst=None gamma={'gamma_walls': [], 'gamma_flip': None} expiry=None
2026-03-13 19:20:58,428 - api.api_server - INFO - Main loop tick...
2026-03-13 19:20:58,442 - api.api_server - INFO - Fetching option chain for NIFTY
2026-03-13 19:20:58,548 - data.nse_fetcher - WARNING - NSE option chain empty JSON for NIFTY
2026-03-13 19:20:58,791 - api.api_server - INFO - LIVE SIGNAL NIFTY price=23682.55078125 scalping={'symbol': 'NIFTY', 'index_price': 23682.55078125, 'trade': 'BUY_PE', 'strike': '23700 PE', 'entry': 20.0, 'target': 28.0, 'stoploss': 16.0, 'confidence': np.float64(75.0), 'generated_at': datetime.datetime(2026, 3, 13, 13, 50, 58, 777023, tzinfo=datetime.timezone.utc)} hero_zero=[] inst=None gamma={'gamma_walls': [], 'gamma_flip': None} expiry=None
2026-03-13 19:20:58,793 - api.api_server - INFO - Fetching option chain for SENSEX
2026-03-13 19:20:59,170 - data.nse_fetcher - WARNING - NSE option chain empty JSON for SENSEX
2026-03-13 19:20:59,416 - api.api_server - INFO - LIVE SIGNAL SENSEX price=76320.34375 scalping={'symbol': 'SENSEX', 'index_price': 76320.34375, 'trade': 'BUY_PE', 'strike': '76300 PE', 'entry': 20.0, 'target': 28.0, 'stoploss': 16.0, 'confidence': np.float64(80.0), 'generated_at': datetime.datetime(2026, 3, 13, 13, 50, 59, 399643, tzinfo=datetime.timezone.utc)} hero_zero=[] inst=None gamma={'gamma_walls': [], 'gamma_flip': None} expiry=None
2026-03-13 19:21:59,437 - api.api_server - INFO - Main loop tick...
2026-03-13 19:21:59,438 - api.api_server - INFO - Fetching option chain for NIFTY
2026-03-13 19:21:59,585 - data.nse_fetcher - WARNING - NSE option chain empty JSON for NIFTY
2026-03-13 19:22:00,170 - api.api_server - INFO - LIVE SIGNAL NIFTY price=23682.55078125 scalping={'symbol': 'NIFTY', 'index_price': 23682.55078125, 'trade': 'BUY_PE', 'strike': '23700 PE', 'entry': 20.0, 'target': 28.0, 'stoploss': 16.0, 'confidence': np.float64(75.0), 'generated_at': datetime.datetime(2026, 3, 13, 13, 52, 0, 99732, tzinfo=datetime.timezone.utc)} hero_zero=[] inst=None gamma={'gamma_walls': [], 'gamma_flip': None} expiry=None
2026-03-13 19:22:00,172 - api.api_server - INFO - Fetching option chain for SENSEX
2026-03-13 19:22:00,478 - data.nse_fetcher - WARNING - NSE option chain empty JSON for SENSEX
2026-03-13 19:22:00,947 - api.api_server - INFO - LIVE SIGNAL SENSEX price=76320.34375 scalping={'symbol': 'SENSEX', 'index_price': 76320.34375, 'trade': 'BUY_PE', 'strike': '76300 PE', 'entry': 20.0, 'target': 28.0, 'stoploss': 16.0, 'confidence': np.float64(80.0), 'generated_at': datetime.datetime(2026, 3, 13, 13, 52, 0, 922519, tzinfo=datetime.timezone.utc)} hero_zero=[] inst=None gamma={'gamma_walls': [], 'gamma_flip': None} expiry=None
2026-03-13 19:23:00,958 - api.api_server - INFO - Main loop tick...
2026-03-13 19:23:00,959 - api.api_server - INFO - Fetching option chain for NIFTY
2026-03-13 19:23:01,069 - data.nse_fetcher - WARNING - NSE option chain empty JSON for NIFTY
2026-03-13 19:23:01,578 - api.api_server - INFO - LIVE SIGNAL NIFTY price=23682.55078125 scalping={'symbol': 'NIFTY', 'index_price': 23682.55078125, 'trade': 'BUY_PE', 'strike': '23700 PE', 'entry': 20.0, 'target': 28.0, 'stoploss': 16.0, 'confidence': np.float64(75.0), 'generated_at': datetime.datetime(2026, 3, 13, 13, 53, 1, 550513, tzinfo=datetime.timezone.utc)} hero_zero=[] inst=None gamma={'gamma_walls': [], 'gamma_flip': None} expiry=None
2026-03-13 19:23:01,579 - api.api_server - INFO - Fetching option chain for SENSEX
2026-03-13 19:23:01,895 - data.nse_fetcher - WARNING - NSE option chain empty JSON for SENSEX
2026-03-13 19:23:02,298 - api.api_server - INFO - LIVE SIGNAL SENSEX price=76320.34375 scalping={'symbol': 'SENSEX', 'index_price': 76320.34375, 'trade': 'BUY_PE', 'strike': '76300 PE', 'entry': 20.0, 'target': 28.0, 'stoploss': 16.0, 'confidence': np.float64(80.0), 'generated_at': datetime.datetime(2026, 3, 13, 13, 53, 2, 292179, tzinfo=datetime.timezone.utc)} hero_zero=[] inst=None gamma={'gamma_walls': [], 'gamma_flip': None} expiry=None
2026-03-13 19:24:02,297 - api.api_server - INFO - Main loop tick...
2026-03-13 19:24:02,298 - api.api_server - INFO - Fetching option chain for NIFTY
2026-03-13 19:24:02,389 - data.nse_fetcher - WARNING - NSE option chain empty JSON for NIFTY
2026-03-13 19:24:02,659 - api.api_server - INFO - LIVE SIGNAL NIFTY price=23682.55078125 scalping={'symbol': 'NIFTY', 'index_price': 23682.55078125, 'trade': 'BUY_PE', 'strike': '23700 PE', 'entry': 20.0, 'target': 28.0, 'stoploss': 16.0, 'confidence': np.float64(75.0), 'generated_at': datetime.datetime(2026, 3, 13, 13, 54, 2, 643288, tzinfo=datetime.timezone.utc)} hero_zero=[] inst=None gamma={'gamma_walls': [], 'gamma_flip': None} expiry=None
2026-03-13 19:24:02,662 - api.api_server - INFO - Fetching option chain for SENSEX
2026-03-13 19:24:03,079 - data.nse_fetcher - WARNING - NSE option chain empty JSON for SENSEX
2026-03-13 19:24:03,336 - api.api_server - INFO - LIVE SIGNAL SENSEX price=76320.34375 scalping={'symbol': 'SENSEX', 'index_price': 76320.34375, 'trade': 'BUY_PE', 'strike': '76300 PE', 'entry': 20.0, 'target': 28.0, 'stoploss': 16.0, 'confidence': np.float64(80.0), 'generated_at': datetime.datetime(2026, 3, 13, 13, 54, 3, 297613, tzinfo=datetime.timezone.utc)} hero_zero=[] inst=None gamma={'gamma_walls': [], 'gamma_flip': None} expiry=None
2026-03-13 19:25:03,333 - api.api_server - INFO - Main loop tick...
2026-03-13 19:25:03,335 - api.api_server - INFO - Fetching option chain for NIFTY
2026-03-13 19:25:03,501 - data.nse_fetcher - WARNING - NSE option chain empty JSON for NIFTY
2026-03-13 19:25:03,742 - api.api_server - INFO - LIVE SIGNAL NIFTY price=23682.55078125 scalping={'symbol': 'NIFTY', 'index_price': 23682.55078125, 'trade': 'BUY_PE', 'strike': '23700 PE', 'entry': 20.0, 'target': 28.0, 'stoploss': 16.0, 'confidence': np.float64(75.0), 'generated_at': datetime.datetime(2026, 3, 13, 13, 55, 3, 722705, tzinfo=datetime.timezone.utc)} hero_zero=[] inst=None gamma={'gamma_walls': [], 'gamma_flip': None} expiry=None
2026-03-13 19:25:03,743 - api.api_server - INFO - Fetching option chain for SENSEX
2026-03-13 19:25:04,323 - data.nse_fetcher - WARNING - NSE option chain empty JSON for SENSEX
2026-03-13 19:25:04,542 - api.api_server - INFO - LIVE SIGNAL SENSEX price=76320.34375 scalping={'symbol': 'SENSEX', 'index_price': 76320.34375, 'trade': 'BUY_PE', 'strike': '76300 PE', 'entry': 20.0, 'target': 28.0, 'stoploss': 16.0, 'confidence': np.float64(80.0), 'generated_at': datetime.datetime(2026, 3, 13, 13, 55, 4, 527170, tzinfo=datetime.timezone.utc)} hero_zero=[] inst=None gamma={'gamma_walls': [], 'gamma_flip': None} expiry=None
2026-03-13 19:26:04,555 - api.api_server - INFO - Main loop tick...
2026-03-13 19:26:04,556 - api.api_server - INFO - Fetching option chain for NIFTY
2026-03-13 19:26:04,732 - data.nse_fetcher - WARNING - NSE option chain empty JSON for NIFTY
2026-03-13 19:26:05,028 - api.api_server - INFO - LIVE SIGNAL NIFTY price=23682.55078125 scalping={'symbol': 'NIFTY', 'index_price': 23682.55078125, 'trade': 'BUY_PE', 'strike': '23700 PE', 'entry': 20.0, 'target': 28.0, 'stoploss': 16.0, 'confidence': np.float64(75.0), 'generated_at': datetime.datetime(2026, 3, 13, 13, 56, 5, 14053, tzinfo=datetime.timezone.utc)} hero_zero=[] inst=None gamma={'gamma_walls': [], 'gamma_flip': None} expiry=None
2026-03-13 19:26:05,028 - api.api_server - INFO - Fetching option chain for SENSEX
2026-03-13 19:26:05,457 - data.nse_fetcher - WARNING - NSE option chain empty JSON for SENSEX
2026-03-13 19:26:05,861 - api.api_server - INFO - LIVE SIGNAL SENSEX price=76320.34375 scalping={'symbol': 'SENSEX', 'index_price': 76320.34375, 'trade': 'BUY_PE', 'strike': '76300 PE', 'entry': 20.0, 'target': 28.0, 'stoploss': 16.0, 'confidence': np.float64(80.0), 'generated_at': datetime.datetime(2026, 3, 13, 13, 56, 5, 844484, tzinfo=datetime.timezone.utc)} hero_zero=[] inst=None gamma={'gamma_walls': [], 'gamma_flip': None} expiry=None
2026-03-13 19:27:05,848 - api.api_server - INFO - Main loop tick...
2026-03-13 19:27:05,853 - api.api_server - INFO - Fetching option chain for NIFTY
2026-03-13 19:27:05,946 - data.nse_fetcher - WARNING - NSE option chain empty JSON for NIFTY
2026-03-13 19:27:06,198 - api.api_server - INFO - LIVE SIGNAL NIFTY price=23682.55078125 scalping={'symbol': 'NIFTY', 'index_price': 23682.55078125, 'trade': 'BUY_PE', 'strike': '23700 PE', 'entry': 20.0, 'target': 28.0, 'stoploss': 16.0, 'confidence': np.float64(75.0), 'generated_at': datetime.datetime(2026, 3, 13, 13, 57, 6, 193575, tzinfo=datetime.timezone.utc)} hero_zero=[] inst=None gamma={'gamma_walls': [], 'gamma_flip': None} expiry=None
2026-03-13 19:27:06,198 - api.api_server - INFO - Fetching option chain for SENSEX
2026-03-13 19:27:06,794 - data.nse_fetcher - WARNING - NSE option chain empty JSON for SENSEX
2026-03-13 19:27:07,054 - api.api_server - INFO - LIVE SIGNAL SENSEX price=76320.34375 scalping={'symbol': 'SENSEX', 'index_price': 76320.34375, 'trade': 'BUY_PE', 'strike': '76300 PE', 'entry': 20.0, 'target': 28.0, 'stoploss': 16.0, 'confidence': np.float64(80.0), 'generated_at': datetime.datetime(2026, 3, 13, 13, 57, 7, 35927, tzinfo=datetime.timezone.utc)} hero_zero=[] inst=None gamma={'gamma_walls': [], 'gamma_flip': None} expiry=None
2026-03-13 19:28:07,053 - api.api_server - INFO - Main loop tick...
2026-03-13 19:28:07,055 - api.api_server - INFO - Fetching option chain for NIFTY
2026-03-13 19:28:07,175 - data.nse_fetcher - WARNING - NSE option chain empty JSON for NIFTY
2026-03-13 19:28:07,392 - api.api_server - INFO - LIVE SIGNAL NIFTY price=23682.55078125 scalping={'symbol': 'NIFTY', 'index_price': 23682.55078125, 'trade': 'BUY_PE', 'strike': '23700 PE', 'entry': 20.0, 'target': 28.0, 'stoploss': 16.0, 'confidence': np.float64(75.0), 'generated_at': datetime.datetime(2026, 3, 13, 13, 58, 7, 377890, tzinfo=datetime.timezone.utc)} hero_zero=[] inst=None gamma={'gamma_walls': [], 'gamma_flip': None} expiry=None
2026-03-13 19:28:07,392 - api.api_server - INFO - Fetching option chain for SENSEX
2026-03-13 19:28:07,785 - data.nse_fetcher - WARNING - NSE option chain empty JSON for SENSEX
2026-03-13 19:28:08,021 - api.api_server - INFO - LIVE SIGNAL SENSEX price=76320.34375 scalping={'symbol': 'SENSEX', 'index_price': 76320.34375, 'trade': 'BUY_PE', 'strike': '76300 PE', 'entry': 20.0, 'target': 28.0, 'stoploss': 16.0, 'confidence': np.float64(80.0), 'generated_at': datetime.datetime(2026, 3, 13, 13, 58, 7, 989557, tzinfo=datetime.timezone.utc)} hero_zero=[] inst=None gamma={'gamma_walls': [], 'gamma_flip': None} expiry=None
2026-03-13 19:29:08,034 - api.api_server - INFO - Main loop tick...
2026-03-13 19:29:08,036 - api.api_server - INFO - Fetching option chain for NIFTY
2026-03-13 19:29:08,149 - data.nse_fetcher - WARNING - NSE option chain empty JSON for NIFTY
2026-03-13 19:29:08,543 - api.api_server - INFO - LIVE SIGNAL NIFTY price=23682.55078125 scalping={'symbol': 'NIFTY', 'index_price': 23682.55078125, 'trade': 'BUY_PE', 'strike': '23700 PE', 'entry': 20.0, 'target': 28.0, 'stoploss': 16.0, 'confidence': np.float64(75.0), 'generated_at': datetime.datetime(2026, 3, 13, 13, 59, 8, 528476, tzinfo=datetime.timezone.utc)} hero_zero=[] inst=None gamma={'gamma_walls': [], 'gamma_flip': None} expiry=None
2026-03-13 19:29:08,544 - api.api_server - INFO - Fetching option chain for SENSEX
2026-03-13 19:29:08,852 - data.nse_fetcher - WARNING - NSE option chain empty JSON for SENSEX
2026-03-13 19:29:09,086 - api.api_server - INFO - LIVE SIGNAL SENSEX price=76320.34375 scalping={'symbol': 'SENSEX', 'index_price': 76320.34375, 'trade': 'BUY_PE', 'strike': '76300 PE', 'entry': 20.0, 'target': 28.0, 'stoploss': 16.0, 'confidence': np.float64(80.0), 'generated_at': datetime.datetime(2026, 3, 13, 13, 59, 9, 80586, tzinfo=datetime.timezone.utc)} hero_zero=[] inst=None gamma={'gamma_walls': [], 'gamma_flip': None} expiry=None
2026-03-13 19:30:09,083 - api.api_server - INFO - Main loop tick...
2026-03-13 19:30:09,084 - api.api_server - INFO - Fetching option chain for NIFTY
2026-03-13 19:30:09,198 - data.nse_fetcher - WARNING - NSE option chain empty JSON for NIFTY
2026-03-13 19:30:09,458 - api.api_server - INFO - LIVE SIGNAL NIFTY price=23682.55078125 scalping={'symbol': 'NIFTY', 'index_price': 23682.55078125, 'trade': 'BUY_PE', 'strike': '23700 PE', 'entry': 20.0, 'target': 28.0, 'stoploss': 16.0, 'confidence': np.float64(75.0), 'generated_at': datetime.datetime(2026, 3, 13, 14, 0, 9, 443996, tzinfo=datetime.timezone.utc)} hero_zero=[] inst=None gamma={'gamma_walls': [], 'gamma_flip': None} expiry=None
2026-03-13 19:30:09,458 - api.api_server - INFO - Fetching option chain for SENSEX
2026-03-13 19:30:09,731 - data.nse_fetcher - WARNING - NSE option chain empty JSON for SENSEX
2026-03-13 19:30:10,022 - api.api_server - INFO - LIVE SIGNAL SENSEX price=76320.34375 scalping={'symbol': 'SENSEX', 'index_price': 76320.34375, 'trade': 'BUY_PE', 'strike': '76300 PE', 'entry': 20.0, 'target': 28.0, 'stoploss': 16.0, 'confidence': np.float64(80.0), 'generated_at': datetime.datetime(2026, 3, 13, 14, 0, 9, 993687, tzinfo=datetime.timezone.utc)} hero_zero=[] inst=None gamma={'gamma_walls': [], 'gamma_flip': None} expiry=None
2026-03-13 19:31:10,038 - api.api_server - INFO - Main loop tick...
2026-03-13 19:31:10,039 - api.api_server - INFO - Fetching option chain for NIFTY
2026-03-13 19:31:10,136 - data.nse_fetcher - WARNING - NSE option chain empty JSON for NIFTY
2026-03-13 19:31:10,363 - api.api_server - INFO - LIVE SIGNAL NIFTY price=23682.55078125 scalping={'symbol': 'NIFTY', 'index_price': 23682.55078125, 'trade': 'BUY_PE', 'strike': '23700 PE', 'entry': 20.0, 'target': 28.0, 'stoploss': 16.0, 'confidence': np.float64(75.0), 'generated_at': datetime.datetime(2026, 3, 13, 14, 1, 10, 347989, tzinfo=datetime.timezone.utc)} hero_zero=[] inst=None gamma={'gamma_walls': [], 'gamma_flip': None} expiry=None
2026-03-13 19:31:10,365 - api.api_server - INFO - Fetching option chain for SENSEX
2026-03-13 19:31:10,681 - data.nse_fetcher - WARNING - NSE option chain empty JSON for SENSEX
2026-03-13 19:31:11,043 - api.api_server - INFO - LIVE SIGNAL SENSEX price=76320.34375 scalping={'symbol': 'SENSEX', 'index_price': 76320.34375, 'trade': 'BUY_PE', 'strike': '76300 PE', 'entry': 20.0, 'target': 28.0, 'stoploss': 16.0, 'confidence': np.float64(80.0), 'generated_at': datetime.datetime(2026, 3, 13, 14, 1, 11, 19434, tzinfo=datetime.timezone.utc)} hero_zero=[] inst=None gamma={'gamma_walls': [], 'gamma_flip': None} expiry=None
2026-03-13 19:32:03,275 - api.api_server - INFO - Initializing schema...
2026-03-13 19:32:03,280 - data.data_storage - INFO - SQLite schema initialized at D:\Angel Trading\free_quant_scalping_ai\storage\market_data.sqlite
2026-03-13 19:32:03,285 - data.historical_fetcher - INFO - Downloading NIFTY history 1m (last 7 days)
2026-03-13 19:32:04,982 - data.historical_fetcher - INFO - Downloading NIFTY history 5m (last 59 days)
2026-03-13 19:32:04,997 - data.historical_fetcher - INFO - Downloading NIFTY history 15m (last 59 days)
2026-03-13 19:32:05,012 - data.historical_fetcher - INFO - Downloading NIFTY daily history 2025-03-13 14:02:03.284455+00:00 2026-03-13 14:02:03.284455+00:00
2026-03-13 19:32:05,025 - data.historical_fetcher - INFO - Downloading SENSEX history 1m (last 7 days)
2026-03-13 19:32:06,575 - data.historical_fetcher - INFO - Downloading SENSEX history 5m (last 59 days)
2026-03-13 19:32:06,589 - data.historical_fetcher - INFO - Downloading SENSEX history 15m (last 59 days)
2026-03-13 19:32:06,603 - data.historical_fetcher - INFO - Downloading SENSEX daily history 2025-03-13 14:02:05.025828+00:00 2026-03-13 14:02:05.025828+00:00
2026-03-13 19:32:53,792 - api.api_server - INFO - Initializing schema...
2026-03-13 19:32:53,805 - data.data_storage - INFO - SQLite schema initialized at D:\Angel Trading\free_quant_scalping_ai\storage\market_data.sqlite
2026-03-13 19:32:53,807 - data.historical_fetcher - INFO - Downloading NIFTY history 1m (last 7 days)
2026-03-13 19:32:53,821 - api.api_server - INFO - [TRAINING] Daily trainer scheduled for 02:00 UTC
2026-03-13 19:32:53,822 - api.api_server - INFO - API server ready. Docs: http://localhost:8000/docs
2026-03-13 19:32:53,823 - api.api_server - INFO - Main loop tick...
2026-03-13 19:32:53,824 - api.api_server - INFO - Fetching option chain for NIFTY
2026-03-13 19:32:54,327 - data.nse_fetcher - WARNING - NSE option chain empty JSON for NIFTY
2026-03-13 19:32:55,565 - data.historical_fetcher - INFO - Downloading NIFTY history 5m (last 59 days)
2026-03-13 19:32:55,582 - data.historical_fetcher - INFO - Downloading NIFTY history 15m (last 59 days)
2026-03-13 19:32:55,596 - data.historical_fetcher - INFO - Downloading NIFTY daily history 2025-03-13 14:02:53.807252+00:00 2026-03-13 14:02:53.807252+00:00
2026-03-13 19:32:55,610 - data.historical_fetcher - INFO - Downloading SENSEX history 1m (last 7 days)
2026-03-13 19:32:56,639 - data.historical_fetcher - INFO - Downloading SENSEX history 5m (last 59 days)
2026-03-13 19:32:56,653 - data.historical_fetcher - INFO - Downloading SENSEX history 15m (last 59 days)
2026-03-13 19:32:56,668 - data.historical_fetcher - INFO - Downloading SENSEX daily history 2025-03-13 14:02:55.610035+00:00 2026-03-13 14:02:55.610035+00:00
2026-03-13 19:33:02,777 - data.nse_live_price - INFO - [NSE] Live price fetched for NIFTY: 23151.1
2026-03-13 19:33:03,000 - api.api_server - INFO - LIVE SIGNAL NIFTY price=23151.1 scalping={'symbol': 'NIFTY', 'index_price': 23151.1, 'trade': 'BUY_PE', 'strike': '23150 PE', 'entry': 20.0, 'target': 28.0, 'stoploss': 16.0, 'confidence': 80.0, 'generated_at': datetime.datetime(2026, 3, 13, 14, 3, 2, 990325, tzinfo=datetime.timezone.utc)} hero_zero=[] inst=None gamma={'gamma_walls': [], 'gamma_flip': None} expiry=None
2026-03-13 19:33:03,001 - api.api_server - INFO - Fetching option chain for SENSEX
2026-03-13 19:33:03,323 - data.nse_fetcher - WARNING - NSE option chain empty JSON for SENSEX
2026-03-13 19:33:07,029 - data.nse_live_price - WARNING - [NSE] Index name SENSEX not found in allIndices payload
2026-03-13 19:33:07,032 - data.live_price - INFO - Using cached price for SENSEX from candles: 76320.34375
2026-03-13 19:33:07,157 - api.api_server - INFO - LIVE SIGNAL SENSEX price=76320.34375 scalping={'symbol': 'SENSEX', 'index_price': 76320.34375, 'trade': 'BUY_PE', 'strike': '76300 PE', 'entry': 20.0, 'target': 28.0, 'stoploss': 16.0, 'confidence': 80.0, 'generated_at': datetime.datetime(2026, 3, 13, 14, 3, 7, 134303, tzinfo=datetime.timezone.utc)} hero_zero=[] inst=None gamma={'gamma_walls': [], 'gamma_flip': None} expiry=None
2026-03-13 19:34:07,149 - api.api_server - INFO - Main loop tick...
2026-03-13 19:34:07,151 - api.api_server - INFO - Fetching option chain for NIFTY
2026-03-13 19:34:07,268 - data.nse_fetcher - WARNING - NSE option chain empty JSON for NIFTY
2026-03-13 19:34:09,641 - data.nse_live_price - INFO - [NSE] Live price fetched for NIFTY: 23151.1
2026-03-13 19:34:09,768 - api.api_server - INFO - LIVE SIGNAL NIFTY price=23151.1 scalping={'symbol': 'NIFTY', 'index_price': 23151.1, 'trade': 'BUY_PE', 'strike': '23150 PE', 'entry': 20.0, 'target': 28.0, 'stoploss': 16.0, 'confidence': 75.0, 'generated_at': datetime.datetime(2026, 3, 13, 14, 4, 9, 752955, tzinfo=datetime.timezone.utc)} hero_zero=[] inst=None gamma={'gamma_walls': [], 'gamma_flip': None} expiry=None
2026-03-13 19:34:09,769 - api.api_server - INFO - Fetching option chain for SENSEX
2026-03-13 19:34:10,022 - data.nse_fetcher - WARNING - NSE option chain empty JSON for SENSEX
2026-03-13 19:34:12,596 - data.nse_live_price - WARNING - [NSE] Index name SENSEX not found in allIndices payload
2026-03-13 19:34:12,599 - data.live_price - INFO - Using cached price for SENSEX from candles: 76320.34375
2026-03-13 19:34:12,715 - api.api_server - INFO - LIVE SIGNAL SENSEX price=76320.34375 scalping={'symbol': 'SENSEX', 'index_price': 76320.34375, 'trade': 'BUY_PE', 'strike': '76300 PE', 'entry': 20.0, 'target': 28.0, 'stoploss': 16.0, 'confidence': 85.0, 'generated_at': datetime.datetime(2026, 3, 13, 14, 4, 12, 699704, tzinfo=datetime.timezone.utc)} hero_zero=[] inst=None gamma={'gamma_walls': [], 'gamma_flip': None} expiry=None
2026-03-13 19:35:12,726 - api.api_server - INFO - Main loop tick...
2026-03-13 19:35:12,729 - api.api_server - INFO - Fetching option chain for NIFTY
2026-03-13 19:35:12,854 - data.nse_fetcher - WARNING - NSE option chain empty JSON for NIFTY
2026-03-13 19:35:15,278 - data.nse_live_price - INFO - [NSE] Live price fetched for NIFTY: 23151.1
2026-03-13 19:35:15,392 - api.api_server - INFO - LIVE SIGNAL NIFTY price=23151.1 scalping={'symbol': 'NIFTY', 'index_price': 23151.1, 'trade': 'BUY_PE', 'strike': '23150 PE', 'entry': 20.0, 'target': 28.0, 'stoploss': 16.0, 'confidence': 75.0, 'generated_at': datetime.datetime(2026, 3, 13, 14, 5, 15, 374351, tzinfo=datetime.timezone.utc)} hero_zero=[] inst=None gamma={'gamma_walls': [], 'gamma_flip': None} expiry=None
2026-03-13 19:35:15,394 - api.api_server - INFO - Fetching option chain for SENSEX
2026-03-13 19:35:15,755 - data.nse_fetcher - WARNING - NSE option chain empty JSON for SENSEX
2026-03-13 19:35:18,754 - data.nse_live_price - WARNING - [NSE] Index name SENSEX not found in allIndices payload
2026-03-13 19:35:18,759 - data.live_price - INFO - Using cached price for SENSEX from candles: 76320.34375
2026-03-13 19:35:18,896 - api.api_server - INFO - LIVE SIGNAL SENSEX price=76320.34375 scalping={'symbol': 'SENSEX', 'index_price': 76320.34375, 'trade': 'BUY_PE', 'strike': '76300 PE', 'entry': 20.0, 'target': 28.0, 'stoploss': 16.0, 'confidence': 85.0, 'generated_at': datetime.datetime(2026, 3, 13, 14, 5, 18, 879477, tzinfo=datetime.timezone.utc)} hero_zero=[] inst=None gamma={'gamma_walls': [], 'gamma_flip': None} expiry=None
2026-03-13 19:36:18,914 - api.api_server - INFO - Main loop tick...
2026-03-13 19:36:18,915 - api.api_server - INFO - Fetching option chain for NIFTY
2026-03-13 19:36:19,012 - data.nse_fetcher - WARNING - NSE option chain empty JSON for NIFTY
2026-03-13 19:36:21,791 - data.nse_live_price - INFO - [NSE] Live price fetched for NIFTY: 23151.1
2026-03-13 19:36:21,909 - api.api_server - INFO - LIVE SIGNAL NIFTY price=23151.1 scalping={'symbol': 'NIFTY', 'index_price': 23151.1, 'trade': 'BUY_PE', 'strike': '23150 PE', 'entry': 20.0, 'target': 28.0, 'stoploss': 16.0, 'confidence': 75.0, 'generated_at': datetime.datetime(2026, 3, 13, 14, 6, 21, 893348, tzinfo=datetime.timezone.utc)} hero_zero=[] inst=None gamma={'gamma_walls': [], 'gamma_flip': None} expiry=None
2026-03-13 19:36:21,910 - api.api_server - INFO - Fetching option chain for SENSEX
2026-03-13 19:36:22,317 - data.nse_fetcher - WARNING - NSE option chain empty JSON for SENSEX
2026-03-13 19:36:24,766 - data.nse_live_price - WARNING - [NSE] Index name SENSEX not found in allIndices payload
2026-03-13 19:36:24,769 - data.live_price - INFO - Using cached price for SENSEX from candles: 76320.34375
2026-03-13 19:36:24,915 - api.api_server - INFO - LIVE SIGNAL SENSEX price=76320.34375 scalping={'symbol': 'SENSEX', 'index_price': 76320.34375, 'trade': 'BUY_PE', 'strike': '76300 PE', 'entry': 20.0, 'target': 28.0, 'stoploss': 16.0, 'confidence': 85.0, 'generated_at': datetime.datetime(2026, 3, 13, 14, 6, 24, 898862, tzinfo=datetime.timezone.utc)} hero_zero=[] inst=None gamma={'gamma_walls': [], 'gamma_flip': None} expiry=None
2026-03-13 19:37:24,912 - api.api_server - INFO - Main loop tick...
2026-03-13 19:37:24,913 - api.api_server - INFO - Fetching option chain for NIFTY
2026-03-13 19:37:24,993 - data.nse_fetcher - WARNING - NSE option chain empty JSON for NIFTY
2026-03-13 19:37:32,280 - data.nse_live_price - INFO - [NSE] Live price fetched for NIFTY: 23151.1
2026-03-13 19:37:32,618 - api.api_server - INFO - LIVE SIGNAL NIFTY price=23151.1 scalping={'symbol': 'NIFTY', 'index_price': 23151.1, 'trade': 'BUY_PE', 'strike': '23150 PE', 'entry': 20.0, 'target': 28.0, 'stoploss': 16.0, 'confidence': 80.0, 'generated_at': datetime.datetime(2026, 3, 13, 14, 7, 32, 595736, tzinfo=datetime.timezone.utc)} hero_zero=[] inst=None gamma={'gamma_walls': [], 'gamma_flip': None} expiry=None
2026-03-13 19:37:32,620 - api.api_server - INFO - Fetching option chain for SENSEX
2026-03-13 19:37:33,011 - data.nse_fetcher - WARNING - NSE option chain empty JSON for SENSEX
2026-03-13 19:37:43,555 - data.nse_live_price - WARNING - [NSE] Index name SENSEX not found in allIndices payload
2026-03-13 19:37:43,564 - data.live_price - INFO - Using cached price for SENSEX from candles: 76320.34375
2026-03-13 19:37:43,993 - api.api_server - INFO - LIVE SIGNAL SENSEX price=76320.34375 scalping={'symbol': 'SENSEX', 'index_price': 76320.34375, 'trade': 'BUY_PE', 'strike': '76300 PE', 'entry': 20.0, 'target': 28.0, 'stoploss': 16.0, 'confidence': 85.0, 'generated_at': datetime.datetime(2026, 3, 13, 14, 7, 43, 976845, tzinfo=datetime.timezone.utc)} hero_zero=[] inst=None gamma={'gamma_walls': [], 'gamma_flip': None} expiry=None
2026-03-13 19:38:43,982 - api.api_server - INFO - Main loop tick...
2026-03-13 19:38:43,984 - api.api_server - INFO - Fetching option chain for NIFTY
2026-03-13 19:38:44,084 - data.nse_fetcher - WARNING - NSE option chain empty JSON for NIFTY
2026-03-13 19:38:52,615 - data.nse_live_price - INFO - [NSE] Live price fetched for NIFTY: 23151.1
2026-03-13 19:38:52,953 - api.api_server - INFO - LIVE SIGNAL NIFTY price=23151.1 scalping={'symbol': 'NIFTY', 'index_price': 23151.1, 'trade': 'BUY_PE', 'strike': '23150 PE', 'entry': 20.0, 'target': 28.0, 'stoploss': 16.0, 'confidence': 75.0, 'generated_at': datetime.datetime(2026, 3, 13, 14, 8, 52, 940050, tzinfo=datetime.timezone.utc)} hero_zero=[] inst=None gamma={'gamma_walls': [], 'gamma_flip': None} expiry=None
2026-03-13 19:38:52,955 - api.api_server - INFO - Fetching option chain for SENSEX
2026-03-13 19:38:53,271 - data.nse_fetcher - WARNING - NSE option chain empty JSON for SENSEX
2026-03-13 19:39:01,001 - data.nse_live_price - WARNING - [NSE] Index name SENSEX not found in allIndices payload
2026-03-13 19:39:01,009 - data.live_price - INFO - Using cached price for SENSEX from candles: 76320.34375
2026-03-13 19:39:01,372 - api.api_server - INFO - LIVE SIGNAL SENSEX price=76320.34375 scalping={'symbol': 'SENSEX', 'index_price': 76320.34375, 'trade': 'BUY_PE', 'strike': '76300 PE', 'entry': 20.0, 'target': 28.0, 'stoploss': 16.0, 'confidence': 85.0, 'generated_at': datetime.datetime(2026, 3, 13, 14, 9, 1, 347589, tzinfo=datetime.timezone.utc)} hero_zero=[] inst=None gamma={'gamma_walls': [], 'gamma_flip': None} expiry=None
2026-03-13 19:40:01,389 - api.api_server - INFO - Main loop tick...
2026-03-13 19:40:01,391 - api.api_server - INFO - Fetching option chain for NIFTY
2026-03-13 19:40:01,535 - data.nse_fetcher - WARNING - NSE option chain empty JSON for NIFTY
2026-03-13 19:40:09,189 - data.nse_live_price - INFO - [NSE] Live price fetched for NIFTY: 23151.1
2026-03-13 19:40:09,524 - api.api_server - INFO - LIVE SIGNAL NIFTY price=23151.1 scalping={'symbol': 'NIFTY', 'index_price': 23151.1, 'trade': 'BUY_PE', 'strike': '23150 PE', 'entry': 20.0, 'target': 28.0, 'stoploss': 16.0, 'confidence': 75.0, 'generated_at': datetime.datetime(2026, 3, 13, 14, 10, 9, 503075, tzinfo=datetime.timezone.utc)} hero_zero=[] inst=None gamma={'gamma_walls': [], 'gamma_flip': None} expiry=None
2026-03-13 19:40:09,525 - api.api_server - INFO - Fetching option chain for SENSEX
2026-03-13 19:40:09,855 - data.nse_fetcher - WARNING - NSE option chain empty JSON for SENSEX
2026-03-13 19:40:15,786 - data.nse_live_price - WARNING - [NSE] Index name SENSEX not found in allIndices payload
2026-03-13 19:40:15,792 - data.live_price - INFO - Using cached price for SENSEX from candles: 76320.34375
2026-03-13 19:40:16,078 - api.api_server - INFO - LIVE SIGNAL SENSEX price=76320.34375 scalping={'symbol': 'SENSEX', 'index_price': 76320.34375, 'trade': 'BUY_PE', 'strike': '76300 PE', 'entry': 20.0, 'target': 28.0, 'stoploss': 16.0, 'confidence': 80.0, 'generated_at': datetime.datetime(2026, 3, 13, 14, 10, 16, 43335, tzinfo=datetime.timezone.utc)} hero_zero=[] inst=None gamma={'gamma_walls': [], 'gamma_flip': None} expiry=None
2026-03-13 19:41:16,090 - api.api_server - INFO - Main loop tick...
2026-03-13 19:41:16,093 - api.api_server - INFO - Fetching option chain for NIFTY
2026-03-13 19:41:16,187 - data.nse_fetcher - WARNING - NSE option chain empty JSON for NIFTY
2026-03-13 19:41:18,701 - data.nse_live_price - INFO - [NSE] Live price fetched for NIFTY: 23151.1
2026-03-13 19:41:18,831 - api.api_server - INFO - LIVE SIGNAL NIFTY price=23151.1 scalping={'symbol': 'NIFTY', 'index_price': 23151.1, 'trade': 'BUY_PE', 'strike': '23150 PE', 'entry': 20.0, 'target': 28.0, 'stoploss': 16.0, 'confidence': 75.0, 'generated_at': datetime.datetime(2026, 3, 13, 14, 11, 18, 811651, tzinfo=datetime.timezone.utc)} hero_zero=[] inst=None gamma={'gamma_walls': [], 'gamma_flip': None} expiry=None
2026-03-13 19:41:18,833 - api.api_server - INFO - Fetching option chain for SENSEX
2026-03-13 19:41:19,316 - data.nse_fetcher - WARNING - NSE option chain empty JSON for SENSEX
2026-03-13 19:41:21,940 - data.nse_live_price - WARNING - [NSE] Index name SENSEX not found in allIndices payload
2026-03-13 19:41:21,943 - data.live_price - INFO - Using cached price for SENSEX from candles: 76320.34375
2026-03-13 19:41:22,120 - api.api_server - INFO - LIVE SIGNAL SENSEX price=76320.34375 scalping={'symbol': 'SENSEX', 'index_price': 76320.34375, 'trade': 'BUY_PE', 'strike': '76300 PE', 'entry': 20.0, 'target': 28.0, 'stoploss': 16.0, 'confidence': 85.0, 'generated_at': datetime.datetime(2026, 3, 13, 14, 11, 22, 104499, tzinfo=datetime.timezone.utc)} hero_zero=[] inst=None gamma={'gamma_walls': [], 'gamma_flip': None} expiry=None
2026-03-13 19:42:22,108 - api.api_server - INFO - Main loop tick...
2026-03-13 19:42:22,109 - api.api_server - INFO - Fetching option chain for NIFTY
2026-03-13 19:42:22,198 - data.nse_fetcher - WARNING - NSE option chain empty JSON for NIFTY
2026-03-13 19:42:26,623 - data.nse_live_price - INFO - [NSE] Live price fetched for NIFTY: 23151.1
2026-03-13 19:42:26,784 - api.api_server - INFO - LIVE SIGNAL NIFTY price=23151.1 scalping={'symbol': 'NIFTY', 'index_price': 23151.1, 'trade': 'BUY_PE', 'strike': '23150 PE', 'entry': 20.0, 'target': 28.0, 'stoploss': 16.0, 'confidence': 80.0, 'generated_at': datetime.datetime(2026, 3, 13, 14, 12, 26, 774735, tzinfo=datetime.timezone.utc)} hero_zero=[] inst=None gamma={'gamma_walls': [], 'gamma_flip': None} expiry=None
2026-03-13 19:42:26,787 - api.api_server - INFO - Fetching option chain for SENSEX
2026-03-13 19:42:27,072 - data.nse_fetcher - WARNING - NSE option chain empty JSON for SENSEX
2026-03-13 19:42:34,055 - data.nse_live_price - WARNING - [NSE] Index name SENSEX not found in allIndices payload
2026-03-13 19:42:34,060 - data.live_price - INFO - Using cached price for SENSEX from candles: 76320.34375
2026-03-13 19:42:34,307 - api.api_server - INFO - LIVE SIGNAL SENSEX price=76320.34375 scalping={'symbol': 'SENSEX', 'index_price': 76320.34375, 'trade': 'BUY_PE', 'strike': '76300 PE', 'entry': 20.0, 'target': 28.0, 'stoploss': 16.0, 'confidence': 80.0, 'generated_at': datetime.datetime(2026, 3, 13, 14, 12, 34, 292551, tzinfo=datetime.timezone.utc)} hero_zero=[] inst=None gamma={'gamma_walls': [], 'gamma_flip': None} expiry=None
2026-03-13 19:43:34,310 - api.api_server - INFO - Main loop tick...
2026-03-13 19:43:34,311 - api.api_server - INFO - Fetching option chain for NIFTY
2026-03-13 19:43:34,419 - data.nse_fetcher - WARNING - NSE option chain empty JSON for NIFTY
2026-03-13 19:43:37,715 - data.nse_live_price - INFO - [NSE] Live price fetched for NIFTY: 23151.1
2026-03-13 19:43:37,856 - api.api_server - INFO - LIVE SIGNAL NIFTY price=23151.1 scalping={'symbol': 'NIFTY', 'index_price': 23151.1, 'trade': 'BUY_PE', 'strike': '23150 PE', 'entry': 20.0, 'target': 28.0, 'stoploss': 16.0, 'confidence': 75.0, 'generated_at': datetime.datetime(2026, 3, 13, 14, 13, 37, 840618, tzinfo=datetime.timezone.utc)} hero_zero=[] inst=None gamma={'gamma_walls': [], 'gamma_flip': None} expiry=None
2026-03-13 19:43:37,857 - api.api_server - INFO - Fetching option chain for SENSEX
2026-03-13 19:43:38,348 - data.nse_fetcher - WARNING - NSE option chain empty JSON for SENSEX
2026-03-13 19:43:41,552 - data.nse_live_price - WARNING - [NSE] Index name SENSEX not found in allIndices payload
2026-03-13 19:43:41,555 - data.live_price - INFO - Using cached price for SENSEX from candles: 76320.34375
2026-03-13 19:43:41,684 - api.api_server - INFO - LIVE SIGNAL SENSEX price=76320.34375 scalping={'symbol': 'SENSEX', 'index_price': 76320.34375, 'trade': 'BUY_PE', 'strike': '76300 PE', 'entry': 20.0, 'target': 28.0, 'stoploss': 16.0, 'confidence': 85.0, 'generated_at': datetime.datetime(2026, 3, 13, 14, 13, 41, 668295, tzinfo=datetime.timezone.utc)} hero_zero=[] inst=None gamma={'gamma_walls': [], 'gamma_flip': None} expiry=None
2026-03-13 19:44:41,709 - api.api_server - INFO - Main loop tick...
2026-03-13 19:44:41,710 - api.api_server - INFO - Fetching option chain for NIFTY
2026-03-13 19:44:41,802 - data.nse_fetcher - WARNING - NSE option chain empty JSON for NIFTY
2026-03-13 19:44:44,223 - data.nse_live_price - INFO - [NSE] Live price fetched for NIFTY: 23151.1
2026-03-13 19:44:44,349 - api.api_server - INFO - LIVE SIGNAL NIFTY price=23151.1 scalping={'symbol': 'NIFTY', 'index_price': 23151.1, 'trade': 'BUY_PE', 'strike': '23150 PE', 'entry': 20.0, 'target': 28.0, 'stoploss': 16.0, 'confidence': 80.0, 'generated_at': datetime.datetime(2026, 3, 13, 14, 14, 44, 329363, tzinfo=datetime.timezone.utc)} hero_zero=[] inst=None gamma={'gamma_walls': [], 'gamma_flip': None} expiry=None
2026-03-13 19:44:44,350 - api.api_server - INFO - Fetching option chain for SENSEX
2026-03-13 19:44:44,817 - data.nse_fetcher - WARNING - NSE option chain empty JSON for SENSEX
2026-03-13 19:44:47,463 - data.nse_live_price - WARNING - [NSE] Index name SENSEX not found in allIndices payload
2026-03-13 19:44:47,467 - data.live_price - INFO - Using cached price for SENSEX from candles: 76320.34375
2026-03-13 19:44:47,660 - api.api_server - INFO - LIVE SIGNAL SENSEX price=76320.34375 scalping={'symbol': 'SENSEX', 'index_price': 76320.34375, 'trade': 'BUY_PE', 'strike': '76300 PE', 'entry': 20.0, 'target': 28.0, 'stoploss': 16.0, 'confidence': 85.0, 'generated_at': datetime.datetime(2026, 3, 13, 14, 14, 47, 652518, tzinfo=datetime.timezone.utc)} hero_zero=[] inst=None gamma={'gamma_walls': [], 'gamma_flip': None} expiry=None
2026-03-13 19:45:47,659 - api.api_server - INFO - Main loop tick...
2026-03-13 19:45:47,665 - api.api_server - INFO - Fetching option chain for NIFTY
2026-03-13 19:45:47,768 - data.nse_fetcher - WARNING - NSE option chain empty JSON for NIFTY
2026-03-13 19:45:56,821 - data.nse_live_price - INFO - [NSE] Live price fetched for NIFTY: 23151.1
2026-03-13 19:45:57,206 - api.api_server - INFO - LIVE SIGNAL NIFTY price=23151.1 scalping={'symbol': 'NIFTY', 'index_price': 23151.1, 'trade': 'BUY_PE', 'strike': '23150 PE', 'entry': 20.0, 'target': 28.0, 'stoploss': 16.0, 'confidence': 75.0, 'generated_at': datetime.datetime(2026, 3, 13, 14, 15, 57, 190840, tzinfo=datetime.timezone.utc)} hero_zero=[] inst=None gamma={'gamma_walls': [], 'gamma_flip': None} expiry=None
2026-03-13 19:45:57,208 - api.api_server - INFO - Fetching option chain for SENSEX
2026-03-13 19:45:57,507 - data.nse_fetcher - WARNING - NSE option chain empty JSON for SENSEX
2026-03-13 19:46:05,785 - data.nse_live_price - WARNING - [NSE] Index name SENSEX not found in allIndices payload
2026-03-13 19:46:05,792 - data.live_price - INFO - Using cached price for SENSEX from candles: 76320.34375
2026-03-13 19:46:06,169 - api.api_server - INFO - LIVE SIGNAL SENSEX price=76320.34375 scalping={'symbol': 'SENSEX', 'index_price': 76320.34375, 'trade': 'BUY_PE', 'strike': '76300 PE', 'entry': 20.0, 'target': 28.0, 'stoploss': 16.0, 'confidence': 85.0, 'generated_at': datetime.datetime(2026, 3, 13, 14, 16, 6, 149416, tzinfo=datetime.timezone.utc)} hero_zero=[] inst=None gamma={'gamma_walls': [], 'gamma_flip': None} expiry=None
2026-03-13 19:47:06,193 - api.api_server - INFO - Main loop tick...
2026-03-13 19:47:06,194 - api.api_server - INFO - Fetching option chain for NIFTY
2026-03-13 19:47:06,280 - data.nse_fetcher - WARNING - NSE option chain empty JSON for NIFTY
2026-03-13 19:47:12,827 - data.nse_live_price - INFO - [NSE] Live price fetched for NIFTY: 23151.1
2026-03-13 19:47:12,945 - api.api_server - INFO - LIVE SIGNAL NIFTY price=23151.1 scalping={'symbol': 'NIFTY', 'index_price': 23151.1, 'trade': 'BUY_PE', 'strike': '23150 PE', 'entry': 20.0, 'target': 28.0, 'stoploss': 16.0, 'confidence': 75.0, 'generated_at': datetime.datetime(2026, 3, 13, 14, 17, 12, 937034, tzinfo=datetime.timezone.utc)} hero_zero=[] inst=None gamma={'gamma_walls': [], 'gamma_flip': None} expiry=None
2026-03-13 19:47:12,946 - api.api_server - INFO - Fetching option chain for SENSEX
2026-03-13 19:47:13,234 - data.nse_fetcher - WARNING - NSE option chain empty JSON for SENSEX
2026-03-13 19:47:17,211 - data.nse_live_price - WARNING - [NSE] Index name SENSEX not found in allIndices payload
2026-03-13 19:47:17,214 - data.live_price - INFO - Using cached price for SENSEX from candles: 76320.34375
2026-03-13 19:47:17,349 - api.api_server - INFO - LIVE SIGNAL SENSEX price=76320.34375 scalping={'symbol': 'SENSEX', 'index_price': 76320.34375, 'trade': 'BUY_PE', 'strike': '76300 PE', 'entry': 20.0, 'target': 28.0, 'stoploss': 16.0, 'confidence': 85.0, 'generated_at': datetime.datetime(2026, 3, 13, 14, 17, 17, 343489, tzinfo=datetime.timezone.utc)} hero_zero=[] inst=None gamma={'gamma_walls': [], 'gamma_flip': None} expiry=None
2026-03-13 19:48:17,368 - api.api_server - INFO - Main loop tick...
2026-03-13 19:48:17,369 - api.api_server - INFO - Fetching option chain for NIFTY
2026-03-13 19:48:17,451 - data.nse_fetcher - WARNING - NSE option chain empty JSON for NIFTY
2026-03-13 19:48:20,535 - data.nse_live_price - INFO - [NSE] Live price fetched for NIFTY: 23151.1
2026-03-13 19:48:20,642 - api.api_server - INFO - LIVE SIGNAL NIFTY price=23151.1 scalping={'symbol': 'NIFTY', 'index_price': 23151.1, 'trade': 'BUY_PE', 'strike': '23150 PE', 'entry': 20.0, 'target': 28.0, 'stoploss': 16.0, 'confidence': 75.0, 'generated_at': datetime.datetime(2026, 3, 13, 14, 18, 20, 635681, tzinfo=datetime.timezone.utc)} hero_zero=[] inst=None gamma={'gamma_walls': [], 'gamma_flip': None} expiry=None
2026-03-13 19:48:20,643 - api.api_server - INFO - Fetching option chain for SENSEX
2026-03-13 19:48:20,930 - data.nse_fetcher - WARNING - NSE option chain empty JSON for SENSEX
2026-03-13 19:48:23,910 - data.nse_live_price - WARNING - [NSE] Index name SENSEX not found in allIndices payload
2026-03-13 19:48:23,913 - data.live_price - INFO - Using cached price for SENSEX from candles: 76320.34375
2026-03-13 19:48:24,020 - api.api_server - INFO - LIVE SIGNAL SENSEX price=76320.34375 scalping={'symbol': 'SENSEX', 'index_price': 76320.34375, 'trade': 'BUY_PE', 'strike': '76300 PE', 'entry': 20.0, 'target': 28.0, 'stoploss': 16.0, 'confidence': 80.0, 'generated_at': datetime.datetime(2026, 3, 13, 14, 18, 24, 14638, tzinfo=datetime.timezone.utc)} hero_zero=[] inst=None gamma={'gamma_walls': [], 'gamma_flip': None} expiry=None
2026-03-13 19:48:44,652 - api.api_server - INFO - Initializing schema...
2026-03-13 19:48:44,659 - data.data_storage - INFO - SQLite schema initialized at D:\Angel Trading\free_quant_scalping_ai\storage\market_data.sqlite
2026-03-13 19:48:44,662 - data.historical_fetcher - INFO - Downloading NIFTY history 1m (last 7 days)
2026-03-13 19:48:44,678 - api.api_server - INFO - [TRAINING] Daily trainer scheduled for 02:00 UTC
2026-03-13 19:48:44,679 - api.api_server - INFO - API server ready. Docs: http://localhost:8000/docs
2026-03-13 19:48:44,681 - api.api_server - INFO - Main loop tick...
2026-03-13 19:48:44,683 - api.api_server - INFO - Fetching option chain for NIFTY
2026-03-13 19:48:45,167 - data.nse_fetcher - WARNING - NSE option chain empty JSON for NIFTY
2026-03-13 19:48:50,723 - data.angel_live_price - INFO - [ANGEL] Login successful
2026-03-13 19:48:50,903 - data.historical_fetcher - INFO - Downloading NIFTY history 5m (last 59 days)
2026-03-13 19:48:50,922 - data.historical_fetcher - INFO - Downloading NIFTY history 15m (last 59 days)
2026-03-13 19:48:50,943 - data.historical_fetcher - INFO - Downloading NIFTY daily history 2025-03-13 14:18:44.662483+00:00 2026-03-13 14:18:44.662483+00:00
2026-03-13 19:48:50,958 - data.historical_fetcher - INFO - Downloading SENSEX history 1m (last 7 days)
2026-03-13 19:48:50,984 - data.angel_live_price - WARNING - [ANGEL] No LTP in response for NIFTY: {'success': False, 'message': 'Invalid Token', 'errorCode': 'AG8001', 'data': ''}
2026-03-13 19:48:51,434 - data.nse_live_price - INFO - [NSE] Live price fetched for NIFTY: 23151.1
2026-03-13 19:48:51,578 - api.api_server - INFO - LIVE SIGNAL NIFTY price=23151.1 scalping={'symbol': 'NIFTY', 'index_price': 23151.1, 'trade': 'BUY_PE', 'strike': '23150 PE', 'entry': 20.0, 'target': 28.0, 'stoploss': 16.0, 'confidence': 75.0, 'generated_at': datetime.datetime(2026, 3, 13, 14, 18, 51, 571179, tzinfo=datetime.timezone.utc)} hero_zero=[] inst=None gamma={'gamma_walls': [], 'gamma_flip': None} expiry=None
2026-03-13 19:48:51,581 - api.api_server - INFO - Fetching option chain for SENSEX
2026-03-13 19:48:51,999 - data.nse_fetcher - WARNING - NSE option chain empty JSON for SENSEX
2026-03-13 19:48:54,630 - data.angel_live_price - WARNING - [ANGEL] No LTP in response for SENSEX: {'success': False, 'message': 'Invalid Token', 'errorCode': 'AG8001', 'data': ''}
2026-03-13 19:48:54,741 - data.nse_live_price - WARNING - [NSE] Index name SENSEX not found in allIndices payload
2026-03-13 19:48:54,748 - data.live_price - INFO - Using cached price for SENSEX from candles: 76320.34375
2026-03-13 19:48:54,880 - api.api_server - INFO - LIVE SIGNAL SENSEX price=76320.34375 scalping={'symbol': 'SENSEX', 'index_price': 76320.34375, 'trade': 'BUY_PE', 'strike': '76300 PE', 'entry': 20.0, 'target': 28.0, 'stoploss': 16.0, 'confidence': 85.0, 'generated_at': datetime.datetime(2026, 3, 13, 14, 18, 54, 872606, tzinfo=datetime.timezone.utc)} hero_zero=[] inst=None gamma={'gamma_walls': [], 'gamma_flip': None} expiry=None
2026-03-13 19:48:55,514 - data.historical_fetcher - INFO - Downloading SENSEX history 5m (last 59 days)
2026-03-13 19:48:55,527 - data.historical_fetcher - INFO - Downloading SENSEX history 15m (last 59 days)
2026-03-13 19:48:55,544 - data.historical_fetcher - INFO - Downloading SENSEX daily history 2025-03-13 14:18:50.958811+00:00 2026-03-13 14:18:50.958811+00:00
2026-03-13 19:49:24,042 - api.api_server - INFO - Main loop tick...
2026-03-13 19:49:24,044 - api.api_server - INFO - Fetching option chain for NIFTY
2026-03-13 19:49:24,150 - data.nse_fetcher - WARNING - NSE option chain empty JSON for NIFTY
2026-03-13 19:49:27,019 - data.nse_live_price - INFO - [NSE] Live price fetched for NIFTY: 23151.1
2026-03-13 19:49:27,207 - api.api_server - INFO - LIVE SIGNAL NIFTY price=23151.1 scalping={'symbol': 'NIFTY', 'index_price': 23151.1, 'trade': 'BUY_PE', 'strike': '23150 PE', 'entry': 20.0, 'target': 28.0, 'stoploss': 16.0, 'confidence': 75.0, 'generated_at': datetime.datetime(2026, 3, 13, 14, 19, 27, 186114, tzinfo=datetime.timezone.utc)} hero_zero=[] inst=None gamma={'gamma_walls': [], 'gamma_flip': None} expiry=None
2026-03-13 19:49:27,209 - api.api_server - INFO - Fetching option chain for SENSEX
2026-03-13 19:49:27,495 - data.nse_fetcher - WARNING - NSE option chain empty JSON for SENSEX
2026-03-13 19:49:31,003 - data.nse_live_price - WARNING - [NSE] Index name SENSEX not found in allIndices payload
2026-03-13 19:49:31,008 - data.live_price - INFO - Using cached price for SENSEX from candles: 76320.34375
2026-03-13 19:49:31,144 - api.api_server - INFO - LIVE SIGNAL SENSEX price=76320.34375 scalping={'symbol': 'SENSEX', 'index_price': 76320.34375, 'trade': 'BUY_PE', 'strike': '76300 PE', 'entry': 20.0, 'target': 28.0, 'stoploss': 16.0, 'confidence': 80.0, 'generated_at': datetime.datetime(2026, 3, 13, 14, 19, 31, 132113, tzinfo=datetime.timezone.utc)} hero_zero=[] inst=None gamma={'gamma_walls': [], 'gamma_flip': None} expiry=None
2026-03-13 19:50:31,157 - api.api_server - INFO - Main loop tick...
2026-03-13 19:50:31,158 - api.api_server - INFO - Fetching option chain for NIFTY
2026-03-13 19:50:31,249 - data.nse_fetcher - WARNING - NSE option chain empty JSON for NIFTY
2026-03-13 19:50:39,318 - data.nse_live_price - INFO - [NSE] Live price fetched for NIFTY: 23151.1
2026-03-13 19:50:39,635 - api.api_server - INFO - LIVE SIGNAL NIFTY price=23151.1 scalping={'symbol': 'NIFTY', 'index_price': 23151.1, 'trade': 'BUY_PE', 'strike': '23150 PE', 'entry': 20.0, 'target': 28.0, 'stoploss': 16.0, 'confidence': 75.0, 'generated_at': datetime.datetime(2026, 3, 13, 14, 20, 39, 626239, tzinfo=datetime.timezone.utc)} hero_zero=[] inst=None gamma={'gamma_walls': [], 'gamma_flip': None} expiry=None
2026-03-13 19:50:39,636 - api.api_server - INFO - Fetching option chain for SENSEX
2026-03-13 19:50:39,962 - data.nse_fetcher - WARNING - NSE option chain empty JSON for SENSEX
2026-03-13 19:50:52,992 - data.nse_live_price - WARNING - [NSE] Index name SENSEX not found in allIndices payload
2026-03-13 19:50:52,998 - data.live_price - INFO - Using cached price for SENSEX from candles: 76320.34375
2026-03-13 19:50:53,358 - api.api_server - INFO - LIVE SIGNAL SENSEX price=76320.34375 scalping={'symbol': 'SENSEX', 'index_price': 76320.34375, 'trade': 'BUY_PE', 'strike': '76300 PE', 'entry': 20.0, 'target': 28.0, 'stoploss': 16.0, 'confidence': 80.0, 'generated_at': datetime.datetime(2026, 3, 13, 14, 20, 53, 334654, tzinfo=datetime.timezone.utc)} hero_zero=[] inst=None gamma={'gamma_walls': [], 'gamma_flip': None} expiry=None
2026-03-13 19:51:53,362 - api.api_server - INFO - Main loop tick...
2026-03-13 19:51:53,363 - api.api_server - INFO - Fetching option chain for NIFTY
2026-03-13 19:51:53,465 - data.nse_fetcher - WARNING - NSE option chain empty JSON for NIFTY
2026-03-13 19:52:01,065 - data.nse_live_price - INFO - [NSE] Live price fetched for NIFTY: 23151.1
2026-03-13 19:52:01,424 - api.api_server - INFO - LIVE SIGNAL NIFTY price=23151.1 scalping={'symbol': 'NIFTY', 'index_price': 23151.1, 'trade': 'BUY_PE', 'strike': '23150 PE', 'entry': 20.0, 'target': 28.0, 'stoploss': 16.0, 'confidence': 75.0, 'generated_at': datetime.datetime(2026, 3, 13, 14, 22, 1, 410866, tzinfo=datetime.timezone.utc)} hero_zero=[] inst=None gamma={'gamma_walls': [], 'gamma_flip': None} expiry=None
2026-03-13 19:52:01,425 - api.api_server - INFO - Fetching option chain for SENSEX
2026-03-13 19:52:01,750 - data.nse_fetcher - WARNING - NSE option chain empty JSON for SENSEX
2026-03-13 19:52:11,131 - data.nse_live_price - WARNING - [NSE] Index name SENSEX not found in allIndices payload
2026-03-13 19:52:11,140 - data.live_price - INFO - Using cached price for SENSEX from candles: 76320.34375
2026-03-13 19:52:11,522 - api.api_server - INFO - LIVE SIGNAL SENSEX price=76320.34375 scalping={'symbol': 'SENSEX', 'index_price': 76320.34375, 'trade': 'BUY_PE', 'strike': '76300 PE', 'entry': 20.0, 'target': 28.0, 'stoploss': 16.0, 'confidence': 85.0, 'generated_at': datetime.datetime(2026, 3, 13, 14, 22, 11, 509911, tzinfo=datetime.timezone.utc)} hero_zero=[] inst=None gamma={'gamma_walls': [], 'gamma_flip': None} expiry=None
2026-03-13 19:53:11,530 - api.api_server - INFO - Main loop tick...
2026-03-13 19:53:11,531 - api.api_server - INFO - Fetching option chain for NIFTY
2026-03-13 19:53:11,635 - data.nse_fetcher - WARNING - NSE option chain empty JSON for NIFTY
2026-03-13 19:53:19,311 - data.nse_live_price - INFO - [NSE] Live price fetched for NIFTY: 23151.1
2026-03-13 19:53:19,670 - api.api_server - INFO - LIVE SIGNAL NIFTY price=23151.1 scalping={'symbol': 'NIFTY', 'index_price': 23151.1, 'trade': 'BUY_PE', 'strike': '23150 PE', 'entry': 20.0, 'target': 28.0, 'stoploss': 16.0, 'confidence': 75.0, 'generated_at': datetime.datetime(2026, 3, 13, 14, 23, 19, 646112, tzinfo=datetime.timezone.utc)} hero_zero=[] inst=None gamma={'gamma_walls': [], 'gamma_flip': None} expiry=None
2026-03-13 19:53:19,672 - api.api_server - INFO - Fetching option chain for SENSEX
2026-03-13 19:53:20,031 - data.nse_fetcher - WARNING - NSE option chain empty JSON for SENSEX
2026-03-13 19:53:30,573 - data.nse_live_price - WARNING - [NSE] Index name SENSEX not found in allIndices payload
2026-03-13 19:53:30,579 - data.live_price - INFO - Using cached price for SENSEX from candles: 76320.34375
2026-03-13 19:53:30,940 - api.api_server - INFO - LIVE SIGNAL SENSEX price=76320.34375 scalping={'symbol': 'SENSEX', 'index_price': 76320.34375, 'trade': 'BUY_PE', 'strike': '76300 PE', 'entry': 20.0, 'target': 28.0, 'stoploss': 16.0, 'confidence': 80.0, 'generated_at': datetime.datetime(2026, 3, 13, 14, 23, 30, 916397, tzinfo=datetime.timezone.utc)} hero_zero=[] inst=None gamma={'gamma_walls': [], 'gamma_flip': None} expiry=None
2026-03-13 19:53:58,674 - api.api_server - INFO - Initializing schema...
2026-03-13 19:53:58,682 - data.data_storage - INFO - SQLite schema initialized at D:\Angel Trading\free_quant_scalping_ai\storage\market_data.sqlite
2026-03-13 19:53:58,686 - data.historical_fetcher - INFO - Downloading NIFTY history 1m (last 7 days)
2026-03-13 19:53:58,697 - api.api_server - INFO - [TRAINING] Daily trainer scheduled for 02:00 UTC
2026-03-13 19:53:58,698 - api.api_server - INFO - API server ready. Docs: http://localhost:8000/docs
2026-03-13 19:53:58,701 - api.api_server - INFO - Main loop tick...
2026-03-13 19:53:58,705 - api.api_server - INFO - Fetching option chain for NIFTY
2026-03-13 19:53:59,325 - data.nse_fetcher - WARNING - NSE option chain empty JSON for NIFTY
2026-03-13 19:54:00,403 - data.historical_fetcher - INFO - Downloading NIFTY history 5m (last 59 days)
2026-03-13 19:54:00,419 - data.historical_fetcher - INFO - Downloading NIFTY history 15m (last 59 days)
2026-03-13 19:54:00,435 - data.historical_fetcher - INFO - Downloading NIFTY daily history 2025-03-13 14:23:58.686604+00:00 2026-03-13 14:23:58.686604+00:00
2026-03-13 19:54:00,457 - data.historical_fetcher - INFO - Downloading SENSEX history 1m (last 7 days)
2026-03-13 19:54:01,362 - data.historical_fetcher - INFO - Downloading SENSEX history 5m (last 59 days)
2026-03-13 19:54:01,375 - data.historical_fetcher - INFO - Downloading SENSEX history 15m (last 59 days)
2026-03-13 19:54:01,388 - data.historical_fetcher - INFO - Downloading SENSEX daily history 2025-03-13 14:24:00.457686+00:00 2026-03-13 14:24:00.457686+00:00
2026-03-13 19:54:04,429 - data.angel_live_price - INFO - [ANGEL] Login successful
2026-03-13 19:54:04,613 - data.angel_live_price - WARNING - [ANGEL] No LTP in response for NIFTY: {'success': False, 'message': 'Invalid Token', 'errorCode': 'AG8001', 'data': ''}
2026-03-13 19:54:05,071 - data.nse_live_price - INFO - [NSE] Live price fetched for NIFTY: 23151.1
2026-03-13 19:54:05,213 - api.api_server - INFO - LIVE SIGNAL NIFTY price=23151.1 scalping={'symbol': 'NIFTY', 'index_price': 23151.1, 'trade': 'BUY_PE', 'strike': '23150 PE', 'entry': 20.0, 'target': 28.0, 'stoploss': 16.0, 'confidence': 75.0, 'generated_at': datetime.datetime(2026, 3, 13, 14, 24, 5, 206408, tzinfo=datetime.timezone.utc)} hero_zero=[] inst=None gamma={'gamma_walls': [], 'gamma_flip': None} expiry=None
2026-03-13 19:54:05,214 - api.api_server - INFO - Fetching option chain for SENSEX
2026-03-13 19:54:05,573 - data.nse_fetcher - WARNING - NSE option chain empty JSON for SENSEX
2026-03-13 19:54:08,656 - data.angel_live_price - WARNING - [ANGEL] No LTP in response for SENSEX: {'success': False, 'message': 'Invalid Token', 'errorCode': 'AG8001', 'data': ''}
2026-03-13 19:54:08,765 - data.nse_live_price - WARNING - [NSE] Index name SENSEX not found in allIndices payload
2026-03-13 19:54:08,769 - data.live_price - INFO - Using cached price for SENSEX from candles: 76320.34375
2026-03-13 19:54:08,896 - api.api_server - INFO - LIVE SIGNAL SENSEX price=76320.34375 scalping={'symbol': 'SENSEX', 'index_price': 76320.34375, 'trade': 'BUY_PE', 'strike': '76300 PE', 'entry': 20.0, 'target': 28.0, 'stoploss': 16.0, 'confidence': 85.0, 'generated_at': datetime.datetime(2026, 3, 13, 14, 24, 8, 877885, tzinfo=datetime.timezone.utc)} hero_zero=[] inst=None gamma={'gamma_walls': [], 'gamma_flip': None} expiry=None
2026-03-13 19:54:30,963 - api.api_server - INFO - Main loop tick...
2026-03-13 19:54:30,964 - api.api_server - INFO - Fetching option chain for NIFTY
2026-03-13 19:54:31,085 - data.nse_fetcher - WARNING - NSE option chain empty JSON for NIFTY
2026-03-13 19:54:34,076 - data.nse_live_price - INFO - [NSE] Live price fetched for NIFTY: 23151.1
2026-03-13 19:54:34,211 - api.api_server - INFO - LIVE SIGNAL NIFTY price=23151.1 scalping={'symbol': 'NIFTY', 'index_price': 23151.1, 'trade': 'BUY_PE', 'strike': '23150 PE', 'entry': 20.0, 'target': 28.0, 'stoploss': 16.0, 'confidence': 80.0, 'generated_at': datetime.datetime(2026, 3, 13, 14, 24, 34, 195613, tzinfo=datetime.timezone.utc)} hero_zero=[] inst=None gamma={'gamma_walls': [], 'gamma_flip': None} expiry=None
2026-03-13 19:54:34,212 - api.api_server - INFO - Fetching option chain for SENSEX
2026-03-13 19:54:34,730 - data.nse_fetcher - WARNING - NSE option chain empty JSON for SENSEX
2026-03-13 19:54:37,493 - data.nse_live_price - WARNING - [NSE] Index name SENSEX not found in allIndices payload
2026-03-13 19:54:37,497 - data.live_price - INFO - Using cached price for SENSEX from candles: 76320.34375
2026-03-13 19:54:37,644 - api.api_server - INFO - LIVE SIGNAL SENSEX price=76320.34375 scalping={'symbol': 'SENSEX', 'index_price': 76320.34375, 'trade': 'BUY_PE', 'strike': '76300 PE', 'entry': 20.0, 'target': 28.0, 'stoploss': 16.0, 'confidence': 80.0, 'generated_at': datetime.datetime(2026, 3, 13, 14, 24, 37, 628227, tzinfo=datetime.timezone.utc)} hero_zero=[] inst=None gamma={'gamma_walls': [], 'gamma_flip': None} expiry=None
2026-03-13 19:55:37,657 - api.api_server - INFO - Main loop tick...
2026-03-13 19:55:37,658 - api.api_server - INFO - Fetching option chain for NIFTY
2026-03-13 19:55:37,766 - data.nse_fetcher - WARNING - NSE option chain empty JSON for NIFTY
2026-03-13 19:55:45,707 - data.nse_live_price - INFO - [NSE] Live price fetched for NIFTY: 23151.1
2026-03-13 19:55:46,061 - api.api_server - INFO - LIVE SIGNAL NIFTY price=23151.1 scalping={'symbol': 'NIFTY', 'index_price': 23151.1, 'trade': 'BUY_PE', 'strike': '23150 PE', 'entry': 20.0, 'target': 28.0, 'stoploss': 16.0, 'confidence': 75.0, 'generated_at': datetime.datetime(2026, 3, 13, 14, 25, 46, 51052, tzinfo=datetime.timezone.utc)} hero_zero=[] inst=None gamma={'gamma_walls': [], 'gamma_flip': None} expiry=None
2026-03-13 19:55:46,062 - api.api_server - INFO - Fetching option chain for SENSEX
2026-03-13 19:55:46,380 - data.nse_fetcher - WARNING - NSE option chain empty JSON for SENSEX
2026-03-13 19:55:52,938 - data.nse_live_price - WARNING - [NSE] Index name SENSEX not found in allIndices payload
2026-03-13 19:55:52,946 - data.live_price - INFO - Using cached price for SENSEX from candles: 76320.34375
2026-03-13 19:55:53,215 - api.api_server - INFO - LIVE SIGNAL SENSEX price=76320.34375 scalping={'symbol': 'SENSEX', 'index_price': 76320.34375, 'trade': 'BUY_PE', 'strike': '76300 PE', 'entry': 20.0, 'target': 28.0, 'stoploss': 16.0, 'confidence': 80.0, 'generated_at': datetime.datetime(2026, 3, 13, 14, 25, 53, 187095, tzinfo=datetime.timezone.utc)} hero_zero=[] inst=None gamma={'gamma_walls': [], 'gamma_flip': None} expiry=None
2026-03-13 19:56:53,248 - api.api_server - INFO - Main loop tick...
2026-03-13 19:56:53,248 - api.api_server - INFO - Fetching option chain for NIFTY
2026-03-13 19:56:53,341 - data.nse_fetcher - WARNING - NSE option chain empty JSON for NIFTY
2026-03-13 19:56:59,819 - data.nse_live_price - INFO - [NSE] Live price fetched for NIFTY: 23151.1
2026-03-13 19:57:00,034 - api.api_server - INFO - LIVE SIGNAL NIFTY price=23151.1 scalping={'symbol': 'NIFTY', 'index_price': 23151.1, 'trade': 'BUY_PE', 'strike': '23150 PE', 'entry': 20.0, 'target': 28.0, 'stoploss': 16.0, 'confidence': 80.0, 'generated_at': datetime.datetime(2026, 3, 13, 14, 27, 0, 4690, tzinfo=datetime.timezone.utc)} hero_zero=[] inst=None gamma={'gamma_walls': [], 'gamma_flip': None} expiry=None
2026-03-13 19:57:00,036 - api.api_server - INFO - Fetching option chain for SENSEX
2026-03-13 19:57:00,671 - data.nse_fetcher - WARNING - NSE option chain empty JSON for SENSEX
2026-03-13 19:57:08,138 - data.nse_live_price - WARNING - [NSE] Index name SENSEX not found in allIndices payload
2026-03-13 19:57:08,145 - data.live_price - INFO - Using cached price for SENSEX from candles: 76320.34375
2026-03-13 19:57:08,504 - api.api_server - INFO - LIVE SIGNAL SENSEX price=76320.34375 scalping={'symbol': 'SENSEX', 'index_price': 76320.34375, 'trade': 'BUY_PE', 'strike': '76300 PE', 'entry': 20.0, 'target': 28.0, 'stoploss': 16.0, 'confidence': 80.0, 'generated_at': datetime.datetime(2026, 3, 13, 14, 27, 8, 484365, tzinfo=datetime.timezone.utc)} hero_zero=[] inst=None gamma={'gamma_walls': [], 'gamma_flip': None} expiry=None
2026-03-13 19:58:08,505 - api.api_server - INFO - Main loop tick...
2026-03-13 19:58:08,506 - api.api_server - INFO - Fetching option chain for NIFTY
2026-03-13 19:58:08,601 - data.nse_fetcher - WARNING - NSE option chain empty JSON for NIFTY
2026-03-13 19:58:12,001 - data.nse_live_price - INFO - [NSE] Live price fetched for NIFTY: 23151.1
2026-03-13 19:58:12,130 - api.api_server - INFO - LIVE SIGNAL NIFTY price=23151.1 scalping={'symbol': 'NIFTY', 'index_price': 23151.1, 'trade': 'BUY_PE', 'strike': '23150 PE', 'entry': 20.0, 'target': 28.0, 'stoploss': 16.0, 'confidence': 75.0, 'generated_at': datetime.datetime(2026, 3, 13, 14, 28, 12, 119528, tzinfo=datetime.timezone.utc)} hero_zero=[] inst=None gamma={'gamma_walls': [], 'gamma_flip': None} expiry=None
2026-03-13 19:58:12,131 - api.api_server - INFO - Fetching option chain for SENSEX
2026-03-13 19:58:12,392 - data.nse_fetcher - WARNING - NSE option chain empty JSON for SENSEX
2026-03-13 19:58:16,087 - data.nse_live_price - WARNING - [NSE] Index name SENSEX not found in allIndices payload
2026-03-13 19:58:16,091 - data.live_price - INFO - Using cached price for SENSEX from candles: 76320.34375
2026-03-13 19:58:16,246 - api.api_server - INFO - LIVE SIGNAL SENSEX price=76320.34375 scalping={'symbol': 'SENSEX', 'index_price': 76320.34375, 'trade': 'BUY_PE', 'strike': '76300 PE', 'entry': 20.0, 'target': 28.0, 'stoploss': 16.0, 'confidence': 80.0, 'generated_at': datetime.datetime(2026, 3, 13, 14, 28, 16, 238261, tzinfo=datetime.timezone.utc)} hero_zero=[] inst=None gamma={'gamma_walls': [], 'gamma_flip': None} expiry=None
2026-03-13 19:59:16,262 - api.api_server - INFO - Main loop tick...
2026-03-13 19:59:16,263 - api.api_server - INFO - Fetching option chain for NIFTY
2026-03-13 19:59:16,348 - data.nse_fetcher - WARNING - NSE option chain empty JSON for NIFTY
2026-03-13 19:59:20,236 - data.nse_live_price - INFO - [NSE] Live price fetched for NIFTY: 23151.1
2026-03-13 19:59:20,436 - api.api_server - INFO - LIVE SIGNAL NIFTY price=23151.1 scalping={'symbol': 'NIFTY', 'index_price': 23151.1, 'trade': 'BUY_PE', 'strike': '23150 PE', 'entry': 20.0, 'target': 28.0, 'stoploss': 16.0, 'confidence': 75.0, 'generated_at': datetime.datetime(2026, 3, 13, 14, 29, 20, 424844, tzinfo=datetime.timezone.utc)} hero_zero=[] inst=None gamma={'gamma_walls': [], 'gamma_flip': None} expiry=None
2026-03-13 19:59:20,436 - api.api_server - INFO - Fetching option chain for SENSEX
2026-03-13 19:59:20,570 - data.nse_fetcher - WARNING - NSE option chain empty JSON for SENSEX
2026-03-13 19:59:24,396 - data.nse_live_price - WARNING - [NSE] Index name SENSEX not found in allIndices payload
2026-03-13 19:59:24,401 - data.live_price - INFO - Using cached price for SENSEX from candles: 76320.34375
2026-03-13 19:59:24,555 - api.api_server - INFO - LIVE SIGNAL SENSEX price=76320.34375 scalping={'symbol': 'SENSEX', 'index_price': 76320.34375, 'trade': 'BUY_PE', 'strike': '76300 PE', 'entry': 20.0, 'target': 28.0, 'stoploss': 16.0, 'confidence': 80.0, 'generated_at': datetime.datetime(2026, 3, 13, 14, 29, 24, 539682, tzinfo=datetime.timezone.utc)} hero_zero=[] inst=None gamma={'gamma_walls': [], 'gamma_flip': None} expiry=None
2026-03-13 20:00:24,562 - api.api_server - INFO - Main loop tick...
2026-03-13 20:00:24,564 - api.api_server - INFO - Fetching option chain for NIFTY
2026-03-13 20:00:24,666 - data.nse_fetcher - WARNING - NSE option chain empty JSON for NIFTY
2026-03-13 20:00:28,617 - data.nse_live_price - INFO - [NSE] Live price fetched for NIFTY: 23151.1
2026-03-13 20:00:28,768 - api.api_server - INFO - LIVE SIGNAL NIFTY price=23151.1 scalping={'symbol': 'NIFTY', 'index_price': 23151.1, 'trade': 'BUY_PE', 'strike': '23150 PE', 'entry': 20.0, 'target': 28.0, 'stoploss': 16.0, 'confidence': 80.0, 'generated_at': datetime.datetime(2026, 3, 13, 14, 30, 28, 760533, tzinfo=datetime.timezone.utc)} hero_zero=[] inst=None gamma={'gamma_walls': [], 'gamma_flip': None} expiry=None
2026-03-13 20:00:28,769 - api.api_server - INFO - Fetching option chain for SENSEX
2026-03-13 20:00:29,156 - data.nse_fetcher - WARNING - NSE option chain empty JSON for SENSEX
2026-03-13 20:00:32,120 - data.nse_live_price - WARNING - [NSE] Index name SENSEX not found in allIndices payload
2026-03-13 20:00:32,122 - data.live_price - INFO - Using cached price for SENSEX from candles: 76320.34375
2026-03-13 20:00:32,246 - api.api_server - INFO - LIVE SIGNAL SENSEX price=76320.34375 scalping={'symbol': 'SENSEX', 'index_price': 76320.34375, 'trade': 'BUY_PE', 'strike': '76300 PE', 'entry': 20.0, 'target': 28.0, 'stoploss': 16.0, 'confidence': 85.0, 'generated_at': datetime.datetime(2026, 3, 13, 14, 30, 32, 222735, tzinfo=datetime.timezone.utc)} hero_zero=[] inst=None gamma={'gamma_walls': [], 'gamma_flip': None} expiry=None
2026-03-13 20:01:32,254 - api.api_server - INFO - Main loop tick...
2026-03-13 20:01:32,254 - api.api_server - INFO - Fetching option chain for NIFTY
2026-03-13 20:01:32,378 - data.nse_fetcher - WARNING - NSE option chain empty JSON for NIFTY
2026-03-13 20:01:33,804 - api.api_server - INFO - Initializing schema...
2026-03-13 20:01:33,808 - data.data_storage - INFO - SQLite schema initialized at D:\Angel Trading\free_quant_scalping_ai\storage\market_data.sqlite
2026-03-13 20:01:33,812 - data.historical_fetcher - INFO - Downloading NIFTY history 1m (last 7 days)
2026-03-13 20:01:33,828 - api.api_server - INFO - [TRAINING] Daily trainer scheduled for 02:00 UTC
2026-03-13 20:01:33,830 - api.api_server - INFO - API server ready. Docs: http://localhost:8000/docs
2026-03-13 20:01:33,838 - api.api_server - INFO - Main loop tick...
2026-03-13 20:01:33,839 - api.api_server - INFO - Fetching option chain for NIFTY
2026-03-13 20:01:34,333 - data.nse_fetcher - WARNING - NSE option chain empty JSON for NIFTY
2026-03-13 20:01:35,412 - data.nse_live_price - INFO - [NSE] Live price fetched for NIFTY: 23151.1
2026-03-13 20:01:35,550 - api.api_server - INFO - LIVE SIGNAL NIFTY price=23151.1 scalping={'symbol': 'NIFTY', 'index_price': 23151.1, 'trade': 'BUY_PE', 'strike': '23150 PE', 'entry': 20.0, 'target': 28.0, 'stoploss': 16.0, 'confidence': 75.0, 'generated_at': datetime.datetime(2026, 3, 13, 14, 31, 35, 545282, tzinfo=datetime.timezone.utc)} hero_zero=[] inst=None gamma={'gamma_walls': [], 'gamma_flip': None} expiry=None
2026-03-13 20:01:35,551 - api.api_server - INFO - Fetching option chain for SENSEX
2026-03-13 20:01:35,808 - data.nse_fetcher - WARNING - NSE option chain empty JSON for SENSEX
2026-03-13 20:01:35,901 - data.historical_fetcher - INFO - Downloading NIFTY history 5m (last 59 days)
2026-03-13 20:01:35,962 - data.historical_fetcher - INFO - Downloading NIFTY history 15m (last 59 days)
2026-03-13 20:01:36,008 - data.historical_fetcher - INFO - Downloading NIFTY daily history 2025-03-13 14:31:33.812266+00:00 2026-03-13 14:31:33.812266+00:00
2026-03-13 20:01:36,030 - data.historical_fetcher - INFO - Downloading SENSEX history 1m (last 7 days)
2026-03-13 20:01:37,142 - data.historical_fetcher - INFO - Downloading SENSEX history 5m (last 59 days)
2026-03-13 20:01:37,155 - data.historical_fetcher - INFO - Downloading SENSEX history 15m (last 59 days)
2026-03-13 20:01:37,176 - data.historical_fetcher - INFO - Downloading SENSEX daily history 2025-03-13 14:31:36.030677+00:00 2026-03-13 14:31:36.030677+00:00
2026-03-13 20:01:39,202 - data.nse_live_price - WARNING - [NSE] Index name SENSEX not found in allIndices payload
2026-03-13 20:01:39,208 - data.live_price - INFO - Using cached price for SENSEX from candles: 76320.34375
2026-03-13 20:01:39,361 - api.api_server - INFO - LIVE SIGNAL SENSEX price=76320.34375 scalping={'symbol': 'SENSEX', 'index_price': 76320.34375, 'trade': 'BUY_PE', 'strike': '76300 PE', 'entry': 20.0, 'target': 28.0, 'stoploss': 16.0, 'confidence': 85.0, 'generated_at': datetime.datetime(2026, 3, 13, 14, 31, 39, 347912, tzinfo=datetime.timezone.utc)} hero_zero=[] inst=None gamma={'gamma_walls': [], 'gamma_flip': None} expiry=None
2026-03-13 20:01:40,010 - data.angel_live_price - WARNING - [ANGEL] Missing API credentials in environment; skipping SmartAPI login
2026-03-13 20:01:40,432 - data.nse_live_price - INFO - [NSE] Live price fetched for NIFTY: 23151.1
2026-03-13 20:01:40,567 - api.api_server - INFO - LIVE SIGNAL NIFTY price=23151.1 scalping={'symbol': 'NIFTY', 'index_price': 23151.1, 'trade': 'BUY_PE', 'strike': '23150 PE', 'entry': 20.0, 'target': 28.0, 'stoploss': 16.0, 'confidence': 75.0, 'generated_at': datetime.datetime(2026, 3, 13, 14, 31, 40, 558600, tzinfo=datetime.timezone.utc)} hero_zero=[] inst=None gamma={'gamma_walls': [], 'gamma_flip': None} expiry=None
2026-03-13 20:01:40,568 - api.api_server - INFO - Fetching option chain for SENSEX
2026-03-13 20:01:40,724 - data.nse_fetcher - WARNING - NSE option chain empty JSON for SENSEX
2026-03-13 20:01:43,129 - data.angel_live_price - WARNING - [ANGEL] Missing API credentials in environment; skipping SmartAPI login
2026-03-13 20:01:43,236 - data.nse_live_price - WARNING - [NSE] Index name SENSEX not found in allIndices payload
2026-03-13 20:01:43,242 - data.live_price - INFO - Using cached price for SENSEX from candles: 76320.34375
2026-03-13 20:01:43,359 - api.api_server - INFO - LIVE SIGNAL SENSEX price=76320.34375 scalping={'symbol': 'SENSEX', 'index_price': 76320.34375, 'trade': 'BUY_PE', 'strike': '76300 PE', 'entry': 20.0, 'target': 28.0, 'stoploss': 16.0, 'confidence': 80.0, 'generated_at': datetime.datetime(2026, 3, 13, 14, 31, 43, 349045, tzinfo=datetime.timezone.utc)} hero_zero=[] inst=None gamma={'gamma_walls': [], 'gamma_flip': None} expiry=None
2026-03-13 20:02:39,376 - api.api_server - INFO - Main loop tick...
2026-03-13 20:02:39,378 - api.api_server - INFO - Fetching option chain for NIFTY
2026-03-13 20:02:39,512 - data.nse_fetcher - WARNING - NSE option chain empty JSON for NIFTY
2026-03-13 20:02:48,108 - data.nse_live_price - INFO - [NSE] Live price fetched for NIFTY: 23151.1
2026-03-13 20:02:48,432 - api.api_server - INFO - LIVE SIGNAL NIFTY price=23151.1 scalping={'symbol': 'NIFTY', 'index_price': 23151.1, 'trade': 'BUY_PE', 'strike': '23150 PE', 'entry': 20.0, 'target': 28.0, 'stoploss': 16.0, 'confidence': 75.0, 'generated_at': datetime.datetime(2026, 3, 13, 14, 32, 48, 418424, tzinfo=datetime.timezone.utc)} hero_zero=[] inst=None gamma={'gamma_walls': [], 'gamma_flip': None} expiry=None
2026-03-13 20:02:48,433 - api.api_server - INFO - Fetching option chain for SENSEX
2026-03-13 20:02:48,932 - data.nse_fetcher - WARNING - NSE option chain empty JSON for SENSEX
2026-03-13 20:02:57,234 - data.nse_live_price - WARNING - [NSE] Index name SENSEX not found in allIndices payload
2026-03-13 20:02:57,242 - data.live_price - INFO - Using cached price for SENSEX from candles: 76320.34375
2026-03-13 20:02:57,595 - api.api_server - INFO - LIVE SIGNAL SENSEX price=76320.34375 scalping={'symbol': 'SENSEX', 'index_price': 76320.34375, 'trade': 'BUY_PE', 'strike': '76300 PE', 'entry': 20.0, 'target': 28.0, 'stoploss': 16.0, 'confidence': 80.0, 'generated_at': datetime.datetime(2026, 3, 13, 14, 32, 57, 578708, tzinfo=datetime.timezone.utc)} hero_zero=[] inst=None gamma={'gamma_walls': [], 'gamma_flip': None} expiry=None
2026-03-13 20:03:48,694 - api.api_server - INFO - Initializing schema...
2026-03-13 20:03:48,700 - data.data_storage - INFO - SQLite schema initialized at D:\Angel Trading\free_quant_scalping_ai\storage\market_data.sqlite
2026-03-13 20:03:48,703 - data.historical_fetcher - INFO - Downloading NIFTY history 1m (last 7 days)
2026-03-13 20:03:48,718 - api.api_server - INFO - [TRAINING] Daily trainer scheduled for 02:00 UTC
2026-03-13 20:03:48,719 - api.api_server - INFO - API server ready. Docs: http://localhost:8000/docs
2026-03-13 20:03:48,721 - api.api_server - INFO - Main loop tick...
2026-03-13 20:03:48,729 - api.api_server - INFO - Fetching option chain for NIFTY
2026-03-13 20:03:49,610 - data.nse_fetcher - WARNING - NSE option chain empty JSON for NIFTY
2026-03-13 20:03:51,081 - data.historical_fetcher - INFO - Downloading NIFTY history 5m (last 59 days)
2026-03-13 20:03:51,094 - data.historical_fetcher - INFO - Downloading NIFTY history 15m (last 59 days)
2026-03-13 20:03:51,110 - data.historical_fetcher - INFO - Downloading NIFTY daily history 2025-03-13 14:33:48.703871+00:00 2026-03-13 14:33:48.703871+00:00
2026-03-13 20:03:51,131 - data.historical_fetcher - INFO - Downloading SENSEX history 1m (last 7 days)
2026-03-13 20:03:51,967 - data.historical_fetcher - INFO - Downloading SENSEX history 5m (last 59 days)
2026-03-13 20:03:51,989 - data.historical_fetcher - INFO - Downloading SENSEX history 15m (last 59 days)
2026-03-13 20:03:52,005 - data.historical_fetcher - INFO - Downloading SENSEX daily history 2025-03-13 14:33:51.131554+00:00 2026-03-13 14:33:51.131554+00:00
2026-03-13 20:03:54,422 - data.angel_live_price - WARNING - [ANGEL] Missing API credentials in environment; skipping SmartAPI login
2026-03-13 20:03:55,083 - data.nse_live_price - INFO - [NSE] Live price fetched for NIFTY: 23151.1
2026-03-13 20:03:55,223 - api.api_server - INFO - LIVE SIGNAL NIFTY price=23151.1 scalping={'symbol': 'NIFTY', 'index_price': 23151.1, 'trade': 'BUY_PE', 'strike': '23150 PE', 'entry': 20.0, 'target': 28.0, 'stoploss': 16.0, 'confidence': 80.0, 'generated_at': datetime.datetime(2026, 3, 13, 14, 33, 55, 215573, tzinfo=datetime.timezone.utc)} hero_zero=[] inst=None gamma={'gamma_walls': [], 'gamma_flip': None} expiry=None
2026-03-13 20:03:55,224 - api.api_server - INFO - Fetching option chain for SENSEX
2026-03-13 20:03:55,701 - data.nse_fetcher - WARNING - NSE option chain empty JSON for SENSEX
2026-03-13 20:03:57,607 - api.api_server - INFO - Main loop tick...
2026-03-13 20:03:57,607 - api.api_server - INFO - Fetching option chain for NIFTY
2026-03-13 20:03:57,724 - data.nse_fetcher - WARNING - NSE option chain empty JSON for NIFTY
2026-03-13 20:03:58,735 - data.angel_live_price - WARNING - [ANGEL] Missing API credentials in environment; skipping SmartAPI login
2026-03-13 20:03:58,845 - data.nse_live_price - WARNING - [NSE] Index name SENSEX not found in allIndices payload
2026-03-13 20:03:58,849 - data.live_price - INFO - Using cached price for SENSEX from candles: 76320.34375
2026-03-13 20:03:58,997 - api.api_server - INFO - LIVE SIGNAL SENSEX price=76320.34375 scalping={'symbol': 'SENSEX', 'index_price': 76320.34375, 'trade': 'BUY_PE', 'strike': '76300 PE', 'entry': 20.0, 'target': 28.0, 'stoploss': 16.0, 'confidence': 85.0, 'generated_at': datetime.datetime(2026, 3, 13, 14, 33, 58, 991710, tzinfo=datetime.timezone.utc)} hero_zero=[] inst=None gamma={'gamma_walls': [], 'gamma_flip': None} expiry=None
2026-03-13 20:04:01,102 - data.nse_live_price - INFO - [NSE] Live price fetched for NIFTY: 23151.1
2026-03-13 20:04:01,232 - api.api_server - INFO - LIVE SIGNAL NIFTY price=23151.1 scalping={'symbol': 'NIFTY', 'index_price': 23151.1, 'trade': 'BUY_PE', 'strike': '23150 PE', 'entry': 20.0, 'target': 28.0, 'stoploss': 16.0, 'confidence': 75.0, 'generated_at': datetime.datetime(2026, 3, 13, 14, 34, 1, 209100, tzinfo=datetime.timezone.utc)} hero_zero=[] inst=None gamma={'gamma_walls': [], 'gamma_flip': None} expiry=None
2026-03-13 20:04:01,234 - api.api_server - INFO - Fetching option chain for SENSEX
2026-03-13 20:04:01,323 - data.nse_fetcher - WARNING - NSE option chain empty JSON for SENSEX
2026-03-13 20:04:04,121 - data.nse_live_price - WARNING - [NSE] Index name SENSEX not found in allIndices payload
2026-03-13 20:04:04,124 - data.live_price - INFO - Using cached price for SENSEX from candles: 76320.34375
2026-03-13 20:04:04,246 - api.api_server - INFO - LIVE SIGNAL SENSEX price=76320.34375 scalping={'symbol': 'SENSEX', 'index_price': 76320.34375, 'trade': 'BUY_PE', 'strike': '76300 PE', 'entry': 20.0, 'target': 28.0, 'stoploss': 16.0, 'confidence': 85.0, 'generated_at': datetime.datetime(2026, 3, 13, 14, 34, 4, 239995, tzinfo=datetime.timezone.utc)} hero_zero=[] inst=None gamma={'gamma_walls': [], 'gamma_flip': None} expiry=None
2026-03-13 20:05:04,243 - api.api_server - INFO - Main loop tick...
2026-03-13 20:05:04,245 - api.api_server - INFO - Fetching option chain for NIFTY
2026-03-13 20:05:04,386 - data.nse_fetcher - WARNING - NSE option chain empty JSON for NIFTY
2026-03-13 20:05:17,092 - data.nse_live_price - INFO - [NSE] Live price fetched for NIFTY: 23151.1
2026-03-13 20:05:17,452 - api.api_server - INFO - LIVE SIGNAL NIFTY price=23151.1 scalping={'symbol': 'NIFTY', 'index_price': 23151.1, 'trade': 'BUY_PE', 'strike': '23150 PE', 'entry': 20.0, 'target': 28.0, 'stoploss': 16.0, 'confidence': 75.0, 'generated_at': datetime.datetime(2026, 3, 13, 14, 35, 17, 440211, tzinfo=datetime.timezone.utc)} hero_zero=[] inst=None gamma={'gamma_walls': [], 'gamma_flip': None} expiry=None
2026-03-13 20:05:17,455 - api.api_server - INFO - Fetching option chain for SENSEX
2026-03-13 20:05:17,771 - data.nse_fetcher - WARNING - NSE option chain empty JSON for SENSEX
2026-03-13 20:05:25,841 - data.nse_live_price - WARNING - [NSE] Index name SENSEX not found in allIndices payload
2026-03-13 20:05:25,849 - data.live_price - INFO - Using cached price for SENSEX from candles: 76320.34375
2026-03-13 20:05:26,257 - api.api_server - INFO - LIVE SIGNAL SENSEX price=76320.34375 scalping={'symbol': 'SENSEX', 'index_price': 76320.34375, 'trade': 'BUY_PE', 'strike': '76300 PE', 'entry': 20.0, 'target': 28.0, 'stoploss': 16.0, 'confidence': 85.0, 'generated_at': datetime.datetime(2026, 3, 13, 14, 35, 26, 244265, tzinfo=datetime.timezone.utc)} hero_zero=[] inst=None gamma={'gamma_walls': [], 'gamma_flip': None} expiry=None
2026-03-13 20:06:26,272 - api.api_server - INFO - Main loop tick...
2026-03-13 20:06:26,273 - api.api_server - INFO - Fetching option chain for NIFTY
2026-03-13 20:06:26,429 - data.nse_fetcher - WARNING - NSE option chain empty JSON for NIFTY
2026-03-13 20:06:29,195 - data.nse_live_price - INFO - [NSE] Live price fetched for NIFTY: 23151.1
2026-03-13 20:06:29,317 - api.api_server - INFO - LIVE SIGNAL NIFTY price=23151.1 scalping={'symbol': 'NIFTY', 'index_price': 23151.1, 'trade': 'BUY_PE', 'strike': '23150 PE', 'entry': 20.0, 'target': 28.0, 'stoploss': 16.0, 'confidence': 75.0, 'generated_at': datetime.datetime(2026, 3, 13, 14, 36, 29, 309864, tzinfo=datetime.timezone.utc)} hero_zero=[] inst=None gamma={'gamma_walls': [], 'gamma_flip': None} expiry=None
2026-03-13 20:06:29,318 - api.api_server - INFO - Fetching option chain for SENSEX
2026-03-13 20:06:29,707 - data.nse_fetcher - WARNING - NSE option chain empty JSON for SENSEX
2026-03-13 20:06:34,103 - data.nse_live_price - WARNING - [NSE] Index name SENSEX not found in allIndices payload
2026-03-13 20:06:34,106 - data.live_price - INFO - Using cached price for SENSEX from candles: 76320.34375
2026-03-13 20:06:34,236 - api.api_server - INFO - LIVE SIGNAL SENSEX price=76320.34375 scalping={'symbol': 'SENSEX', 'index_price': 76320.34375, 'trade': 'BUY_PE', 'strike': '76300 PE', 'entry': 20.0, 'target': 28.0, 'stoploss': 16.0, 'confidence': 80.0, 'generated_at': datetime.datetime(2026, 3, 13, 14, 36, 34, 212517, tzinfo=datetime.timezone.utc)} hero_zero=[] inst=None gamma={'gamma_walls': [], 'gamma_flip': None} expiry=None
2026-03-13 20:07:08,530 - api.api_server - INFO - Initializing schema...
2026-03-13 20:07:08,537 - data.data_storage - INFO - SQLite schema initialized at D:\Angel Trading\free_quant_scalping_ai\storage\market_data.sqlite
2026-03-13 20:07:08,540 - data.historical_fetcher - INFO - Downloading NIFTY history 1m (last 7 days)
2026-03-13 20:07:08,552 - api.api_server - INFO - [TRAINING] Daily trainer scheduled for 02:00 UTC
2026-03-13 20:07:08,553 - api.api_server - INFO - API server ready. Docs: http://localhost:8000/docs
2026-03-13 20:07:08,553 - api.api_server - INFO - Main loop tick...
2026-03-13 20:07:08,555 - api.api_server - INFO - Fetching option chain for NIFTY
2026-03-13 20:07:09,159 - data.nse_fetcher - WARNING - NSE option chain empty JSON for NIFTY
2026-03-13 20:07:10,589 - data.historical_fetcher - INFO - Downloading NIFTY history 5m (last 59 days)
2026-03-13 20:07:10,626 - data.historical_fetcher - INFO - Downloading NIFTY history 15m (last 59 days)
2026-03-13 20:07:10,674 - data.historical_fetcher - INFO - Downloading NIFTY daily history 2025-03-13 14:37:08.540060+00:00 2026-03-13 14:37:08.540060+00:00
2026-03-13 20:07:10,688 - data.historical_fetcher - INFO - Downloading SENSEX history 1m (last 7 days)
2026-03-13 20:07:11,738 - data.historical_fetcher - INFO - Downloading SENSEX history 5m (last 59 days)
2026-03-13 20:07:11,756 - data.historical_fetcher - INFO - Downloading SENSEX history 15m (last 59 days)
2026-03-13 20:07:11,776 - data.historical_fetcher - INFO - Downloading SENSEX daily history 2025-03-13 14:37:10.688571+00:00 2026-03-13 14:37:10.688571+00:00
2026-03-13 20:07:14,147 - data.angel_live_price - WARNING - [ANGEL] Missing API credentials in environment; skipping SmartAPI login
2026-03-13 20:07:14,583 - data.nse_live_price - INFO - [NSE] Live price fetched for NIFTY: 23151.1
2026-03-13 20:07:14,724 - api.api_server - INFO - LIVE SIGNAL NIFTY price=23151.1 scalping={'symbol': 'NIFTY', 'index_price': 23151.1, 'trade': 'BUY_PE', 'strike': '23150 PE', 'entry': 20.0, 'target': 28.0, 'stoploss': 16.0, 'confidence': 75.0, 'generated_at': datetime.datetime(2026, 3, 13, 14, 37, 14, 714545, tzinfo=datetime.timezone.utc)} hero_zero=[] inst=None gamma={'gamma_walls': [], 'gamma_flip': None} expiry=None
2026-03-13 20:07:14,725 - api.api_server - INFO - Fetching option chain for SENSEX
2026-03-13 20:07:15,034 - data.nse_fetcher - WARNING - NSE option chain empty JSON for SENSEX
2026-03-13 20:07:17,585 - data.angel_live_price - WARNING - [ANGEL] Missing API credentials in environment; skipping SmartAPI login
2026-03-13 20:07:17,691 - data.nse_live_price - WARNING - [NSE] Index name SENSEX not found in allIndices payload
2026-03-13 20:07:17,694 - data.live_price - INFO - Using cached price for SENSEX from candles: 76320.34375
2026-03-13 20:07:17,840 - api.api_server - INFO - LIVE SIGNAL SENSEX price=76320.34375 scalping={'symbol': 'SENSEX', 'index_price': 76320.34375, 'trade': 'BUY_PE', 'strike': '76300 PE', 'entry': 20.0, 'target': 28.0, 'stoploss': 16.0, 'confidence': 80.0, 'generated_at': datetime.datetime(2026, 3, 13, 14, 37, 17, 830751, tzinfo=datetime.timezone.utc)} hero_zero=[] inst=None gamma={'gamma_walls': [], 'gamma_flip': None} expiry=None
2026-03-13 20:08:17,851 - api.api_server - INFO - Main loop tick...
2026-03-13 20:08:17,852 - api.api_server - INFO - Fetching option chain for NIFTY
2026-03-13 20:08:17,972 - data.nse_fetcher - WARNING - NSE option chain empty JSON for NIFTY
2026-03-13 20:08:20,421 - data.angel_live_price - WARNING - [ANGEL] Missing API credentials in environment; skipping SmartAPI login
2026-03-13 20:08:20,505 - data.nse_live_price - INFO - [NSE] Live price fetched for NIFTY: 23151.1
2026-03-13 20:08:20,632 - api.api_server - INFO - LIVE SIGNAL NIFTY price=23151.1 scalping={'symbol': 'NIFTY', 'index_price': 23151.1, 'trade': 'BUY_PE', 'strike': '23150 PE', 'entry': 20.0, 'target': 28.0, 'stoploss': 16.0, 'confidence': 80.0, 'generated_at': datetime.datetime(2026, 3, 13, 14, 38, 20, 626062, tzinfo=datetime.timezone.utc)} hero_zero=[] inst=None gamma={'gamma_walls': [], 'gamma_flip': None} expiry=None
2026-03-13 20:08:20,634 - api.api_server - INFO - Fetching option chain for SENSEX
2026-03-13 20:08:20,896 - data.nse_fetcher - WARNING - NSE option chain empty JSON for SENSEX
2026-03-13 20:08:23,421 - data.angel_live_price - WARNING - [ANGEL] Missing API credentials in environment; skipping SmartAPI login
2026-03-13 20:08:23,512 - data.nse_live_price - WARNING - [NSE] Index name SENSEX not found in allIndices payload
2026-03-13 20:08:23,519 - data.live_price - INFO - Using cached price for SENSEX from candles: 76320.34375
2026-03-13 20:08:23,637 - api.api_server - INFO - LIVE SIGNAL SENSEX price=76320.34375 scalping={'symbol': 'SENSEX', 'index_price': 76320.34375, 'trade': 'BUY_PE', 'strike': '76300 PE', 'entry': 20.0, 'target': 28.0, 'stoploss': 16.0, 'confidence': 85.0, 'generated_at': datetime.datetime(2026, 3, 13, 14, 38, 23, 628272, tzinfo=datetime.timezone.utc)} hero_zero=[] inst=None gamma={'gamma_walls': [], 'gamma_flip': None} expiry=None
2026-03-13 20:09:23,639 - api.api_server - INFO - Main loop tick...
2026-03-13 20:09:23,640 - api.api_server - INFO - Fetching option chain for NIFTY
2026-03-13 20:09:23,754 - data.nse_fetcher - WARNING - NSE option chain empty JSON for NIFTY
2026-03-13 20:09:26,283 - data.angel_live_price - WARNING - [ANGEL] Missing API credentials in environment; skipping SmartAPI login
2026-03-13 20:09:26,379 - data.nse_live_price - INFO - [NSE] Live price fetched for NIFTY: 23151.1
2026-03-13 20:09:26,537 - api.api_server - INFO - LIVE SIGNAL NIFTY price=23151.1 scalping={'symbol': 'NIFTY', 'index_price': 23151.1, 'trade': 'BUY_PE', 'strike': '23150 PE', 'entry': 20.0, 'target': 28.0, 'stoploss': 16.0, 'confidence': 80.0, 'generated_at': datetime.datetime(2026, 3, 13, 14, 39, 26, 522730, tzinfo=datetime.timezone.utc)} hero_zero=[] inst=None gamma={'gamma_walls': [], 'gamma_flip': None} expiry=None
2026-03-13 20:09:26,538 - api.api_server - INFO - Fetching option chain for SENSEX
2026-03-13 20:09:26,821 - data.nse_fetcher - WARNING - NSE option chain empty JSON for SENSEX
2026-03-13 20:09:29,591 - data.angel_live_price - WARNING - [ANGEL] Missing API credentials in environment; skipping SmartAPI login
2026-03-13 20:09:29,692 - data.nse_live_price - WARNING - [NSE] Index name SENSEX not found in allIndices payload
2026-03-13 20:09:29,695 - data.live_price - INFO - Using cached price for SENSEX from candles: 76320.34375
2026-03-13 20:09:29,837 - api.api_server - INFO - LIVE SIGNAL SENSEX price=76320.34375 scalping={'symbol': 'SENSEX', 'index_price': 76320.34375, 'trade': 'BUY_PE', 'strike': '76300 PE', 'entry': 20.0, 'target': 28.0, 'stoploss': 16.0, 'confidence': 85.0, 'generated_at': datetime.datetime(2026, 3, 13, 14, 39, 29, 824610, tzinfo=datetime.timezone.utc)} hero_zero=[] inst=None gamma={'gamma_walls': [], 'gamma_flip': None} expiry=None
2026-03-13 20:10:29,853 - api.api_server - INFO - Main loop tick...
2026-03-13 20:10:29,854 - api.api_server - INFO - Fetching option chain for NIFTY
2026-03-13 20:10:29,974 - data.nse_fetcher - WARNING - NSE option chain empty JSON for NIFTY
2026-03-13 20:10:32,367 - data.angel_live_price - WARNING - [ANGEL] Missing API credentials in environment; skipping SmartAPI login
2026-03-13 20:10:32,501 - data.nse_live_price - INFO - [NSE] Live price fetched for NIFTY: 23151.1
2026-03-13 20:10:32,623 - api.api_server - INFO - LIVE SIGNAL NIFTY price=23151.1 scalping={'symbol': 'NIFTY', 'index_price': 23151.1, 'trade': 'BUY_PE', 'strike': '23150 PE', 'entry': 20.0, 'target': 28.0, 'stoploss': 16.0, 'confidence': 80.0, 'generated_at': datetime.datetime(2026, 3, 13, 14, 40, 32, 616989, tzinfo=datetime.timezone.utc)} hero_zero=[] inst=None gamma={'gamma_walls': [], 'gamma_flip': None} expiry=None
2026-03-13 20:10:32,624 - api.api_server - INFO - Fetching option chain for SENSEX
2026-03-13 20:10:32,920 - data.nse_fetcher - WARNING - NSE option chain empty JSON for SENSEX
2026-03-13 20:10:35,280 - data.angel_live_price - WARNING - [ANGEL] Missing API credentials in environment; skipping SmartAPI login
2026-03-13 20:10:35,384 - data.nse_live_price - WARNING - [NSE] Index name SENSEX not found in allIndices payload
2026-03-13 20:10:35,387 - data.live_price - INFO - Using cached price for SENSEX from candles: 76320.34375
2026-03-13 20:10:35,517 - api.api_server - INFO - LIVE SIGNAL SENSEX price=76320.34375 scalping={'symbol': 'SENSEX', 'index_price': 76320.34375, 'trade': 'BUY_PE', 'strike': '76300 PE', 'entry': 20.0, 'target': 28.0, 'stoploss': 16.0, 'confidence': 85.0, 'generated_at': datetime.datetime(2026, 3, 13, 14, 40, 35, 496808, tzinfo=datetime.timezone.utc)} hero_zero=[] inst=None gamma={'gamma_walls': [], 'gamma_flip': None} expiry=None
2026-03-13 20:11:35,527 - api.api_server - INFO - Main loop tick...
2026-03-13 20:11:35,528 - api.api_server - INFO - Fetching option chain for NIFTY
2026-03-13 20:11:35,669 - data.nse_fetcher - WARNING - NSE option chain empty JSON for NIFTY
2026-03-13 20:11:39,440 - data.angel_live_price - WARNING - [ANGEL] Missing API credentials in environment; skipping SmartAPI login
2026-03-13 20:11:39,543 - data.nse_live_price - INFO - [NSE] Live price fetched for NIFTY: 23151.1
2026-03-13 20:11:39,673 - api.api_server - INFO - LIVE SIGNAL NIFTY price=23151.1 scalping={'symbol': 'NIFTY', 'index_price': 23151.1, 'trade': 'BUY_PE', 'strike': '23150 PE', 'entry': 20.0, 'target': 28.0, 'stoploss': 16.0, 'confidence': 80.0, 'generated_at': datetime.datetime(2026, 3, 13, 14, 41, 39, 658711, tzinfo=datetime.timezone.utc)} hero_zero=[] inst=None gamma={'gamma_walls': [], 'gamma_flip': None} expiry=None
2026-03-13 20:11:39,674 - api.api_server - INFO - Fetching option chain for SENSEX
2026-03-13 20:11:39,983 - data.nse_fetcher - WARNING - NSE option chain empty JSON for SENSEX
2026-03-13 20:11:42,363 - data.angel_live_price - WARNING - [ANGEL] Missing API credentials in environment; skipping SmartAPI login
2026-03-13 20:11:42,472 - data.nse_live_price - WARNING - [NSE] Index name SENSEX not found in allIndices payload
2026-03-13 20:11:42,475 - data.live_price - INFO - Using cached price for SENSEX from candles: 76320.34375
2026-03-13 20:11:42,595 - api.api_server - INFO - LIVE SIGNAL SENSEX price=76320.34375 scalping={'symbol': 'SENSEX', 'index_price': 76320.34375, 'trade': 'BUY_PE', 'strike': '76300 PE', 'entry': 20.0, 'target': 28.0, 'stoploss': 16.0, 'confidence': 85.0, 'generated_at': datetime.datetime(2026, 3, 13, 14, 41, 42, 582263, tzinfo=datetime.timezone.utc)} hero_zero=[] inst=None gamma={'gamma_walls': [], 'gamma_flip': None} expiry=None
2026-03-13 20:12:42,617 - api.api_server - INFO - Main loop tick...
2026-03-13 20:12:42,617 - api.api_server - INFO - Fetching option chain for NIFTY
2026-03-13 20:12:42,772 - data.nse_fetcher - WARNING - NSE option chain empty JSON for NIFTY
2026-03-13 20:12:45,786 - data.angel_live_price - WARNING - [ANGEL] Missing API credentials in environment; skipping SmartAPI login
2026-03-13 20:12:45,902 - data.nse_live_price - INFO - [NSE] Live price fetched for NIFTY: 23151.1
2026-03-13 20:12:46,045 - api.api_server - INFO - LIVE SIGNAL NIFTY price=23151.1 scalping={'symbol': 'NIFTY', 'index_price': 23151.1, 'trade': 'BUY_PE', 'strike': '23150 PE', 'entry': 20.0, 'target': 28.0, 'stoploss': 16.0, 'confidence': 75.0, 'generated_at': datetime.datetime(2026, 3, 13, 14, 42, 46, 36801, tzinfo=datetime.timezone.utc)} hero_zero=[] inst=None gamma={'gamma_walls': [], 'gamma_flip': None} expiry=None
2026-03-13 20:12:46,046 - api.api_server - INFO - Fetching option chain for SENSEX
2026-03-13 20:12:46,322 - data.nse_fetcher - WARNING - NSE option chain empty JSON for SENSEX
2026-03-13 20:12:49,034 - data.angel_live_price - WARNING - [ANGEL] Missing API credentials in environment; skipping SmartAPI login
2026-03-13 20:12:49,162 - data.nse_live_price - WARNING - [NSE] Index name SENSEX not found in allIndices payload
2026-03-13 20:12:49,166 - data.live_price - INFO - Using cached price for SENSEX from candles: 76320.34375
2026-03-13 20:12:49,289 - api.api_server - INFO - LIVE SIGNAL SENSEX price=76320.34375 scalping={'symbol': 'SENSEX', 'index_price': 76320.34375, 'trade': 'BUY_PE', 'strike': '76300 PE', 'entry': 20.0, 'target': 28.0, 'stoploss': 16.0, 'confidence': 80.0, 'generated_at': datetime.datetime(2026, 3, 13, 14, 42, 49, 284711, tzinfo=datetime.timezone.utc)} hero_zero=[] inst=None gamma={'gamma_walls': [], 'gamma_flip': None} expiry=None
2026-03-13 20:13:49,295 - api.api_server - INFO - Main loop tick...
2026-03-13 20:13:49,296 - api.api_server - INFO - Fetching option chain for NIFTY
2026-03-13 20:13:49,429 - data.nse_fetcher - WARNING - NSE option chain empty JSON for NIFTY
2026-03-13 20:13:52,592 - data.angel_live_price - WARNING - [ANGEL] Missing API credentials in environment; skipping SmartAPI login
2026-03-13 20:13:52,732 - data.nse_live_price - INFO - [NSE] Live price fetched for NIFTY: 23151.1
2026-03-13 20:13:52,856 - api.api_server - INFO - LIVE SIGNAL NIFTY price=23151.1 scalping={'symbol': 'NIFTY', 'index_price': 23151.1, 'trade': 'BUY_PE', 'strike': '23150 PE', 'entry': 20.0, 'target': 28.0, 'stoploss': 16.0, 'confidence': 80.0, 'generated_at': datetime.datetime(2026, 3, 13, 14, 43, 52, 850315, tzinfo=datetime.timezone.utc)} hero_zero=[] inst=None gamma={'gamma_walls': [], 'gamma_flip': None} expiry=None
2026-03-13 20:13:52,860 - api.api_server - INFO - Fetching option chain for SENSEX
2026-03-13 20:13:53,211 - data.nse_fetcher - WARNING - NSE option chain empty JSON for SENSEX
2026-03-13 20:13:55,890 - data.angel_live_price - WARNING - [ANGEL] Missing API credentials in environment; skipping SmartAPI login
2026-03-13 20:13:55,994 - data.nse_live_price - WARNING - [NSE] Index name SENSEX not found in allIndices payload
2026-03-13 20:13:55,997 - data.live_price - INFO - Using cached price for SENSEX from candles: 76320.34375
2026-03-13 20:13:56,114 - api.api_server - INFO - LIVE SIGNAL SENSEX price=76320.34375 scalping={'symbol': 'SENSEX', 'index_price': 76320.34375, 'trade': 'BUY_PE', 'strike': '76300 PE', 'entry': 20.0, 'target': 28.0, 'stoploss': 16.0, 'confidence': 80.0, 'generated_at': datetime.datetime(2026, 3, 13, 14, 43, 56, 105735, tzinfo=datetime.timezone.utc)} hero_zero=[] inst=None gamma={'gamma_walls': [], 'gamma_flip': None} expiry=None
2026-03-13 20:15:03,350 - api.api_server - INFO - Initializing schema...
2026-03-13 20:15:03,351 - data.data_storage - INFO - SQLite schema initialized at D:\Angel Trading\free_quant_scalping_ai\storage\market_data.sqlite
2026-03-13 20:15:03,353 - data.historical_fetcher - INFO - Downloading NIFTY history 1m (last 7 days)
2026-03-13 20:15:03,362 - api.api_server - INFO - [TRAINING] Daily trainer scheduled for 02:00 UTC
2026-03-13 20:15:03,362 - api.api_server - INFO - API server ready. Docs: http://localhost:8000/docs
2026-03-13 20:15:03,363 - api.api_server - INFO - Main loop tick...
2026-03-13 20:15:03,363 - api.api_server - INFO - Fetching option chain for NIFTY
2026-03-13 20:15:04,021 - data.nse_fetcher - WARNING - NSE option chain empty JSON for NIFTY
2026-03-13 20:15:05,631 - data.historical_fetcher - INFO - Downloading NIFTY history 5m (last 59 days)
2026-03-13 20:15:05,643 - data.historical_fetcher - INFO - Downloading NIFTY history 15m (last 59 days)
2026-03-13 20:15:05,657 - data.historical_fetcher - INFO - Downloading NIFTY daily history 2025-03-13 14:45:03.353525+00:00 2026-03-13 14:45:03.353525+00:00
2026-03-13 20:15:05,676 - data.historical_fetcher - INFO - Downloading SENSEX history 1m (last 7 days)
2026-03-13 20:15:06,629 - data.historical_fetcher - INFO - Downloading SENSEX history 5m (last 59 days)
2026-03-13 20:15:06,641 - data.historical_fetcher - INFO - Downloading SENSEX history 15m (last 59 days)
2026-03-13 20:15:06,654 - data.historical_fetcher - INFO - Downloading SENSEX daily history 2025-03-13 14:45:05.676038+00:00 2026-03-13 14:45:05.676038+00:00
2026-03-13 20:15:09,278 - data.angel_live_price - WARNING - [ANGEL] Missing API credentials in environment; skipping SmartAPI login
2026-03-13 20:15:09,819 - data.nse_live_price - INFO - [NSE] Live price fetched for NIFTY: 23151.1
2026-03-13 20:15:09,967 - api.api_server - INFO - LIVE SIGNAL NIFTY price=23151.1 scalping={'symbol': 'NIFTY', 'index_price': 23151.1, 'trade': 'BUY_PE', 'strike': '23150 PE', 'entry': 20.0, 'target': 28.0, 'stoploss': 16.0, 'confidence': 80.0, 'generated_at': datetime.datetime(2026, 3, 13, 14, 45, 9, 960851, tzinfo=datetime.timezone.utc)} hero_zero=[] inst=None gamma={'gamma_walls': [], 'gamma_flip': None} expiry=None
2026-03-13 20:15:09,968 - api.api_server - INFO - Fetching option chain for SENSEX
2026-03-13 20:15:10,273 - data.nse_fetcher - WARNING - NSE option chain empty JSON for SENSEX
2026-03-13 20:15:12,886 - data.angel_live_price - WARNING - [ANGEL] Missing API credentials in environment; skipping SmartAPI login
2026-03-13 20:15:12,992 - data.nse_live_price - WARNING - [NSE] Index name SENSEX not found in allIndices payload
2026-03-13 20:15:12,996 - data.live_price - INFO - Using cached price for SENSEX from candles: 76320.34375
2026-03-13 20:15:13,129 - api.api_server - INFO - LIVE SIGNAL SENSEX price=76320.34375 scalping={'symbol': 'SENSEX', 'index_price': 76320.34375, 'trade': 'BUY_PE', 'strike': '76300 PE', 'entry': 20.0, 'target': 28.0, 'stoploss': 16.0, 'confidence': 80.0, 'generated_at': datetime.datetime(2026, 3, 13, 14, 45, 13, 119210, tzinfo=datetime.timezone.utc)} hero_zero=[] inst=None gamma={'gamma_walls': [], 'gamma_flip': None} expiry=None
2026-03-13 20:16:13,142 - api.api_server - INFO - Main loop tick...
2026-03-13 20:16:13,144 - api.api_server - INFO - Fetching option chain for NIFTY
2026-03-13 20:16:13,285 - data.nse_fetcher - WARNING - NSE option chain empty JSON for NIFTY
2026-03-13 20:16:16,202 - data.angel_live_price - WARNING - [ANGEL] Missing API credentials in environment; skipping SmartAPI login
2026-03-13 20:16:16,365 - data.nse_live_price - INFO - [NSE] Live price fetched for NIFTY: 23151.1
2026-03-13 20:16:16,580 - api.api_server - INFO - LIVE SIGNAL NIFTY price=23151.1 scalping={'symbol': 'NIFTY', 'index_price': 23151.1, 'trade': 'BUY_PE', 'strike': '23150 PE', 'entry': 20.0, 'target': 28.0, 'stoploss': 16.0, 'confidence': 80.0, 'generated_at': datetime.datetime(2026, 3, 13, 14, 46, 16, 562551, tzinfo=datetime.timezone.utc)} hero_zero=[] inst=None gamma={'gamma_walls': [], 'gamma_flip': None} expiry=None
2026-03-13 20:16:16,581 - api.api_server - INFO - Fetching option chain for SENSEX
2026-03-13 20:16:17,005 - data.nse_fetcher - WARNING - NSE option chain empty JSON for SENSEX
2026-03-13 20:16:19,816 - data.angel_live_price - WARNING - [ANGEL] Missing API credentials in environment; skipping SmartAPI login
2026-03-13 20:16:19,930 - data.nse_live_price - WARNING - [NSE] Index name SENSEX not found in allIndices payload
2026-03-13 20:16:19,932 - data.live_price - INFO - Using cached price for SENSEX from candles: 76320.34375
2026-03-13 20:16:20,066 - api.api_server - INFO - LIVE SIGNAL SENSEX price=76320.34375 scalping={'symbol': 'SENSEX', 'index_price': 76320.34375, 'trade': 'BUY_PE', 'strike': '76300 PE', 'entry': 20.0, 'target': 28.0, 'stoploss': 16.0, 'confidence': 80.0, 'generated_at': datetime.datetime(2026, 3, 13, 14, 46, 20, 47386, tzinfo=datetime.timezone.utc)} hero_zero=[] inst=None gamma={'gamma_walls': [], 'gamma_flip': None} expiry=None
2026-03-13 20:19:35,583 - api.api_server - INFO - Initializing schema...
2026-03-13 20:19:35,601 - data.data_storage - INFO - SQLite schema initialized at D:\Angel Trading\free_quant_scalping_ai\storage\market_data.sqlite
2026-03-13 20:19:35,612 - data.historical_fetcher - INFO - Downloading NIFTY history 1m (last 7 days)
2026-03-13 20:19:35,689 - api.api_server - INFO - [TRAINING] Daily trainer scheduled for 02:00 UTC
2026-03-13 20:19:35,740 - api.api_server - INFO - API server ready. Docs: http://localhost:8000/docs
2026-03-13 20:19:35,771 - api.api_server - INFO - Main loop tick...
2026-03-13 20:19:35,775 - api.api_server - INFO - Fetching option chain for NIFTY
2026-03-13 20:19:36,330 - data.nse_fetcher - WARNING - NSE option chain empty JSON for NIFTY
2026-03-13 20:19:37,513 - data.historical_fetcher - INFO - Downloading NIFTY history 5m (last 59 days)
2026-03-13 20:19:37,527 - data.historical_fetcher - INFO - Downloading NIFTY history 15m (last 59 days)
2026-03-13 20:19:37,544 - data.historical_fetcher - INFO - Downloading NIFTY daily history 2025-03-13 14:49:35.612315+00:00 2026-03-13 14:49:35.612315+00:00
2026-03-13 20:19:37,562 - data.historical_fetcher - INFO - Downloading SENSEX history 1m (last 7 days)
2026-03-13 20:19:38,656 - data.historical_fetcher - INFO - Downloading SENSEX history 5m (last 59 days)
2026-03-13 20:19:38,672 - data.historical_fetcher - INFO - Downloading SENSEX history 15m (last 59 days)
2026-03-13 20:19:38,709 - data.historical_fetcher - INFO - Downloading SENSEX daily history 2025-03-13 14:49:37.562697+00:00 2026-03-13 14:49:37.562697+00:00
2026-03-13 20:19:41,795 - data.angel_live_price - WARNING - [ANGEL] Missing API credentials in environment; skipping SmartAPI login
2026-03-13 20:19:42,257 - data.nse_live_price - INFO - [NSE] Live price fetched for NIFTY: 23151.1
2026-03-13 20:19:42,416 - api.api_server - INFO - LIVE SIGNAL NIFTY price=23151.1 scalping={'symbol': 'NIFTY', 'index_price': 23151.1, 'trade': 'BUY_PE', 'strike': '23150 PE', 'entry': 20.0, 'target': 28.0, 'stoploss': 16.0, 'confidence': 75.0, 'generated_at': datetime.datetime(2026, 3, 13, 14, 49, 42, 387060, tzinfo=datetime.timezone.utc)} hero_zero=[] inst=None gamma={'gamma_walls': [], 'gamma_flip': None} expiry=None
2026-03-13 20:19:42,417 - api.api_server - INFO - Fetching option chain for SENSEX
2026-03-13 20:19:42,711 - data.nse_fetcher - WARNING - NSE option chain empty JSON for SENSEX
2026-03-13 20:19:45,298 - data.angel_live_price - WARNING - [ANGEL] Missing API credentials in environment; skipping SmartAPI login
2026-03-13 20:19:45,418 - data.nse_live_price - WARNING - [NSE] Index name SENSEX not found in allIndices payload
2026-03-13 20:19:45,421 - data.live_price - INFO - Using cached price for SENSEX from candles: 76320.34375
2026-03-13 20:19:45,547 - api.api_server - INFO - LIVE SIGNAL SENSEX price=76320.34375 scalping={'symbol': 'SENSEX', 'index_price': 76320.34375, 'trade': 'BUY_PE', 'strike': '76300 PE', 'entry': 20.0, 'target': 28.0, 'stoploss': 16.0, 'confidence': 80.0, 'generated_at': datetime.datetime(2026, 3, 13, 14, 49, 45, 540426, tzinfo=datetime.timezone.utc)} hero_zero=[] inst=None gamma={'gamma_walls': [], 'gamma_flip': None} expiry=None
2026-03-13 20:20:45,565 - api.api_server - INFO - Main loop tick...
2026-03-13 20:20:45,566 - api.api_server - INFO - Fetching option chain for NIFTY
2026-03-13 20:20:45,667 - data.nse_fetcher - WARNING - NSE option chain empty JSON for NIFTY
2026-03-13 20:20:48,954 - data.angel_live_price - WARNING - [ANGEL] Missing API credentials in environment; skipping SmartAPI login
2026-03-13 20:20:49,045 - data.nse_live_price - INFO - [NSE] Live price fetched for NIFTY: 23151.1
2026-03-13 20:20:49,186 - api.api_server - INFO - LIVE SIGNAL NIFTY price=23151.1 scalping={'symbol': 'NIFTY', 'index_price': 23151.1, 'trade': 'BUY_PE', 'strike': '23150 PE', 'entry': 20.0, 'target': 28.0, 'stoploss': 16.0, 'confidence': 80.0, 'generated_at': datetime.datetime(2026, 3, 13, 14, 50, 49, 168349, tzinfo=datetime.timezone.utc)} hero_zero=[] inst=None gamma={'gamma_walls': [], 'gamma_flip': None} expiry=None
2026-03-13 20:20:49,187 - api.api_server - INFO - Fetching option chain for SENSEX
2026-03-13 20:20:49,304 - data.nse_fetcher - WARNING - NSE option chain empty JSON for SENSEX
2026-03-13 20:20:52,972 - data.angel_live_price - WARNING - [ANGEL] Missing API credentials in environment; skipping SmartAPI login
2026-03-13 20:20:53,079 - data.nse_live_price - WARNING - [NSE] Index name SENSEX not found in allIndices payload
2026-03-13 20:20:53,087 - data.live_price - INFO - Using cached price for SENSEX from candles: 76320.34375
2026-03-13 20:20:53,238 - api.api_server - INFO - LIVE SIGNAL SENSEX price=76320.34375 scalping={'symbol': 'SENSEX', 'index_price': 76320.34375, 'trade': 'BUY_PE', 'strike': '76300 PE', 'entry': 20.0, 'target': 28.0, 'stoploss': 16.0, 'confidence': 85.0, 'generated_at': datetime.datetime(2026, 3, 13, 14, 50, 53, 229953, tzinfo=datetime.timezone.utc)} hero_zero=[] inst=None gamma={'gamma_walls': [], 'gamma_flip': None} expiry=None
2026-03-13 20:21:53,251 - api.api_server - INFO - Main loop tick...
2026-03-13 20:21:53,252 - api.api_server - INFO - Fetching option chain for NIFTY
2026-03-13 20:21:53,418 - data.nse_fetcher - WARNING - NSE option chain empty JSON for NIFTY
2026-03-13 20:21:56,168 - data.angel_live_price - WARNING - [ANGEL] Missing API credentials in environment; skipping SmartAPI login
2026-03-13 20:21:56,302 - data.nse_live_price - INFO - [NSE] Live price fetched for NIFTY: 23151.1
2026-03-13 20:21:56,422 - api.api_server - INFO - LIVE SIGNAL NIFTY price=23151.1 scalping={'symbol': 'NIFTY', 'index_price': 23151.1, 'trade': 'BUY_PE', 'strike': '23150 PE', 'entry': 20.0, 'target': 28.0, 'stoploss': 16.0, 'confidence': 75.0, 'generated_at': datetime.datetime(2026, 3, 13, 14, 51, 56, 417345, tzinfo=datetime.timezone.utc)} hero_zero=[] inst=None gamma={'gamma_walls': [], 'gamma_flip': None} expiry=None
2026-03-13 20:21:56,423 - api.api_server - INFO - Fetching option chain for SENSEX
2026-03-13 20:21:56,756 - data.nse_fetcher - WARNING - NSE option chain empty JSON for SENSEX
2026-03-13 20:21:59,288 - data.angel_live_price - WARNING - [ANGEL] Missing API credentials in environment; skipping SmartAPI login
2026-03-13 20:21:59,395 - data.nse_live_price - WARNING - [NSE] Index name SENSEX not found in allIndices payload
2026-03-13 20:21:59,400 - data.live_price - INFO - Using cached price for SENSEX from candles: 76320.34375
2026-03-13 20:21:59,543 - api.api_server - INFO - LIVE SIGNAL SENSEX price=76320.34375 scalping={'symbol': 'SENSEX', 'index_price': 76320.34375, 'trade': 'BUY_PE', 'strike': '76300 PE', 'entry': 20.0, 'target': 28.0, 'stoploss': 16.0, 'confidence': 80.0, 'generated_at': datetime.datetime(2026, 3, 13, 14, 51, 59, 509482, tzinfo=datetime.timezone.utc)} hero_zero=[] inst=None gamma={'gamma_walls': [], 'gamma_flip': None} expiry=None
2026-03-13 20:22:59,564 - api.api_server - INFO - Main loop tick...
2026-03-13 20:22:59,566 - api.api_server - INFO - Fetching option chain for NIFTY
2026-03-13 20:22:59,670 - data.nse_fetcher - WARNING - NSE option chain empty JSON for NIFTY
2026-03-13 20:23:03,451 - data.angel_live_price - WARNING - [ANGEL] Missing API credentials in environment; skipping SmartAPI login
2026-03-13 20:23:03,548 - data.nse_live_price - INFO - [NSE] Live price fetched for NIFTY: 23151.1
2026-03-13 20:23:03,684 - api.api_server - INFO - LIVE SIGNAL NIFTY price=23151.1 scalping={'symbol': 'NIFTY', 'index_price': 23151.1, 'trade': 'BUY_PE', 'strike': '23150 PE', 'entry': 20.0, 'target': 28.0, 'stoploss': 16.0, 'confidence': 80.0, 'generated_at': datetime.datetime(2026, 3, 13, 14, 53, 3, 658641, tzinfo=datetime.timezone.utc)} hero_zero=[] inst=None gamma={'gamma_walls': [], 'gamma_flip': None} expiry=None
2026-03-13 20:23:03,685 - api.api_server - INFO - Fetching option chain for SENSEX
2026-03-13 20:23:03,988 - data.nse_fetcher - WARNING - NSE option chain empty JSON for SENSEX
2026-03-13 20:23:06,585 - data.angel_live_price - WARNING - [ANGEL] Missing API credentials in environment; skipping SmartAPI login
2026-03-13 20:23:06,685 - data.nse_live_price - WARNING - [NSE] Index name SENSEX not found in allIndices payload
2026-03-13 20:23:06,688 - data.live_price - INFO - Using cached price for SENSEX from candles: 76320.34375
2026-03-13 20:23:06,805 - api.api_server - INFO - LIVE SIGNAL SENSEX price=76320.34375 scalping={'symbol': 'SENSEX', 'index_price': 76320.34375, 'trade': 'BUY_PE', 'strike': '76300 PE', 'entry': 20.0, 'target': 28.0, 'stoploss': 16.0, 'confidence': 80.0, 'generated_at': datetime.datetime(2026, 3, 13, 14, 53, 6, 789059, tzinfo=datetime.timezone.utc)} hero_zero=[] inst=None gamma={'gamma_walls': [], 'gamma_flip': None} expiry=None
2026-03-13 20:24:06,817 - api.api_server - INFO - Main loop tick...
2026-03-13 20:24:06,819 - api.api_server - INFO - Fetching option chain for NIFTY
2026-03-13 20:24:06,934 - data.nse_fetcher - WARNING - NSE option chain empty JSON for NIFTY
2026-03-13 20:24:09,404 - data.angel_live_price - WARNING - [ANGEL] Missing API credentials in environment; skipping SmartAPI login
2026-03-13 20:24:09,532 - data.nse_live_price - INFO - [NSE] Live price fetched for NIFTY: 23151.1
2026-03-13 20:24:09,646 - api.api_server - INFO - LIVE SIGNAL NIFTY price=23151.1 scalping={'symbol': 'NIFTY', 'index_price': 23151.1, 'trade': 'BUY_PE', 'strike': '23150 PE', 'entry': 20.0, 'target': 28.0, 'stoploss': 16.0, 'confidence': 80.0, 'generated_at': datetime.datetime(2026, 3, 13, 14, 54, 9, 637723, tzinfo=datetime.timezone.utc)} hero_zero=[] inst=None gamma={'gamma_walls': [], 'gamma_flip': None} expiry=None
2026-03-13 20:24:09,647 - api.api_server - INFO - Fetching option chain for SENSEX
2026-03-13 20:24:09,833 - data.nse_fetcher - WARNING - NSE option chain empty JSON for SENSEX
2026-03-13 20:24:12,585 - data.angel_live_price - WARNING - [ANGEL] Missing API credentials in environment; skipping SmartAPI login
2026-03-13 20:24:12,762 - data.nse_live_price - WARNING - [NSE] Index name SENSEX not found in allIndices payload
2026-03-13 20:24:12,766 - data.live_price - INFO - Using cached price for SENSEX from candles: 76320.34375
2026-03-13 20:24:12,875 - api.api_server - INFO - LIVE SIGNAL SENSEX price=76320.34375 scalping={'symbol': 'SENSEX', 'index_price': 76320.34375, 'trade': 'BUY_PE', 'strike': '76300 PE', 'entry': 20.0, 'target': 28.0, 'stoploss': 16.0, 'confidence': 80.0, 'generated_at': datetime.datetime(2026, 3, 13, 14, 54, 12, 870179, tzinfo=datetime.timezone.utc)} hero_zero=[] inst=None gamma={'gamma_walls': [], 'gamma_flip': None} expiry=None
2026-03-13 20:25:12,883 - api.api_server - INFO - Main loop tick...
2026-03-13 20:25:12,917 - api.api_server - INFO - Fetching option chain for NIFTY
2026-03-13 20:25:13,120 - data.nse_fetcher - WARNING - NSE option chain empty JSON for NIFTY
2026-03-13 20:25:22,091 - data.angel_live_price - WARNING - [ANGEL] Missing API credentials in environment; skipping SmartAPI login
2026-03-13 20:25:22,226 - data.nse_live_price - INFO - [NSE] Live price fetched for NIFTY: 23151.1
2026-03-13 20:25:22,602 - api.api_server - INFO - LIVE SIGNAL NIFTY price=23151.1 scalping={'symbol': 'NIFTY', 'index_price': 23151.1, 'trade': 'BUY_PE', 'strike': '23150 PE', 'entry': 20.0, 'target': 28.0, 'stoploss': 16.0, 'confidence': 80.0, 'generated_at': datetime.datetime(2026, 3, 13, 14, 55, 22, 573269, tzinfo=datetime.timezone.utc)} hero_zero=[] inst=None gamma={'gamma_walls': [], 'gamma_flip': None} expiry=None
2026-03-13 20:25:22,604 - api.api_server - INFO - Fetching option chain for SENSEX
2026-03-13 20:25:22,990 - data.nse_fetcher - WARNING - NSE option chain empty JSON for SENSEX
2026-03-13 20:25:30,983 - data.angel_live_price - WARNING - [ANGEL] Missing API credentials in environment; skipping SmartAPI login
2026-03-13 20:25:31,077 - data.nse_live_price - WARNING - [NSE] Index name SENSEX not found in allIndices payload
2026-03-13 20:25:31,086 - data.live_price - INFO - Using cached price for SENSEX from candles: 76320.34375
2026-03-13 20:25:31,424 - api.api_server - INFO - LIVE SIGNAL SENSEX price=76320.34375 scalping={'symbol': 'SENSEX', 'index_price': 76320.34375, 'trade': 'BUY_PE', 'strike': '76300 PE', 'entry': 20.0, 'target': 28.0, 'stoploss': 16.0, 'confidence': 80.0, 'generated_at': datetime.datetime(2026, 3, 13, 14, 55, 31, 398466, tzinfo=datetime.timezone.utc)} hero_zero=[] inst=None gamma={'gamma_walls': [], 'gamma_flip': None} expiry=None
2026-03-13 20:29:15,275 - api.api_server - INFO - Initializing schema...
2026-03-13 20:29:15,276 - data.data_storage - INFO - SQLite schema initialized at D:\Angel Trading\free_quant_scalping_ai\storage\market_data.sqlite
2026-03-13 20:29:15,281 - data.historical_fetcher - INFO - Downloading NIFTY history 1m (last 7 days)
2026-03-13 20:29:15,291 - api.api_server - INFO - [TRAINING] Daily trainer scheduled for 02:00 UTC
2026-03-13 20:29:15,292 - api.api_server - INFO - API server ready. Docs: http://localhost:8000/docs
2026-03-13 20:29:15,294 - api.api_server - INFO - Main loop tick...
2026-03-13 20:29:15,294 - api.api_server - INFO - Fetching option chain for NIFTY
2026-03-13 20:29:15,787 - data.nse_fetcher - WARNING - NSE option chain empty JSON for NIFTY
2026-03-13 20:29:19,760 - data.historical_fetcher - INFO - Downloading NIFTY history 5m (last 59 days)
2026-03-13 20:29:19,774 - data.historical_fetcher - INFO - Downloading NIFTY history 15m (last 59 days)
2026-03-13 20:29:19,791 - data.historical_fetcher - INFO - Downloading NIFTY daily history 2025-03-13 14:59:15.281508+00:00 2026-03-13 14:59:15.281508+00:00
2026-03-13 20:29:19,805 - data.historical_fetcher - INFO - Downloading SENSEX history 1m (last 7 days)
2026-03-13 20:29:20,360 - data.angel_live_price - INFO - [ANGEL] Generating TOTP
2026-03-13 20:29:21,092 - data.angel_live_price - INFO - [ANGEL] Login successful
2026-03-13 20:29:21,321 - data.angel_live_price - INFO - [ANGEL] Live price NIFTY = 23151.1
2026-03-13 20:29:21,439 - api.api_server - INFO - LIVE SIGNAL NIFTY price=23151.1 scalping={'symbol': 'NIFTY', 'index_price': 23151.1, 'trade': 'BUY_PE', 'strike': '23150 PE', 'entry': 20.0, 'target': 28.0, 'stoploss': 16.0, 'confidence': 80.0, 'generated_at': datetime.datetime(2026, 3, 13, 14, 59, 21, 433494, tzinfo=datetime.timezone.utc)} hero_zero=[] inst=None gamma={'gamma_walls': [], 'gamma_flip': None} expiry=None
2026-03-13 20:29:21,439 - api.api_server - INFO - Fetching option chain for SENSEX
2026-03-13 20:29:21,749 - data.nse_fetcher - WARNING - NSE option chain empty JSON for SENSEX
2026-03-13 20:29:22,237 - data.historical_fetcher - INFO - Downloading SENSEX history 5m (last 59 days)
2026-03-13 20:29:22,250 - data.historical_fetcher - INFO - Downloading SENSEX history 15m (last 59 days)
2026-03-13 20:29:22,265 - data.historical_fetcher - INFO - Downloading SENSEX daily history 2025-03-13 14:59:19.805755+00:00 2026-03-13 14:59:19.805755+00:00
2026-03-13 20:29:24,389 - data.angel_live_price - INFO - [ANGEL] Live price SENSEX = 23151.1
2026-03-13 20:29:24,504 - api.api_server - INFO - LIVE SIGNAL SENSEX price=23151.1 scalping={'symbol': 'SENSEX', 'index_price': 23151.1, 'trade': 'BUY_PE', 'strike': '23150 PE', 'entry': 20.0, 'target': 28.0, 'stoploss': 16.0, 'confidence': 85.0, 'generated_at': datetime.datetime(2026, 3, 13, 14, 59, 24, 497259, tzinfo=datetime.timezone.utc)} hero_zero=[] inst=None gamma={'gamma_walls': [], 'gamma_flip': None} expiry=None
2026-03-13 20:30:24,517 - api.api_server - INFO - Main loop tick...
2026-03-13 20:30:24,520 - api.api_server - INFO - Fetching option chain for NIFTY
2026-03-13 20:30:24,610 - data.nse_fetcher - WARNING - NSE option chain empty JSON for NIFTY
2026-03-13 20:30:28,236 - data.angel_live_price - INFO - [ANGEL] Live price NIFTY = 23151.1
2026-03-13 20:30:28,508 - api.api_server - INFO - LIVE SIGNAL NIFTY price=23151.1 scalping={'symbol': 'NIFTY', 'index_price': 23151.1, 'trade': 'BUY_PE', 'strike': '23150 PE', 'entry': 20.0, 'target': 28.0, 'stoploss': 16.0, 'confidence': 80.0, 'generated_at': datetime.datetime(2026, 3, 13, 15, 0, 28, 488550, tzinfo=datetime.timezone.utc)} hero_zero=[] inst=None gamma={'gamma_walls': [], 'gamma_flip': None} expiry=None
2026-03-13 20:30:28,510 - api.api_server - INFO - Fetching option chain for SENSEX
2026-03-13 20:30:28,799 - data.nse_fetcher - WARNING - NSE option chain empty JSON for SENSEX
2026-03-13 20:30:32,216 - data.angel_live_price - INFO - [ANGEL] Live price SENSEX = 23151.1
2026-03-13 20:30:32,352 - api.api_server - INFO - LIVE SIGNAL SENSEX price=23151.1 scalping={'symbol': 'SENSEX', 'index_price': 23151.1, 'trade': 'BUY_PE', 'strike': '23150 PE', 'entry': 20.0, 'target': 28.0, 'stoploss': 16.0, 'confidence': 80.0, 'generated_at': datetime.datetime(2026, 3, 13, 15, 0, 32, 344483, tzinfo=datetime.timezone.utc)} hero_zero=[] inst=None gamma={'gamma_walls': [], 'gamma_flip': None} expiry=None
2026-03-13 20:31:32,360 - api.api_server - INFO - Main loop tick...
2026-03-13 20:31:32,362 - api.api_server - INFO - Fetching option chain for NIFTY
2026-03-13 20:31:32,527 - data.nse_fetcher - WARNING - NSE option chain empty JSON for NIFTY
2026-03-13 20:31:35,461 - data.angel_live_price - INFO - [ANGEL] Live price NIFTY = 23151.1
2026-03-13 20:31:35,601 - api.api_server - INFO - LIVE SIGNAL NIFTY price=23151.1 scalping={'symbol': 'NIFTY', 'index_price': 23151.1, 'trade': 'BUY_PE', 'strike': '23150 PE', 'entry': 20.0, 'target': 28.0, 'stoploss': 16.0, 'confidence': 75.0, 'generated_at': datetime.datetime(2026, 3, 13, 15, 1, 35, 594631, tzinfo=datetime.timezone.utc)} hero_zero=[] inst=None gamma={'gamma_walls': [], 'gamma_flip': None} expiry=None
2026-03-13 20:31:35,602 - api.api_server - INFO - Fetching option chain for SENSEX
2026-03-13 20:31:35,936 - data.nse_fetcher - WARNING - NSE option chain empty JSON for SENSEX
2026-03-13 20:31:38,530 - data.angel_live_price - INFO - [ANGEL] Live price SENSEX = 23151.1
2026-03-13 20:31:38,645 - api.api_server - INFO - LIVE SIGNAL SENSEX price=23151.1 scalping={'symbol': 'SENSEX', 'index_price': 23151.1, 'trade': 'BUY_PE', 'strike': '23150 PE', 'entry': 20.0, 'target': 28.0, 'stoploss': 16.0, 'confidence': 85.0, 'generated_at': datetime.datetime(2026, 3, 13, 15, 1, 38, 639836, tzinfo=datetime.timezone.utc)} hero_zero=[] inst=None gamma={'gamma_walls': [], 'gamma_flip': None} expiry=None
2026-03-13 20:32:38,657 - api.api_server - INFO - Main loop tick...
2026-03-13 20:32:38,658 - api.api_server - INFO - Fetching option chain for NIFTY
2026-03-13 20:32:38,760 - data.nse_fetcher - WARNING - NSE option chain empty JSON for NIFTY
2026-03-13 20:32:41,778 - data.angel_live_price - INFO - [ANGEL] Live price NIFTY = 23151.1
2026-03-13 20:32:41,905 - api.api_server - INFO - LIVE SIGNAL NIFTY price=23151.1 scalping={'symbol': 'NIFTY', 'index_price': 23151.1, 'trade': 'BUY_PE', 'strike': '23150 PE', 'entry': 20.0, 'target': 28.0, 'stoploss': 16.0, 'confidence': 75.0, 'generated_at': datetime.datetime(2026, 3, 13, 15, 2, 41, 897551, tzinfo=datetime.timezone.utc)} hero_zero=[] inst=None gamma={'gamma_walls': [], 'gamma_flip': None} expiry=None
2026-03-13 20:32:41,906 - api.api_server - INFO - Fetching option chain for SENSEX
2026-03-13 20:32:42,230 - data.nse_fetcher - WARNING - NSE option chain empty JSON for SENSEX
2026-03-13 20:32:45,838 - data.angel_live_price - INFO - [ANGEL] Live price SENSEX = 23151.1
2026-03-13 20:32:45,960 - api.api_server - INFO - LIVE SIGNAL SENSEX price=23151.1 scalping={'symbol': 'SENSEX', 'index_price': 23151.1, 'trade': 'BUY_PE', 'strike': '23150 PE', 'entry': 20.0, 'target': 28.0, 'stoploss': 16.0, 'confidence': 80.0, 'generated_at': datetime.datetime(2026, 3, 13, 15, 2, 45, 954759, tzinfo=datetime.timezone.utc)} hero_zero=[] inst=None gamma={'gamma_walls': [], 'gamma_flip': None} expiry=None
2026-03-13 20:33:09,270 - api.api_server - INFO - Initializing schema...
2026-03-13 20:33:09,271 - data.data_storage - INFO - SQLite schema initialized at D:\Angel Trading\free_quant_scalping_ai\storage\market_data.sqlite
2026-03-13 20:33:09,273 - data.historical_fetcher - INFO - Downloading NIFTY history 1m (last 7 days)
2026-03-13 20:33:09,285 - api.api_server - INFO - [TRAINING] Daily trainer scheduled for 02:00 UTC
2026-03-13 20:33:09,286 - api.api_server - INFO - API server ready. Docs: http://localhost:8000/docs
2026-03-13 20:33:09,287 - api.api_server - INFO - Main loop tick...
2026-03-13 20:33:09,287 - api.api_server - INFO - Fetching option chain for NIFTY
2026-03-13 20:33:09,849 - data.nse_fetcher - WARNING - NSE option chain empty JSON for NIFTY
2026-03-13 20:33:11,297 - data.historical_fetcher - INFO - Downloading NIFTY history 5m (last 59 days)
2026-03-13 20:33:11,312 - data.historical_fetcher - INFO - Downloading NIFTY history 15m (last 59 days)
2026-03-13 20:33:11,329 - data.historical_fetcher - INFO - Downloading NIFTY daily history 2025-03-13 15:03:09.273851+00:00 2026-03-13 15:03:09.273851+00:00
2026-03-13 20:33:11,351 - data.historical_fetcher - INFO - Downloading SENSEX history 1m (last 7 days)
2026-03-13 20:33:12,350 - data.historical_fetcher - INFO - Downloading SENSEX history 5m (last 59 days)
2026-03-13 20:33:12,363 - data.historical_fetcher - INFO - Downloading SENSEX history 15m (last 59 days)
2026-03-13 20:33:12,377 - data.historical_fetcher - INFO - Downloading SENSEX daily history 2025-03-13 15:03:11.351451+00:00 2026-03-13 15:03:11.351451+00:00
2026-03-13 20:33:14,117 - data.angel_live_price - INFO - [ANGEL] Generating TOTP
2026-03-13 20:33:14,699 - data.angel_live_price - INFO - [ANGEL] Login successful
2026-03-13 20:33:14,969 - data.angel_live_price - INFO - [ANGEL] Live price NIFTY = 23151.1
2026-03-13 20:33:15,091 - api.api_server - INFO - LIVE SIGNAL NIFTY price=23151.1 scalping={'symbol': 'NIFTY', 'index_price': 23151.1, 'trade': 'BUY_PE', 'strike': '23150 PE', 'entry': 20.0, 'target': 28.0, 'stoploss': 16.0, 'confidence': 80.0, 'generated_at': datetime.datetime(2026, 3, 13, 15, 3, 15, 86825, tzinfo=datetime.timezone.utc)} hero_zero=[] inst=None gamma={'gamma_walls': [], 'gamma_flip': None} expiry=None
2026-03-13 20:33:15,092 - api.api_server - INFO - Fetching option chain for SENSEX
2026-03-13 20:33:15,215 - data.nse_fetcher - WARNING - NSE option chain empty JSON for SENSEX
2026-03-13 20:33:17,450 - data.angel_live_price - WARNING - [ANGEL] No symbol token configured for SENSEX
2026-03-13 20:33:18,094 - data.nse_live_price - WARNING - [NSE] Index name SENSEX not found in allIndices payload
2026-03-13 20:33:18,106 - data.live_price - INFO - Using cached price for SENSEX from candles: 76320.34375
2026-03-13 20:33:18,240 - api.api_server - INFO - LIVE SIGNAL SENSEX price=76320.34375 scalping={'symbol': 'SENSEX', 'index_price': 76320.34375, 'trade': 'BUY_PE', 'strike': '76300 PE', 'entry': 20.0, 'target': 28.0, 'stoploss': 16.0, 'confidence': 80.0, 'generated_at': datetime.datetime(2026, 3, 13, 15, 3, 18, 234043, tzinfo=datetime.timezone.utc)} hero_zero=[] inst=None gamma={'gamma_walls': [], 'gamma_flip': None} expiry=None
2026-03-13 20:34:18,246 - api.api_server - INFO - Main loop tick...
2026-03-13 20:34:18,247 - api.api_server - INFO - Fetching option chain for NIFTY
2026-03-13 20:34:18,357 - data.nse_fetcher - WARNING - NSE option chain empty JSON for NIFTY
2026-03-13 20:34:22,366 - data.angel_live_price - INFO - [ANGEL] Live price NIFTY = 23151.1
2026-03-13 20:34:22,493 - api.api_server - INFO - LIVE SIGNAL NIFTY price=23151.1 scalping={'symbol': 'NIFTY', 'index_price': 23151.1, 'trade': 'BUY_PE', 'strike': '23150 PE', 'entry': 20.0, 'target': 28.0, 'stoploss': 16.0, 'confidence': 75.0, 'generated_at': datetime.datetime(2026, 3, 13, 15, 4, 22, 486247, tzinfo=datetime.timezone.utc)} hero_zero=[] inst=None gamma={'gamma_walls': [], 'gamma_flip': None} expiry=None
2026-03-13 20:34:22,494 - api.api_server - INFO - Fetching option chain for SENSEX
2026-03-13 20:34:22,637 - data.nse_fetcher - WARNING - NSE option chain empty JSON for SENSEX
2026-03-13 20:34:24,865 - data.angel_live_price - WARNING - [ANGEL] No symbol token configured for SENSEX
2026-03-13 20:34:25,090 - data.nse_live_price - WARNING - [NSE] Index name SENSEX not found in allIndices payload
2026-03-13 20:34:25,095 - data.live_price - INFO - Using cached price for SENSEX from candles: 76320.34375
2026-03-13 20:34:25,228 - api.api_server - INFO - LIVE SIGNAL SENSEX price=76320.34375 scalping={'symbol': 'SENSEX', 'index_price': 76320.34375, 'trade': 'BUY_PE', 'strike': '76300 PE', 'entry': 20.0, 'target': 28.0, 'stoploss': 16.0, 'confidence': 80.0, 'generated_at': datetime.datetime(2026, 3, 13, 15, 4, 25, 222602, tzinfo=datetime.timezone.utc)} hero_zero=[] inst=None gamma={'gamma_walls': [], 'gamma_flip': None} expiry=None
2026-03-13 20:35:25,233 - api.api_server - INFO - Main loop tick...
2026-03-13 20:35:25,235 - api.api_server - INFO - Fetching option chain for NIFTY
2026-03-13 20:35:25,308 - data.nse_fetcher - WARNING - NSE option chain empty JSON for NIFTY
2026-03-13 20:35:28,029 - data.angel_live_price - INFO - [ANGEL] Live price NIFTY = 23151.1
2026-03-13 20:35:28,158 - api.api_server - INFO - LIVE SIGNAL NIFTY price=23151.1 scalping={'symbol': 'NIFTY', 'index_price': 23151.1, 'trade': 'BUY_PE', 'strike': '23150 PE', 'entry': 20.0, 'target': 28.0, 'stoploss': 16.0, 'confidence': 75.0, 'generated_at': datetime.datetime(2026, 3, 13, 15, 5, 28, 151822, tzinfo=datetime.timezone.utc)} hero_zero=[] inst=None gamma={'gamma_walls': [], 'gamma_flip': None} expiry=None
2026-03-13 20:35:28,158 - api.api_server - INFO - Fetching option chain for SENSEX
2026-03-13 20:35:28,281 - data.nse_fetcher - WARNING - NSE option chain empty JSON for SENSEX
2026-03-13 20:35:30,769 - data.angel_live_price - WARNING - [ANGEL] No symbol token configured for SENSEX
2026-03-13 20:35:30,890 - data.nse_live_price - WARNING - [NSE] Index name SENSEX not found in allIndices payload
2026-03-13 20:35:30,893 - data.live_price - INFO - Using cached price for SENSEX from candles: 76320.34375
2026-03-13 20:35:31,015 - api.api_server - INFO - LIVE SIGNAL SENSEX price=76320.34375 scalping={'symbol': 'SENSEX', 'index_price': 76320.34375, 'trade': 'BUY_PE', 'strike': '76300 PE', 'entry': 20.0, 'target': 28.0, 'stoploss': 16.0, 'confidence': 80.0, 'generated_at': datetime.datetime(2026, 3, 13, 15, 5, 31, 7178, tzinfo=datetime.timezone.utc)} hero_zero=[] inst=None gamma={'gamma_walls': [], 'gamma_flip': None} expiry=None
2026-03-13 20:36:31,030 - api.api_server - INFO - Main loop tick...
2026-03-13 20:36:31,031 - api.api_server - INFO - Fetching option chain for NIFTY
2026-03-13 20:36:31,132 - data.nse_fetcher - WARNING - NSE option chain empty JSON for NIFTY
2026-03-13 20:36:33,955 - data.angel_live_price - INFO - [ANGEL] Live price NIFTY = 23151.1
2026-03-13 20:36:34,093 - api.api_server - INFO - LIVE SIGNAL NIFTY price=23151.1 scalping={'symbol': 'NIFTY', 'index_price': 23151.1, 'trade': 'BUY_PE', 'strike': '23150 PE', 'entry': 20.0, 'target': 28.0, 'stoploss': 16.0, 'confidence': 75.0, 'generated_at': datetime.datetime(2026, 3, 13, 15, 6, 34, 87021, tzinfo=datetime.timezone.utc)} hero_zero=[] inst=None gamma={'gamma_walls': [], 'gamma_flip': None} expiry=None
2026-03-13 20:36:34,096 - api.api_server - INFO - Fetching option chain for SENSEX
2026-03-13 20:36:36,449 - data.nse_fetcher - WARNING - NSE option chain empty JSON for SENSEX
2026-03-13 20:36:38,774 - data.angel_live_price - WARNING - [ANGEL] No symbol token configured for SENSEX
2026-03-13 20:36:38,886 - data.nse_live_price - WARNING - [NSE] Index name SENSEX not found in allIndices payload
2026-03-13 20:36:38,889 - data.live_price - INFO - Using cached price for SENSEX from candles: 76320.34375
2026-03-13 20:36:39,012 - api.api_server - INFO - LIVE SIGNAL SENSEX price=76320.34375 scalping={'symbol': 'SENSEX', 'index_price': 76320.34375, 'trade': 'BUY_PE', 'strike': '76300 PE', 'entry': 20.0, 'target': 28.0, 'stoploss': 16.0, 'confidence': 85.0, 'generated_at': datetime.datetime(2026, 3, 13, 15, 6, 38, 997582, tzinfo=datetime.timezone.utc)} hero_zero=[] inst=None gamma={'gamma_walls': [], 'gamma_flip': None} expiry=None
2026-03-13 20:37:39,040 - api.api_server - INFO - Main loop tick...
2026-03-13 20:37:39,044 - api.api_server - INFO - Fetching option chain for NIFTY
2026-03-13 20:37:39,184 - data.nse_fetcher - WARNING - NSE option chain empty JSON for NIFTY
2026-03-13 20:37:42,030 - data.angel_live_price - INFO - [ANGEL] Live price NIFTY = 23151.1
2026-03-13 20:37:42,218 - api.api_server - INFO - LIVE SIGNAL NIFTY price=23151.1 scalping={'symbol': 'NIFTY', 'index_price': 23151.1, 'trade': 'BUY_PE', 'strike': '23150 PE', 'entry': 20.0, 'target': 28.0, 'stoploss': 16.0, 'confidence': 80.0, 'generated_at': datetime.datetime(2026, 3, 13, 15, 7, 42, 180481, tzinfo=datetime.timezone.utc)} hero_zero=[] inst=None gamma={'gamma_walls': [], 'gamma_flip': None} expiry=None
2026-03-13 20:37:42,219 - api.api_server - INFO - Fetching option chain for SENSEX
2026-03-13 20:37:42,489 - data.nse_fetcher - WARNING - NSE option chain empty JSON for SENSEX
2026-03-13 20:37:45,597 - data.angel_live_price - WARNING - [ANGEL] No symbol token configured for SENSEX
2026-03-13 20:37:45,702 - data.nse_live_price - WARNING - [NSE] Index name SENSEX not found in allIndices payload
2026-03-13 20:37:45,705 - data.live_price - INFO - Using cached price for SENSEX from candles: 76320.34375
2026-03-13 20:37:45,820 - api.api_server - INFO - LIVE SIGNAL SENSEX price=76320.34375 scalping={'symbol': 'SENSEX', 'index_price': 76320.34375, 'trade': 'BUY_PE', 'strike': '76300 PE', 'entry': 20.0, 'target': 28.0, 'stoploss': 16.0, 'confidence': 80.0, 'generated_at': datetime.datetime(2026, 3, 13, 15, 7, 45, 815693, tzinfo=datetime.timezone.utc)} hero_zero=[] inst=None gamma={'gamma_walls': [], 'gamma_flip': None} expiry=None
2026-03-13 20:38:45,818 - api.api_server - INFO - Main loop tick...
2026-03-13 20:38:45,820 - api.api_server - INFO - Fetching option chain for NIFTY
2026-03-13 20:38:45,908 - data.nse_fetcher - WARNING - NSE option chain empty JSON for NIFTY
2026-03-13 20:38:54,241 - data.angel_live_price - INFO - [ANGEL] Live price NIFTY = 23151.1
2026-03-13 20:38:54,692 - api.api_server - INFO - LIVE SIGNAL NIFTY price=23151.1 scalping={'symbol': 'NIFTY', 'index_price': 23151.1, 'trade': 'BUY_PE', 'strike': '23150 PE', 'entry': 20.0, 'target': 28.0, 'stoploss': 16.0, 'confidence': 75.0, 'generated_at': datetime.datetime(2026, 3, 13, 15, 8, 54, 677856, tzinfo=datetime.timezone.utc)} hero_zero=[] inst=None gamma={'gamma_walls': [], 'gamma_flip': None} expiry=None
2026-03-13 20:38:54,693 - api.api_server - INFO - Fetching option chain for SENSEX
2026-03-13 20:38:55,047 - data.nse_fetcher - WARNING - NSE option chain empty JSON for SENSEX
2026-03-13 20:39:02,416 - data.angel_live_price - WARNING - [ANGEL] No symbol token configured for SENSEX
2026-03-13 20:39:02,550 - data.nse_live_price - WARNING - [NSE] Index name SENSEX not found in allIndices payload
2026-03-13 20:39:02,557 - data.live_price - INFO - Using cached price for SENSEX from candles: 76320.34375
2026-03-13 20:39:02,950 - api.api_server - INFO - LIVE SIGNAL SENSEX price=76320.34375 scalping={'symbol': 'SENSEX', 'index_price': 76320.34375, 'trade': 'BUY_PE', 'strike': '76300 PE', 'entry': 20.0, 'target': 28.0, 'stoploss': 16.0, 'confidence': 80.0, 'generated_at': datetime.datetime(2026, 3, 13, 15, 9, 2, 929373, tzinfo=datetime.timezone.utc)} hero_zero=[] inst=None gamma={'gamma_walls': [], 'gamma_flip': None} expiry=None
2026-03-13 20:40:02,980 - api.api_server - INFO - Main loop tick...
2026-03-13 20:40:02,981 - api.api_server - INFO - Fetching option chain for NIFTY
2026-03-13 20:40:03,095 - data.nse_fetcher - WARNING - NSE option chain empty JSON for NIFTY
2026-03-13 20:40:06,076 - data.angel_live_price - INFO - [ANGEL] Live price NIFTY = 23151.1
2026-03-13 20:40:06,200 - api.api_server - INFO - LIVE SIGNAL NIFTY price=23151.1 scalping={'symbol': 'NIFTY', 'index_price': 23151.1, 'trade': 'BUY_PE', 'strike': '23150 PE', 'entry': 20.0, 'target': 28.0, 'stoploss': 16.0, 'confidence': 75.0, 'generated_at': datetime.datetime(2026, 3, 13, 15, 10, 6, 194779, tzinfo=datetime.timezone.utc)} hero_zero=[] inst=None gamma={'gamma_walls': [], 'gamma_flip': None} expiry=None
2026-03-13 20:40:06,203 - api.api_server - INFO - Fetching option chain for SENSEX
2026-03-13 20:40:06,336 - data.nse_fetcher - WARNING - NSE option chain empty JSON for SENSEX
2026-03-13 20:40:08,629 - data.angel_live_price - WARNING - [ANGEL] No symbol token configured for SENSEX
2026-03-13 20:40:08,818 - data.nse_live_price - WARNING - [NSE] Index name SENSEX not found in allIndices payload
2026-03-13 20:40:08,822 - data.live_price - INFO - Using cached price for SENSEX from candles: 76320.34375
2026-03-13 20:40:08,940 - api.api_server - INFO - LIVE SIGNAL SENSEX price=76320.34375 scalping={'symbol': 'SENSEX', 'index_price': 76320.34375, 'trade': 'BUY_PE', 'strike': '76300 PE', 'entry': 20.0, 'target': 28.0, 'stoploss': 16.0, 'confidence': 80.0, 'generated_at': datetime.datetime(2026, 3, 13, 15, 10, 8, 934323, tzinfo=datetime.timezone.utc)} hero_zero=[] inst=None gamma={'gamma_walls': [], 'gamma_flip': None} expiry=None
2026-03-13 20:41:08,960 - api.api_server - INFO - Main loop tick...
2026-03-13 20:41:08,961 - api.api_server - INFO - Fetching option chain for NIFTY
2026-03-13 20:41:09,085 - data.nse_fetcher - WARNING - NSE option chain empty JSON for NIFTY
2026-03-13 20:41:12,467 - data.angel_live_price - INFO - [ANGEL] Live price NIFTY = 23151.1
2026-03-13 20:41:12,614 - api.api_server - INFO - LIVE SIGNAL NIFTY price=23151.1 scalping={'symbol': 'NIFTY', 'index_price': 23151.1, 'trade': 'BUY_PE', 'strike': '23150 PE', 'entry': 20.0, 'target': 28.0, 'stoploss': 16.0, 'confidence': 75.0, 'generated_at': datetime.datetime(2026, 3, 13, 15, 11, 12, 607539, tzinfo=datetime.timezone.utc)} hero_zero=[] inst=None gamma={'gamma_walls': [], 'gamma_flip': None} expiry=None
2026-03-13 20:41:12,615 - api.api_server - INFO - Fetching option chain for SENSEX
2026-03-13 20:41:12,745 - data.nse_fetcher - WARNING - NSE option chain empty JSON for SENSEX
2026-03-13 20:41:15,437 - data.angel_live_price - WARNING - [ANGEL] No symbol token configured for SENSEX
2026-03-13 20:41:15,560 - data.nse_live_price - WARNING - [NSE] Index name SENSEX not found in allIndices payload
2026-03-13 20:41:15,563 - data.live_price - INFO - Using cached price for SENSEX from candles: 76320.34375
2026-03-13 20:41:15,690 - api.api_server - INFO - LIVE SIGNAL SENSEX price=76320.34375 scalping={'symbol': 'SENSEX', 'index_price': 76320.34375, 'trade': 'BUY_PE', 'strike': '76300 PE', 'entry': 20.0, 'target': 28.0, 'stoploss': 16.0, 'confidence': 80.0, 'generated_at': datetime.datetime(2026, 3, 13, 15, 11, 15, 680408, tzinfo=datetime.timezone.utc)} hero_zero=[] inst=None gamma={'gamma_walls': [], 'gamma_flip': None} expiry=None
2026-03-13 20:42:15,695 - api.api_server - INFO - Main loop tick...
2026-03-13 20:42:15,697 - api.api_server - INFO - Fetching option chain for NIFTY
2026-03-13 20:42:15,849 - data.nse_fetcher - WARNING - NSE option chain empty JSON for NIFTY
2026-03-13 20:42:22,176 - data.angel_live_price - INFO - [ANGEL] Live price NIFTY = 23151.1
2026-03-13 20:42:22,589 - api.api_server - INFO - LIVE SIGNAL NIFTY price=23151.1 scalping={'symbol': 'NIFTY', 'index_price': 23151.1, 'trade': 'BUY_PE', 'strike': '23150 PE', 'entry': 20.0, 'target': 28.0, 'stoploss': 16.0, 'confidence': 75.0, 'generated_at': datetime.datetime(2026, 3, 13, 15, 12, 22, 565087, tzinfo=datetime.timezone.utc)} hero_zero=[] inst=None gamma={'gamma_walls': [], 'gamma_flip': None} expiry=None
2026-03-13 20:42:22,593 - api.api_server - INFO - Fetching option chain for SENSEX
2026-03-13 20:42:23,020 - data.nse_fetcher - WARNING - NSE option chain empty JSON for SENSEX
2026-03-13 20:42:30,000 - data.angel_live_price - WARNING - [ANGEL] No symbol token configured for SENSEX
2026-03-13 20:42:30,100 - data.nse_live_price - WARNING - [NSE] Index name SENSEX not found in allIndices payload
2026-03-13 20:42:30,119 - data.live_price - INFO - Using cached price for SENSEX from candles: 76320.34375
2026-03-13 20:42:30,907 - api.api_server - INFO - LIVE SIGNAL SENSEX price=76320.34375 scalping={'symbol': 'SENSEX', 'index_price': 76320.34375, 'trade': 'BUY_PE', 'strike': '76300 PE', 'entry': 20.0, 'target': 28.0, 'stoploss': 16.0, 'confidence': 80.0, 'generated_at': datetime.datetime(2026, 3, 13, 15, 12, 30, 846891, tzinfo=datetime.timezone.utc)} hero_zero=[] inst=None gamma={'gamma_walls': [], 'gamma_flip': None} expiry=None
2026-03-13 20:43:30,938 - api.api_server - INFO - Main loop tick...
2026-03-13 20:43:30,978 - api.api_server - INFO - Fetching option chain for NIFTY
2026-03-13 20:43:31,205 - data.nse_fetcher - WARNING - NSE option chain empty JSON for NIFTY
2026-03-13 20:43:43,107 - data.angel_live_price - INFO - [ANGEL] Live price NIFTY = 23151.1
2026-03-13 20:43:43,707 - api.api_server - INFO - LIVE SIGNAL NIFTY price=23151.1 scalping={'symbol': 'NIFTY', 'index_price': 23151.1, 'trade': 'BUY_PE', 'strike': '23150 PE', 'entry': 20.0, 'target': 28.0, 'stoploss': 16.0, 'confidence': 75.0, 'generated_at': datetime.datetime(2026, 3, 13, 15, 13, 43, 620733, tzinfo=datetime.timezone.utc)} hero_zero=[] inst=None gamma={'gamma_walls': [], 'gamma_flip': None} expiry=None
2026-03-13 20:43:43,760 - api.api_server - INFO - Fetching option chain for SENSEX
2026-03-13 20:43:44,111 - data.nse_fetcher - WARNING - NSE option chain empty JSON for SENSEX
2026-03-13 20:43:50,312 - data.angel_live_price - WARNING - [ANGEL] No symbol token configured for SENSEX
2026-03-13 20:43:50,405 - data.nse_live_price - WARNING - [NSE] Index name SENSEX not found in allIndices payload
2026-03-13 20:43:50,413 - data.live_price - INFO - Using cached price for SENSEX from candles: 76320.34375
2026-03-13 20:43:50,576 - api.api_server - INFO - LIVE SIGNAL SENSEX price=76320.34375 scalping={'symbol': 'SENSEX', 'index_price': 76320.34375, 'trade': 'BUY_PE', 'strike': '76300 PE', 'entry': 20.0, 'target': 28.0, 'stoploss': 16.0, 'confidence': 85.0, 'generated_at': datetime.datetime(2026, 3, 13, 15, 13, 50, 570383, tzinfo=datetime.timezone.utc)} hero_zero=[] inst=None gamma={'gamma_walls': [], 'gamma_flip': None} expiry=None
2026-03-13 20:44:47,761 - api.api_server - INFO - Initializing schema...
2026-03-13 20:44:47,770 - data.data_storage - INFO - SQLite schema initialized at D:\Angel Trading\free_quant_scalping_ai\storage\market_data.sqlite
2026-03-13 20:44:47,773 - data.historical_fetcher - INFO - Downloading NIFTY history 1m (last 7 days)
2026-03-13 20:44:47,788 - api.api_server - INFO - [TRAINING] Daily trainer scheduled for 02:00 UTC
2026-03-13 20:44:47,791 - api.api_server - INFO - API server ready. Docs: http://localhost:8000/docs
2026-03-13 20:44:47,809 - api.api_server - INFO - Main loop tick...
2026-03-13 20:44:47,811 - api.api_server - INFO - Fetching option chain for NIFTY
2026-03-13 20:44:48,397 - data.nse_fetcher - WARNING - NSE option chain empty JSON for NIFTY
2026-03-13 20:44:49,675 - data.historical_fetcher - INFO - Downloading NIFTY history 5m (last 59 days)
2026-03-13 20:44:49,844 - data.historical_fetcher - INFO - Downloading NIFTY history 15m (last 59 days)
2026-03-13 20:44:50,155 - data.historical_fetcher - INFO - Downloading NIFTY daily history 2025-03-13 15:14:47.773518+00:00 2026-03-13 15:14:47.773518+00:00
2026-03-13 20:44:50,314 - data.historical_fetcher - INFO - Downloading SENSEX history 1m (last 7 days)
2026-03-13 20:44:51,875 - data.historical_fetcher - INFO - Downloading SENSEX history 5m (last 59 days)
2026-03-13 20:44:51,891 - data.historical_fetcher - INFO - Downloading SENSEX history 15m (last 59 days)
2026-03-13 20:44:51,905 - data.historical_fetcher - INFO - Downloading SENSEX daily history 2025-03-13 15:14:50.314990+00:00 2026-03-13 15:14:50.314990+00:00
2026-03-13 20:44:55,413 - data.angel_live_price - INFO - [ANGEL] Generating TOTP
2026-03-13 20:44:55,985 - data.angel_live_price - INFO - [ANGEL] Login successful
2026-03-13 20:44:56,362 - data.angel_live_price - INFO - [ANGEL] Live price NIFTY = 23151.1
2026-03-13 20:44:56,501 - api.api_server - INFO - LIVE SIGNAL NIFTY price=23151.1 scalping={'symbol': 'NIFTY', 'index_price': 23151.1, 'trade': 'BUY_PE', 'strike': '23150 PE', 'entry': 20.0, 'target': 28.0, 'stoploss': 16.0, 'confidence': 80.0, 'generated_at': datetime.datetime(2026, 3, 13, 15, 14, 56, 493279, tzinfo=datetime.timezone.utc)} hero_zero=[] inst=None gamma={'gamma_walls': [], 'gamma_flip': None} expiry=None
2026-03-13 20:44:56,502 - api.api_server - INFO - Fetching option chain for SENSEX
2026-03-13 20:44:56,592 - data.nse_fetcher - WARNING - NSE option chain empty JSON for SENSEX
2026-03-13 20:44:59,425 - data.angel_live_price - WARNING - [ANGEL] No LTP in response for SENSEX: {'message': 'Invalid symboltoken', 'errorcode': 'AB4006', 'status': False, 'data': None}
2026-03-13 20:44:59,428 - data.angel_live_price - INFO - [ANGEL] Token expired or invalid, re-authenticating
2026-03-13 20:44:59,429 - data.angel_live_price - INFO - [ANGEL] Generating TOTP
2026-03-13 20:44:59,921 - data.angel_live_price - INFO - [ANGEL] Login successful
2026-03-13 20:45:00,185 - data.angel_live_price - WARNING - [ANGEL] No LTP in response for SENSEX: {'message': 'Invalid symboltoken', 'errorcode': 'AB4006', 'status': False, 'data': None}
2026-03-13 20:45:00,746 - data.nse_live_price - WARNING - [NSE] Index name SENSEX not found in allIndices payload
2026-03-13 20:45:00,756 - data.live_price - INFO - Using cached price for SENSEX from candles: 76320.34375
2026-03-13 20:45:00,879 - api.api_server - INFO - LIVE SIGNAL SENSEX price=76320.34375 scalping={'symbol': 'SENSEX', 'index_price': 76320.34375, 'trade': 'BUY_PE', 'strike': '76300 PE', 'entry': 20.0, 'target': 28.0, 'stoploss': 16.0, 'confidence': 80.0, 'generated_at': datetime.datetime(2026, 3, 13, 15, 15, 0, 873697, tzinfo=datetime.timezone.utc)} hero_zero=[] inst=None gamma={'gamma_walls': [], 'gamma_flip': None} expiry=None
2026-03-13 20:46:00,886 - api.api_server - INFO - Main loop tick...
2026-03-13 20:46:00,888 - api.api_server - INFO - Fetching option chain for NIFTY
2026-03-13 20:46:00,986 - data.nse_fetcher - WARNING - NSE option chain empty JSON for NIFTY
2026-03-13 20:46:03,693 - data.angel_live_price - INFO - [ANGEL] Live price NIFTY = 23151.1
2026-03-13 20:46:03,834 - api.api_server - INFO - LIVE SIGNAL NIFTY price=23151.1 scalping={'symbol': 'NIFTY', 'index_price': 23151.1, 'trade': 'BUY_PE', 'strike': '23150 PE', 'entry': 20.0, 'target': 28.0, 'stoploss': 16.0, 'confidence': 75.0, 'generated_at': datetime.datetime(2026, 3, 13, 15, 16, 3, 827123, tzinfo=datetime.timezone.utc)} hero_zero=[] inst=None gamma={'gamma_walls': [], 'gamma_flip': None} expiry=None
2026-03-13 20:46:03,835 - api.api_server - INFO - Fetching option chain for SENSEX
2026-03-13 20:46:04,161 - data.nse_fetcher - WARNING - NSE option chain empty JSON for SENSEX
2026-03-13 20:46:06,802 - data.angel_live_price - WARNING - [ANGEL] No LTP in response for SENSEX: {'message': 'Invalid symboltoken', 'errorcode': 'AB4006', 'status': False, 'data': None}
2026-03-13 20:46:06,803 - data.angel_live_price - INFO - [ANGEL] Token expired or invalid, re-authenticating
2026-03-13 20:46:06,803 - data.angel_live_price - INFO - [ANGEL] Generating TOTP
2026-03-13 20:46:07,318 - data.angel_live_price - INFO - [ANGEL] Login successful
2026-03-13 20:46:07,602 - data.angel_live_price - WARNING - [ANGEL] No LTP in response for SENSEX: {'message': 'Invalid symboltoken', 'errorcode': 'AB4006', 'status': False, 'data': None}
2026-03-13 20:46:07,732 - data.nse_live_price - WARNING - [NSE] Index name SENSEX not found in allIndices payload
2026-03-13 20:46:07,739 - data.live_price - INFO - Using cached price for SENSEX from candles: 76320.34375
2026-03-13 20:46:07,876 - api.api_server - INFO - LIVE SIGNAL SENSEX price=76320.34375 scalping={'symbol': 'SENSEX', 'index_price': 76320.34375, 'trade': 'BUY_PE', 'strike': '76300 PE', 'entry': 20.0, 'target': 28.0, 'stoploss': 16.0, 'confidence': 80.0, 'generated_at': datetime.datetime(2026, 3, 13, 15, 16, 7, 870161, tzinfo=datetime.timezone.utc)} hero_zero=[] inst=None gamma={'gamma_walls': [], 'gamma_flip': None} expiry=None
2026-03-13 20:47:07,899 - api.api_server - INFO - Main loop tick...
2026-03-13 20:47:07,901 - api.api_server - INFO - Fetching option chain for NIFTY
2026-03-13 20:47:07,987 - data.nse_fetcher - WARNING - NSE option chain empty JSON for NIFTY
2026-03-13 20:47:11,178 - data.angel_live_price - INFO - [ANGEL] Live price NIFTY = 23151.1
2026-03-13 20:47:11,306 - api.api_server - INFO - LIVE SIGNAL NIFTY price=23151.1 scalping={'symbol': 'NIFTY', 'index_price': 23151.1, 'trade': 'BUY_PE', 'strike': '23150 PE', 'entry': 20.0, 'target': 28.0, 'stoploss': 16.0, 'confidence': 75.0, 'generated_at': datetime.datetime(2026, 3, 13, 15, 17, 11, 300416, tzinfo=datetime.timezone.utc)} hero_zero=[] inst=None gamma={'gamma_walls': [], 'gamma_flip': None} expiry=None
2026-03-13 20:47:11,307 - api.api_server - INFO - Fetching option chain for SENSEX
2026-03-13 20:47:11,612 - data.nse_fetcher - WARNING - NSE option chain empty JSON for SENSEX
2026-03-13 20:47:14,642 - data.angel_live_price - WARNING - [ANGEL] No LTP in response for SENSEX: {'message': 'Invalid symboltoken', 'errorcode': 'AB4006', 'status': False, 'data': None}
2026-03-13 20:47:14,643 - data.angel_live_price - INFO - [ANGEL] Token expired or invalid, re-authenticating
2026-03-13 20:47:14,644 - data.angel_live_price - INFO - [ANGEL] Generating TOTP
2026-03-13 20:47:15,204 - data.angel_live_price - INFO - [ANGEL] Login successful
2026-03-13 20:47:15,477 - data.angel_live_price - WARNING - [ANGEL] No LTP in response for SENSEX: {'message': 'Invalid symboltoken', 'errorcode': 'AB4006', 'status': False, 'data': None}
2026-03-13 20:47:15,604 - data.nse_live_price - WARNING - [NSE] Index name SENSEX not found in allIndices payload
2026-03-13 20:47:15,609 - data.live_price - INFO - Using cached price for SENSEX from candles: 76320.34375
2026-03-13 20:47:15,759 - api.api_server - INFO - LIVE SIGNAL SENSEX price=76320.34375 scalping={'symbol': 'SENSEX', 'index_price': 76320.34375, 'trade': 'BUY_PE', 'strike': '76300 PE', 'entry': 20.0, 'target': 28.0, 'stoploss': 16.0, 'confidence': 85.0, 'generated_at': datetime.datetime(2026, 3, 13, 15, 17, 15, 753649, tzinfo=datetime.timezone.utc)} hero_zero=[] inst=None gamma={'gamma_walls': [], 'gamma_flip': None} expiry=None
2026-03-13 20:48:15,771 - api.api_server - INFO - Main loop tick...
2026-03-13 20:48:15,773 - api.api_server - INFO - Fetching option chain for NIFTY
2026-03-13 20:48:15,864 - data.nse_fetcher - WARNING - NSE option chain empty JSON for NIFTY
2026-03-13 20:48:18,591 - data.angel_live_price - INFO - [ANGEL] Live price NIFTY = 23151.1
2026-03-13 20:48:18,729 - api.api_server - INFO - LIVE SIGNAL NIFTY price=23151.1 scalping={'symbol': 'NIFTY', 'index_price': 23151.1, 'trade': 'BUY_PE', 'strike': '23150 PE', 'entry': 20.0, 'target': 28.0, 'stoploss': 16.0, 'confidence': 80.0, 'generated_at': datetime.datetime(2026, 3, 13, 15, 18, 18, 719202, tzinfo=datetime.timezone.utc)} hero_zero=[] inst=None gamma={'gamma_walls': [], 'gamma_flip': None} expiry=None
2026-03-13 20:48:18,730 - api.api_server - INFO - Fetching option chain for SENSEX
2026-03-13 20:48:19,005 - data.nse_fetcher - WARNING - NSE option chain empty JSON for SENSEX
2026-03-13 20:48:22,074 - data.angel_live_price - WARNING - [ANGEL] No LTP in response for SENSEX: {'message': 'Invalid symboltoken', 'errorcode': 'AB4006', 'status': False, 'data': None}
2026-03-13 20:48:22,074 - data.angel_live_price - INFO - [ANGEL] Token expired or invalid, re-authenticating
2026-03-13 20:48:22,075 - data.angel_live_price - INFO - [ANGEL] Generating TOTP
2026-03-13 20:48:22,581 - data.angel_live_price - INFO - [ANGEL] Login successful
2026-03-13 20:48:22,748 - data.angel_live_price - WARNING - [ANGEL] No LTP in response for SENSEX: {'message': 'Invalid symboltoken', 'errorcode': 'AB4006', 'status': False, 'data': None}
2026-03-13 20:48:22,870 - data.nse_live_price - WARNING - [NSE] Index name SENSEX not found in allIndices payload
2026-03-13 20:48:22,899 - data.live_price - INFO - Using cached price for SENSEX from candles: 76320.34375
2026-03-13 20:48:23,343 - api.api_server - INFO - LIVE SIGNAL SENSEX price=76320.34375 scalping={'symbol': 'SENSEX', 'index_price': 76320.34375, 'trade': 'BUY_PE', 'strike': '76300 PE', 'entry': 20.0, 'target': 28.0, 'stoploss': 16.0, 'confidence': 80.0, 'generated_at': datetime.datetime(2026, 3, 13, 15, 18, 23, 337284, tzinfo=datetime.timezone.utc)} hero_zero=[] inst=None gamma={'gamma_walls': [], 'gamma_flip': None} expiry=None
2026-03-13 20:49:23,366 - api.api_server - INFO - Main loop tick...
2026-03-13 20:49:23,369 - api.api_server - INFO - Fetching option chain for NIFTY
2026-03-13 20:49:26,968 - data.nse_fetcher - WARNING - Error fetching NSE option chain NIFTY: ('Connection aborted.', RemoteDisconnected('Remote end closed connection without response'))
2026-03-13 20:49:34,936 - data.angel_live_price - INFO - [ANGEL] Live price NIFTY = 23151.1
2026-03-13 20:49:35,363 - api.api_server - INFO - LIVE SIGNAL NIFTY price=23151.1 scalping={'symbol': 'NIFTY', 'index_price': 23151.1, 'trade': 'BUY_PE', 'strike': '23150 PE', 'entry': 20.0, 'target': 28.0, 'stoploss': 16.0, 'confidence': 80.0, 'generated_at': datetime.datetime(2026, 3, 13, 15, 19, 35, 350207, tzinfo=datetime.timezone.utc)} hero_zero=[] inst=None gamma={'gamma_walls': [], 'gamma_flip': None} expiry=None
2026-03-13 20:49:35,365 - api.api_server - INFO - Fetching option chain for SENSEX
2026-03-13 20:49:35,952 - data.nse_fetcher - WARNING - NSE option chain empty JSON for SENSEX
2026-03-13 20:49:42,081 - data.angel_live_price - WARNING - [ANGEL] No LTP in response for SENSEX: {'message': 'Invalid symboltoken', 'errorcode': 'AB4006', 'status': False, 'data': None}
2026-03-13 20:49:42,082 - data.angel_live_price - INFO - [ANGEL] Token expired or invalid, re-authenticating
2026-03-13 20:49:42,082 - data.angel_live_price - INFO - [ANGEL] Generating TOTP
2026-03-13 20:49:42,514 - data.angel_live_price - INFO - [ANGEL] Login successful
2026-03-13 20:49:42,712 - data.angel_live_price - WARNING - [ANGEL] No LTP in response for SENSEX: {'message': 'Invalid symboltoken', 'errorcode': 'AB4006', 'status': False, 'data': None}
2026-03-13 20:49:42,766 - data.nse_live_price - WARNING - [NSE] Live price fetch error for SENSEX: ('Connection aborted.', RemoteDisconnected('Remote end closed connection without response'))
2026-03-13 20:49:42,769 - data.live_price - INFO - Using cached price for SENSEX from candles: 76320.34375
2026-03-13 20:49:42,885 - api.api_server - INFO - LIVE SIGNAL SENSEX price=76320.34375 scalping={'symbol': 'SENSEX', 'index_price': 76320.34375, 'trade': 'BUY_PE', 'strike': '76300 PE', 'entry': 20.0, 'target': 28.0, 'stoploss': 16.0, 'confidence': 80.0, 'generated_at': datetime.datetime(2026, 3, 13, 15, 19, 42, 879118, tzinfo=datetime.timezone.utc)} hero_zero=[] inst=None gamma={'gamma_walls': [], 'gamma_flip': None} expiry=None
2026-03-13 20:50:42,899 - api.api_server - INFO - Main loop tick...
2026-03-13 20:50:42,901 - api.api_server - INFO - Fetching option chain for NIFTY
2026-03-13 20:50:43,005 - data.nse_fetcher - WARNING - NSE option chain empty JSON for NIFTY
2026-03-13 20:50:50,927 - data.angel_live_price - INFO - [ANGEL] Live price NIFTY = 23151.1
2026-03-13 20:50:51,362 - api.api_server - INFO - LIVE SIGNAL NIFTY price=23151.1 scalping={'symbol': 'NIFTY', 'index_price': 23151.1, 'trade': 'BUY_PE', 'strike': '23150 PE', 'entry': 20.0, 'target': 28.0, 'stoploss': 16.0, 'confidence': 80.0, 'generated_at': datetime.datetime(2026, 3, 13, 15, 20, 51, 350079, tzinfo=datetime.timezone.utc)} hero_zero=[] inst=None gamma={'gamma_walls': [], 'gamma_flip': None} expiry=None
2026-03-13 20:50:51,364 - api.api_server - INFO - Fetching option chain for SENSEX
2026-03-13 20:50:51,754 - data.nse_fetcher - WARNING - NSE option chain empty JSON for SENSEX
2026-03-13 20:50:58,992 - data.angel_live_price - WARNING - [ANGEL] No LTP in response for SENSEX: {'message': 'Invalid symboltoken', 'errorcode': 'AB4006', 'status': False, 'data': None}
2026-03-13 20:50:58,994 - data.angel_live_price - INFO - [ANGEL] Token expired or invalid, re-authenticating
2026-03-13 20:50:58,996 - data.angel_live_price - INFO - [ANGEL] Generating TOTP
2026-03-13 20:50:59,545 - data.angel_live_price - INFO - [ANGEL] Login successful
2026-03-13 20:50:59,747 - data.angel_live_price - WARNING - [ANGEL] No LTP in response for SENSEX: {'message': 'Invalid symboltoken', 'errorcode': 'AB4006', 'status': False, 'data': None}
2026-03-13 20:51:00,042 - data.nse_live_price - WARNING - [NSE] Index name SENSEX not found in allIndices payload
2026-03-13 20:51:00,053 - data.live_price - INFO - Using cached price for SENSEX from candles: 76320.34375
2026-03-13 20:51:00,484 - api.api_server - INFO - LIVE SIGNAL SENSEX price=76320.34375 scalping={'symbol': 'SENSEX', 'index_price': 76320.34375, 'trade': 'BUY_PE', 'strike': '76300 PE', 'entry': 20.0, 'target': 28.0, 'stoploss': 16.0, 'confidence': 85.0, 'generated_at': datetime.datetime(2026, 3, 13, 15, 21, 0, 466912, tzinfo=datetime.timezone.utc)} hero_zero=[] inst=None gamma={'gamma_walls': [], 'gamma_flip': None} expiry=None
2026-03-13 20:52:00,504 - api.api_server - INFO - Main loop tick...
2026-03-13 20:52:00,505 - api.api_server - INFO - Fetching option chain for NIFTY
2026-03-13 20:52:00,678 - data.nse_fetcher - WARNING - NSE option chain empty JSON for NIFTY
2026-03-13 20:52:07,032 - data.angel_live_price - INFO - [ANGEL] Live price NIFTY = 23151.1
2026-03-13 20:52:07,397 - api.api_server - INFO - LIVE SIGNAL NIFTY price=23151.1 scalping={'symbol': 'NIFTY', 'index_price': 23151.1, 'trade': 'BUY_PE', 'strike': '23150 PE', 'entry': 20.0, 'target': 28.0, 'stoploss': 16.0, 'confidence': 75.0, 'generated_at': datetime.datetime(2026, 3, 13, 15, 22, 7, 365444, tzinfo=datetime.timezone.utc)} hero_zero=[] inst=None gamma={'gamma_walls': [], 'gamma_flip': None} expiry=None
2026-03-13 20:52:07,399 - api.api_server - INFO - Fetching option chain for SENSEX
2026-03-13 20:52:07,656 - data.nse_fetcher - WARNING - NSE option chain empty JSON for SENSEX
2026-03-13 20:52:14,112 - data.angel_live_price - WARNING - [ANGEL] No LTP in response for SENSEX: {'message': 'Invalid symboltoken', 'errorcode': 'AB4006', 'status': False, 'data': None}
2026-03-13 20:52:14,113 - data.angel_live_price - INFO - [ANGEL] Token expired or invalid, re-authenticating
2026-03-13 20:52:14,113 - data.angel_live_price - INFO - [ANGEL] Generating TOTP
2026-03-13 20:52:14,571 - data.angel_live_price - INFO - [ANGEL] Login successful
2026-03-13 20:52:14,822 - data.angel_live_price - WARNING - [ANGEL] No LTP in response for SENSEX: {'message': 'Invalid symboltoken', 'errorcode': 'AB4006', 'status': False, 'data': None}
2026-03-13 20:52:14,946 - data.nse_live_price - WARNING - [NSE] Index name SENSEX not found in allIndices payload
2026-03-13 20:52:14,948 - data.live_price - INFO - Using cached price for SENSEX from candles: 76320.34375
2026-03-13 20:52:15,076 - api.api_server - INFO - LIVE SIGNAL SENSEX price=76320.34375 scalping={'symbol': 'SENSEX', 'index_price': 76320.34375, 'trade': 'BUY_PE', 'strike': '76300 PE', 'entry': 20.0, 'target': 28.0, 'stoploss': 16.0, 'confidence': 80.0, 'generated_at': datetime.datetime(2026, 3, 13, 15, 22, 15, 70266, tzinfo=datetime.timezone.utc)} hero_zero=[] inst=None gamma={'gamma_walls': [], 'gamma_flip': None} expiry=None
2026-03-13 20:53:15,101 - api.api_server - INFO - Main loop tick...
2026-03-13 20:53:15,102 - api.api_server - INFO - Fetching option chain for NIFTY
2026-03-13 20:53:15,189 - data.nse_fetcher - WARNING - NSE option chain empty JSON for NIFTY
2026-03-13 20:53:19,426 - data.angel_live_price - INFO - [ANGEL] Live price NIFTY = 23151.1
2026-03-13 20:53:19,573 - api.api_server - INFO - LIVE SIGNAL NIFTY price=23151.1 scalping={'symbol': 'NIFTY', 'index_price': 23151.1, 'trade': 'BUY_PE', 'strike': '23150 PE', 'entry': 20.0, 'target': 28.0, 'stoploss': 16.0, 'confidence': 75.0, 'generated_at': datetime.datetime(2026, 3, 13, 15, 23, 19, 560858, tzinfo=datetime.timezone.utc)} hero_zero=[] inst=None gamma={'gamma_walls': [], 'gamma_flip': None} expiry=None
2026-03-13 20:53:19,574 - api.api_server - INFO - Fetching option chain for SENSEX
2026-03-13 20:53:19,714 - data.nse_fetcher - WARNING - NSE option chain empty JSON for SENSEX
2026-03-13 20:53:23,315 - data.angel_live_price - WARNING - [ANGEL] No LTP in response for SENSEX: {'message': 'Invalid symboltoken', 'errorcode': 'AB4006', 'status': False, 'data': None}
2026-03-13 20:53:23,315 - data.angel_live_price - INFO - [ANGEL] Token expired or invalid, re-authenticating
2026-03-13 20:53:23,316 - data.angel_live_price - INFO - [ANGEL] Generating TOTP
2026-03-13 20:53:23,765 - data.angel_live_price - INFO - [ANGEL] Login successful
2026-03-13 20:53:24,000 - data.angel_live_price - WARNING - [ANGEL] No LTP in response for SENSEX: {'message': 'Invalid symboltoken', 'errorcode': 'AB4006', 'status': False, 'data': None}
2026-03-13 20:53:24,101 - data.nse_live_price - WARNING - [NSE] Index name SENSEX not found in allIndices payload
2026-03-13 20:53:24,109 - data.live_price - INFO - Using cached price for SENSEX from candles: 76320.34375
2026-03-13 20:53:24,277 - api.api_server - INFO - LIVE SIGNAL SENSEX price=76320.34375 scalping={'symbol': 'SENSEX', 'index_price': 76320.34375, 'trade': 'BUY_PE', 'strike': '76300 PE', 'entry': 20.0, 'target': 28.0, 'stoploss': 16.0, 'confidence': 80.0, 'generated_at': datetime.datetime(2026, 3, 13, 15, 23, 24, 264452, tzinfo=datetime.timezone.utc)} hero_zero=[] inst=None gamma={'gamma_walls': [], 'gamma_flip': None} expiry=None
2026-03-13 20:54:12,734 - api.api_server - INFO - Initializing schema...
2026-03-13 20:54:12,740 - data.data_storage - INFO - SQLite schema initialized at D:\Angel Trading\free_quant_scalping_ai\storage\market_data.sqlite
2026-03-13 20:54:12,742 - data.historical_fetcher - INFO - Downloading NIFTY history 1m (last 7 days)
2026-03-13 20:54:12,750 - api.api_server - INFO - [TRAINING] Daily trainer scheduled for 02:00 UTC
2026-03-13 20:54:12,750 - api.api_server - INFO - API server ready. Docs: http://localhost:8000/docs
2026-03-13 20:54:12,751 - api.api_server - INFO - Main loop tick...
2026-03-13 20:54:12,752 - api.api_server - INFO - Fetching option chain for NIFTY
2026-03-13 20:54:13,305 - data.nse_fetcher - WARNING - NSE option chain empty JSON for NIFTY
2026-03-13 20:54:14,684 - data.historical_fetcher - INFO - Downloading NIFTY history 5m (last 59 days)
2026-03-13 20:54:14,707 - data.historical_fetcher - INFO - Downloading NIFTY history 15m (last 59 days)
2026-03-13 20:54:14,726 - data.historical_fetcher - INFO - Downloading NIFTY daily history 2025-03-13 15:24:12.742374+00:00 2026-03-13 15:24:12.742374+00:00
2026-03-13 20:54:14,743 - data.historical_fetcher - INFO - Downloading SENSEX history 1m (last 7 days)
2026-03-13 20:54:15,573 - data.historical_fetcher - INFO - Downloading SENSEX history 5m (last 59 days)
2026-03-13 20:54:15,590 - data.historical_fetcher - INFO - Downloading SENSEX history 15m (last 59 days)
2026-03-13 20:54:15,605 - data.historical_fetcher - INFO - Downloading SENSEX daily history 2025-03-13 15:24:14.743248+00:00 2026-03-13 15:24:14.743248+00:00
2026-03-13 20:54:18,019 - data.angel_instruments - INFO - [ANGEL] Downloading instrument master file from https://margincalculator.angelbroking.com/OpenAPI_File/files/OpenAPIScripMaster.json
2026-03-13 20:54:23,922 - data.angel_instruments - INFO - [ANGEL] Instrument master file loaded and cached at D:\Angel Trading\free_quant_scalping_ai\storage\angel_instruments.json
2026-03-13 20:54:23,940 - data.angel_instruments - INFO - [ANGEL] Token resolved for NIFTY: exchange=NSE token=26000
2026-03-13 20:54:23,942 - data.angel_live_price - INFO - [ANGEL] Generating TOTP
2026-03-13 20:54:24,441 - data.angel_live_price - INFO - [ANGEL] Login successful
2026-03-13 20:54:24,671 - data.angel_live_price - INFO - [ANGEL] Live price NIFTY = 23151.1
2026-03-13 20:54:24,817 - api.api_server - INFO - LIVE SIGNAL NIFTY price=23151.1 scalping={'symbol': 'NIFTY', 'index_price': 23151.1, 'trade': 'BUY_PE', 'strike': '23150 PE', 'entry': 20.0, 'target': 28.0, 'stoploss': 16.0, 'confidence': 75.0, 'generated_at': datetime.datetime(2026, 3, 13, 15, 24, 24, 809066, tzinfo=datetime.timezone.utc)} hero_zero=[] inst=None gamma={'gamma_walls': [], 'gamma_flip': None} expiry=None
2026-03-13 20:54:24,818 - api.api_server - INFO - Fetching option chain for SENSEX
2026-03-13 20:54:25,099 - data.nse_fetcher - WARNING - NSE option chain empty JSON for SENSEX
2026-03-13 20:54:27,592 - data.angel_instruments - INFO - [ANGEL] Token resolved for SENSEX: exchange=BSE token=99919000
2026-03-13 20:54:27,815 - data.angel_live_price - INFO - [ANGEL] Live price SENSEX = 74563.92
2026-03-13 20:54:27,932 - api.api_server - INFO - LIVE SIGNAL SENSEX price=74563.92 scalping={'symbol': 'SENSEX', 'index_price': 74563.92, 'trade': 'BUY_PE', 'strike': '74550 PE', 'entry': 20.0, 'target': 28.0, 'stoploss': 16.0, 'confidence': 85.0, 'generated_at': datetime.datetime(2026, 3, 13, 15, 24, 27, 927533, tzinfo=datetime.timezone.utc)} hero_zero=[] inst=None gamma={'gamma_walls': [], 'gamma_flip': None} expiry=None
2026-03-13 20:55:27,939 - api.api_server - INFO - Main loop tick...
2026-03-13 20:55:27,941 - api.api_server - INFO - Fetching option chain for NIFTY
2026-03-13 20:55:28,338 - data.nse_fetcher - WARNING - NSE option chain empty JSON for NIFTY
2026-03-13 20:55:30,891 - data.angel_instruments - INFO - [ANGEL] Token resolved for NIFTY: exchange=NSE token=26000
2026-03-13 20:55:31,160 - data.angel_live_price - INFO - [ANGEL] Live price NIFTY = 23151.1
2026-03-13 20:55:31,282 - api.api_server - INFO - LIVE SIGNAL NIFTY price=23151.1 scalping={'symbol': 'NIFTY', 'index_price': 23151.1, 'trade': 'BUY_PE', 'strike': '23150 PE', 'entry': 20.0, 'target': 28.0, 'stoploss': 16.0, 'confidence': 75.0, 'generated_at': datetime.datetime(2026, 3, 13, 15, 25, 31, 266389, tzinfo=datetime.timezone.utc)} hero_zero=[] inst=None gamma={'gamma_walls': [], 'gamma_flip': None} expiry=None
2026-03-13 20:55:31,283 - api.api_server - INFO - Fetching option chain for SENSEX
2026-03-13 20:55:31,580 - data.nse_fetcher - WARNING - NSE option chain empty JSON for SENSEX
2026-03-13 20:55:33,816 - data.angel_instruments - INFO - [ANGEL] Token resolved for SENSEX: exchange=BSE token=99919000
2026-03-13 20:55:34,042 - data.angel_live_price - INFO - [ANGEL] Live price SENSEX = 74563.92
2026-03-13 20:55:34,152 - api.api_server - INFO - LIVE SIGNAL SENSEX price=74563.92 scalping={'symbol': 'SENSEX', 'index_price': 74563.92, 'trade': 'BUY_PE', 'strike': '74550 PE', 'entry': 20.0, 'target': 28.0, 'stoploss': 16.0, 'confidence': 80.0, 'generated_at': datetime.datetime(2026, 3, 13, 15, 25, 34, 147208, tzinfo=datetime.timezone.utc)} hero_zero=[] inst=None gamma={'gamma_walls': [], 'gamma_flip': None} expiry=None
2026-03-13 20:56:34,180 - api.api_server - INFO - Main loop tick...
2026-03-13 20:56:34,181 - api.api_server - INFO - Fetching option chain for NIFTY
2026-03-13 20:56:34,320 - data.nse_fetcher - WARNING - NSE option chain empty JSON for NIFTY
2026-03-13 20:56:36,809 - data.angel_instruments - INFO - [ANGEL] Token resolved for NIFTY: exchange=NSE token=26000
2026-03-13 20:56:37,046 - data.angel_live_price - INFO - [ANGEL] Live price NIFTY = 23151.1
2026-03-13 20:56:37,172 - api.api_server - INFO - LIVE SIGNAL NIFTY price=23151.1 scalping={'symbol': 'NIFTY', 'index_price': 23151.1, 'trade': 'BUY_PE', 'strike': '23150 PE', 'entry': 20.0, 'target': 28.0, 'stoploss': 16.0, 'confidence': 75.0, 'generated_at': datetime.datetime(2026, 3, 13, 15, 26, 37, 164478, tzinfo=datetime.timezone.utc)} hero_zero=[] inst=None gamma={'gamma_walls': [], 'gamma_flip': None} expiry=None
2026-03-13 20:56:37,173 - api.api_server - INFO - Fetching option chain for SENSEX
2026-03-13 20:56:37,520 - data.nse_fetcher - WARNING - NSE option chain empty JSON for SENSEX
2026-03-13 20:56:40,192 - data.angel_instruments - INFO - [ANGEL] Token resolved for SENSEX: exchange=BSE token=99919000
2026-03-13 20:56:40,461 - data.angel_live_price - INFO - [ANGEL] Live price SENSEX = 74563.92
2026-03-13 20:56:40,599 - api.api_server - INFO - LIVE SIGNAL SENSEX price=74563.92 scalping={'symbol': 'SENSEX', 'index_price': 74563.92, 'trade': 'BUY_PE', 'strike': '74550 PE', 'entry': 20.0, 'target': 28.0, 'stoploss': 16.0, 'confidence': 80.0, 'generated_at': datetime.datetime(2026, 3, 13, 15, 26, 40, 594072, tzinfo=datetime.timezone.utc)} hero_zero=[] inst=None gamma={'gamma_walls': [], 'gamma_flip': None} expiry=None
2026-03-13 20:57:40,622 - api.api_server - INFO - Main loop tick...
2026-03-13 20:57:40,624 - api.api_server - INFO - Fetching option chain for NIFTY
2026-03-13 20:57:40,745 - data.nse_fetcher - WARNING - NSE option chain empty JSON for NIFTY
2026-03-13 20:57:48,587 - data.angel_instruments - INFO - [ANGEL] Token resolved for NIFTY: exchange=NSE token=26000
2026-03-13 20:57:48,938 - data.angel_live_price - INFO - [ANGEL] Live price NIFTY = 23151.1
2026-03-13 20:57:49,272 - api.api_server - INFO - LIVE SIGNAL NIFTY price=23151.1 scalping={'symbol': 'NIFTY', 'index_price': 23151.1, 'trade': 'BUY_PE', 'strike': '23150 PE', 'entry': 20.0, 'target': 28.0, 'stoploss': 16.0, 'confidence': 75.0, 'generated_at': datetime.datetime(2026, 3, 13, 15, 27, 49, 228421, tzinfo=datetime.timezone.utc)} hero_zero=[] inst=None gamma={'gamma_walls': [], 'gamma_flip': None} expiry=None
2026-03-13 20:57:49,273 - api.api_server - INFO - Fetching option chain for SENSEX
2026-03-13 20:57:49,430 - data.nse_fetcher - WARNING - NSE option chain empty JSON for SENSEX
2026-03-13 20:57:59,485 - data.angel_instruments - INFO - [ANGEL] Token resolved for SENSEX: exchange=BSE token=99919000
2026-03-13 20:57:59,712 - data.angel_live_price - INFO - [ANGEL] Live price SENSEX = 74563.92
2026-03-13 20:58:00,178 - api.api_server - INFO - LIVE SIGNAL SENSEX price=74563.92 scalping={'symbol': 'SENSEX', 'index_price': 74563.92, 'trade': 'BUY_PE', 'strike': '74550 PE', 'entry': 20.0, 'target': 28.0, 'stoploss': 16.0, 'confidence': 85.0, 'generated_at': datetime.datetime(2026, 3, 13, 15, 28, 0, 162384, tzinfo=datetime.timezone.utc)} hero_zero=[] inst=None gamma={'gamma_walls': [], 'gamma_flip': None} expiry=None
2026-03-13 20:59:00,182 - api.api_server - INFO - Main loop tick...
2026-03-13 20:59:00,184 - api.api_server - INFO - Fetching option chain for NIFTY
2026-03-13 20:59:00,359 - data.nse_fetcher - WARNING - NSE option chain empty JSON for NIFTY
2026-03-13 20:59:04,008 - data.angel_instruments - INFO - [ANGEL] Token resolved for NIFTY: exchange=NSE token=26000
2026-03-13 20:59:04,383 - data.angel_live_price - INFO - [ANGEL] Live price NIFTY = 23151.1
2026-03-13 20:59:04,655 - api.api_server - INFO - LIVE SIGNAL NIFTY price=23151.1 scalping={'symbol': 'NIFTY', 'index_price': 23151.1, 'trade': 'BUY_PE', 'strike': '23150 PE', 'entry': 20.0, 'target': 28.0, 'stoploss': 16.0, 'confidence': 75.0, 'generated_at': datetime.datetime(2026, 3, 13, 15, 29, 4, 646781, tzinfo=datetime.timezone.utc)} hero_zero=[] inst=None gamma={'gamma_walls': [], 'gamma_flip': None} expiry=None
2026-03-13 20:59:04,656 - api.api_server - INFO - Fetching option chain for SENSEX
2026-03-13 20:59:04,983 - data.nse_fetcher - WARNING - NSE option chain empty JSON for SENSEX
2026-03-13 20:59:08,209 - data.angel_instruments - INFO - [ANGEL] Token resolved for SENSEX: exchange=BSE token=99919000
2026-03-13 20:59:08,590 - data.angel_live_price - INFO - [ANGEL] Live price SENSEX = 74563.92
2026-03-13 20:59:08,865 - api.api_server - INFO - LIVE SIGNAL SENSEX price=74563.92 scalping={'symbol': 'SENSEX', 'index_price': 74563.92, 'trade': 'BUY_PE', 'strike': '74550 PE', 'entry': 20.0, 'target': 28.0, 'stoploss': 16.0, 'confidence': 85.0, 'generated_at': datetime.datetime(2026, 3, 13, 15, 29, 8, 856379, tzinfo=datetime.timezone.utc)} hero_zero=[] inst=None gamma={'gamma_walls': [], 'gamma_flip': None} expiry=None
2026-03-13 21:00:08,879 - api.api_server - INFO - Main loop tick...
2026-03-13 21:00:08,882 - api.api_server - INFO - Fetching option chain for NIFTY
2026-03-13 21:00:09,180 - data.nse_fetcher - WARNING - NSE option chain empty JSON for NIFTY
2026-03-13 21:00:12,204 - data.angel_instruments - INFO - [ANGEL] Token resolved for NIFTY: exchange=NSE token=26000
2026-03-13 21:00:12,522 - data.angel_live_price - INFO - [ANGEL] Live price NIFTY = 23151.1
2026-03-13 21:00:12,777 - api.api_server - INFO - LIVE SIGNAL NIFTY price=23151.1 scalping={'symbol': 'NIFTY', 'index_price': 23151.1, 'trade': 'BUY_PE', 'strike': '23150 PE', 'entry': 20.0, 'target': 28.0, 'stoploss': 16.0, 'confidence': 80.0, 'generated_at': datetime.datetime(2026, 3, 13, 15, 30, 12, 770188, tzinfo=datetime.timezone.utc)} hero_zero=[] inst=None gamma={'gamma_walls': [], 'gamma_flip': None} expiry=None
2026-03-13 21:00:12,780 - api.api_server - INFO - Fetching option chain for SENSEX
2026-03-13 21:00:13,041 - data.nse_fetcher - WARNING - NSE option chain empty JSON for SENSEX
2026-03-13 21:00:15,915 - data.angel_instruments - INFO - [ANGEL] Token resolved for SENSEX: exchange=BSE token=99919000
2026-03-13 21:00:16,163 - data.angel_live_price - INFO - [ANGEL] Live price SENSEX = 74563.92
2026-03-13 21:00:16,363 - api.api_server - INFO - LIVE SIGNAL SENSEX price=74563.92 scalping={'symbol': 'SENSEX', 'index_price': 74563.92, 'trade': 'BUY_PE', 'strike': '74550 PE', 'entry': 20.0, 'target': 28.0, 'stoploss': 16.0, 'confidence': 80.0, 'generated_at': datetime.datetime(2026, 3, 13, 15, 30, 16, 356142, tzinfo=datetime.timezone.utc)} hero_zero=[] inst=None gamma={'gamma_walls': [], 'gamma_flip': None} expiry=None
2026-03-13 21:01:16,348 - api.api_server - INFO - Main loop tick...
2026-03-13 21:01:16,349 - api.api_server - INFO - Fetching option chain for NIFTY
2026-03-13 21:01:16,637 - data.nse_fetcher - WARNING - NSE option chain empty JSON for NIFTY
2026-03-13 21:01:19,542 - data.angel_instruments - INFO - [ANGEL] Token resolved for NIFTY: exchange=NSE token=26000
2026-03-13 21:01:19,835 - data.angel_live_price - INFO - [ANGEL] Live price NIFTY = 23151.1
2026-03-13 21:01:20,009 - api.api_server - INFO - LIVE SIGNAL NIFTY price=23151.1 scalping={'symbol': 'NIFTY', 'index_price': 23151.1, 'trade': 'BUY_PE', 'strike': '23150 PE', 'entry': 20.0, 'target': 28.0, 'stoploss': 16.0, 'confidence': 75.0, 'generated_at': datetime.datetime(2026, 3, 13, 15, 31, 20, 2278, tzinfo=datetime.timezone.utc)} hero_zero=[] inst=None gamma={'gamma_walls': [], 'gamma_flip': None} expiry=None
2026-03-13 21:01:20,009 - api.api_server - INFO - Fetching option chain for SENSEX
2026-03-13 21:01:20,286 - data.nse_fetcher - WARNING - NSE option chain empty JSON for SENSEX
2026-03-13 21:01:23,268 - data.angel_instruments - INFO - [ANGEL] Token resolved for SENSEX: exchange=BSE token=99919000
2026-03-13 21:01:23,547 - data.angel_live_price - INFO - [ANGEL] Live price SENSEX = 74563.92
2026-03-13 21:01:23,803 - api.api_server - INFO - LIVE SIGNAL SENSEX price=74563.92 scalping={'symbol': 'SENSEX', 'index_price': 74563.92, 'trade': 'BUY_PE', 'strike': '74550 PE', 'entry': 20.0, 'target': 28.0, 'stoploss': 16.0, 'confidence': 80.0, 'generated_at': datetime.datetime(2026, 3, 13, 15, 31, 23, 791455, tzinfo=datetime.timezone.utc)} hero_zero=[] inst=None gamma={'gamma_walls': [], 'gamma_flip': None} expiry=None
2026-03-13 21:02:23,798 - api.api_server - INFO - Main loop tick...
2026-03-13 21:02:23,798 - api.api_server - INFO - Fetching option chain for NIFTY
2026-03-13 21:02:24,190 - data.nse_fetcher - WARNING - NSE option chain empty JSON for NIFTY
2026-03-13 21:02:27,396 - data.angel_instruments - INFO - [ANGEL] Token resolved for NIFTY: exchange=NSE token=26000
2026-03-13 21:02:27,652 - data.angel_live_price - INFO - [ANGEL] Live price NIFTY = 23151.1
2026-03-13 21:02:27,862 - api.api_server - INFO - LIVE SIGNAL NIFTY price=23151.1 scalping={'symbol': 'NIFTY', 'index_price': 23151.1, 'trade': 'BUY_PE', 'strike': '23150 PE', 'entry': 20.0, 'target': 28.0, 'stoploss': 16.0, 'confidence': 75.0, 'generated_at': datetime.datetime(2026, 3, 13, 15, 32, 27, 853726, tzinfo=datetime.timezone.utc)} hero_zero=[] inst=None gamma={'gamma_walls': [], 'gamma_flip': None} expiry=None
2026-03-13 21:02:27,863 - api.api_server - INFO - Fetching option chain for SENSEX
2026-03-13 21:02:28,163 - data.nse_fetcher - WARNING - NSE option chain empty JSON for SENSEX
2026-03-13 21:02:31,350 - data.angel_instruments - INFO - [ANGEL] Token resolved for SENSEX: exchange=BSE token=99919000
2026-03-13 21:02:31,686 - data.angel_live_price - INFO - [ANGEL] Live price SENSEX = 74563.92
2026-03-13 21:02:31,855 - api.api_server - INFO - LIVE SIGNAL SENSEX price=74563.92 scalping={'symbol': 'SENSEX', 'index_price': 74563.92, 'trade': 'BUY_PE', 'strike': '74550 PE', 'entry': 20.0, 'target': 28.0, 'stoploss': 16.0, 'confidence': 85.0, 'generated_at': datetime.datetime(2026, 3, 13, 15, 32, 31, 849950, tzinfo=datetime.timezone.utc)} hero_zero=[] inst=None gamma={'gamma_walls': [], 'gamma_flip': None} expiry=None
2026-03-13 21:03:31,844 - api.api_server - INFO - Main loop tick...
2026-03-13 21:03:31,845 - api.api_server - INFO - Fetching option chain for NIFTY
2026-03-13 21:03:31,971 - data.nse_fetcher - WARNING - NSE option chain empty JSON for NIFTY
2026-03-13 21:03:35,230 - data.angel_instruments - INFO - [ANGEL] Token resolved for NIFTY: exchange=NSE token=26000
2026-03-13 21:03:35,630 - data.angel_live_price - INFO - [ANGEL] Live price NIFTY = 23151.1
2026-03-13 21:03:35,819 - api.api_server - INFO - LIVE SIGNAL NIFTY price=23151.1 scalping={'symbol': 'NIFTY', 'index_price': 23151.1, 'trade': 'BUY_PE', 'strike': '23150 PE', 'entry': 20.0, 'target': 28.0, 'stoploss': 16.0, 'confidence': 75.0, 'generated_at': datetime.datetime(2026, 3, 13, 15, 33, 35, 810157, tzinfo=datetime.timezone.utc)} hero_zero=[] inst=None gamma={'gamma_walls': [], 'gamma_flip': None} expiry=None
2026-03-13 21:03:35,821 - api.api_server - INFO - Fetching option chain for SENSEX
2026-03-13 21:03:36,198 - data.nse_fetcher - WARNING - NSE option chain empty JSON for SENSEX
2026-03-13 21:03:39,654 - data.angel_instruments - INFO - [ANGEL] Token resolved for SENSEX: exchange=BSE token=99919000
2026-03-13 21:03:39,900 - data.angel_live_price - INFO - [ANGEL] Live price SENSEX = 74563.92
2026-03-13 21:03:40,089 - api.api_server - INFO - LIVE SIGNAL SENSEX price=74563.92 scalping={'symbol': 'SENSEX', 'index_price': 74563.92, 'trade': 'BUY_PE', 'strike': '74550 PE', 'entry': 20.0, 'target': 28.0, 'stoploss': 16.0, 'confidence': 80.0, 'generated_at': datetime.datetime(2026, 3, 13, 15, 33, 40, 82081, tzinfo=datetime.timezone.utc)} hero_zero=[] inst=None gamma={'gamma_walls': [], 'gamma_flip': None} expiry=None
2026-03-13 21:33:29,759 - api.api_server - INFO - Initializing schema...
2026-03-13 21:33:29,774 - data.data_storage - INFO - SQLite schema initialized at D:\Angel Trading\free_quant_scalping_ai\storage\market_data.sqlite
2026-03-13 21:33:29,777 - data.historical_fetcher - INFO - Downloading NIFTY history 1m (last 7 days)
2026-03-13 21:33:29,784 - api.api_server - INFO - [TRAINING] Daily trainer scheduled for 02:00 UTC
2026-03-13 21:33:30,307 - data.angel_instruments - INFO - [ANGEL] Instrument master file loaded from cache D:\Angel Trading\free_quant_scalping_ai\storage\angel_instruments.json
2026-03-13 21:33:30,309 - data.angel_instruments - INFO - [ANGEL] Token resolved for NIFTY: exchange=NSE token=26000
2026-03-13 21:33:30,309 - data.angel_live_price - INFO - [ANGEL] Generating TOTP
2026-03-13 21:33:30,841 - data.angel_live_price - INFO - [ANGEL] Login successful
2026-03-13 21:33:31,079 - data.angel_live_price - INFO - [ANGEL] Live price NIFTY = 23151.1
2026-03-13 21:33:31,213 - data.angel_option_discovery - INFO - [OPTIONS] Discovered 0 NIFTY option contracts (ATM band applied: True)
2026-03-13 21:33:31,214 - api.api_server - WARNING - [OPTIONS] No NIFTY option tokens discovered
2026-03-13 21:33:31,215 - api.api_server - INFO - API server ready. Docs: http://localhost:8000/docs
2026-03-13 21:33:31,216 - api.api_server - INFO - Main loop tick...
2026-03-13 21:33:31,216 - api.api_server - INFO - Fetching option chain for NIFTY
2026-03-13 21:33:31,777 - data.nse_fetcher - WARNING - NSE option chain empty JSON for NIFTY
2026-03-13 21:33:31,911 - data.historical_fetcher - INFO - Downloading NIFTY history 5m (last 59 days)
2026-03-13 21:33:31,944 - data.historical_fetcher - INFO - Downloading NIFTY history 15m (last 59 days)
2026-03-13 21:33:31,993 - data.historical_fetcher - INFO - Downloading NIFTY daily history 2025-03-13 16:03:29.777697+00:00 2026-03-13 16:03:29.777697+00:00
2026-03-13 21:33:32,031 - data.historical_fetcher - INFO - Downloading SENSEX history 1m (last 7 days)
2026-03-13 21:33:32,924 - data.historical_fetcher - INFO - Downloading SENSEX history 5m (last 59 days)
2026-03-13 21:33:32,938 - data.historical_fetcher - INFO - Downloading SENSEX history 15m (last 59 days)
2026-03-13 21:33:32,952 - data.historical_fetcher - INFO - Downloading SENSEX daily history 2025-03-13 16:03:32.031514+00:00 2026-03-13 16:03:32.031514+00:00
2026-03-13 21:33:37,466 - data.angel_instruments - INFO - [ANGEL] Token resolved for NIFTY: exchange=NSE token=26000
2026-03-13 21:33:37,706 - data.angel_live_price - INFO - [ANGEL] Live price NIFTY = 23151.1
2026-03-13 21:33:37,882 - api.api_server - INFO - LIVE SIGNAL NIFTY price=23151.1 scalping={'symbol': 'NIFTY', 'index_price': 23151.1, 'trade': 'BUY_PE', 'strike': '23150 PE', 'entry': 20.0, 'target': 28.0, 'stoploss': 16.0, 'confidence': 75.0, 'generated_at': datetime.datetime(2026, 3, 13, 16, 3, 37, 873812, tzinfo=datetime.timezone.utc)} hero_zero=[] inst={'description': 'Neutral', 'put_call_ratio': None} gamma={'gamma_walls': [], 'gamma_flip': None} expiry=None
2026-03-13 21:33:37,883 - api.api_server - INFO - Fetching option chain for SENSEX
2026-03-13 21:33:39,179 - data.nse_fetcher - WARNING - NSE option chain empty JSON for SENSEX
2026-03-13 21:33:42,065 - data.angel_instruments - INFO - [ANGEL] Token resolved for SENSEX: exchange=BSE token=99919000
2026-03-13 21:33:42,306 - data.angel_live_price - INFO - [ANGEL] Live price SENSEX = 74563.92
2026-03-13 21:33:42,429 - api.api_server - INFO - LIVE SIGNAL SENSEX price=74563.92 scalping={'symbol': 'SENSEX', 'index_price': 74563.92, 'trade': 'BUY_PE', 'strike': '74550 PE', 'entry': 20.0, 'target': 28.0, 'stoploss': 16.0, 'confidence': 80.0, 'generated_at': datetime.datetime(2026, 3, 13, 16, 3, 42, 423398, tzinfo=datetime.timezone.utc)} hero_zero=[] inst={'description': 'Neutral', 'put_call_ratio': None} gamma={'gamma_walls': [], 'gamma_flip': None} expiry=None
2026-03-13 21:34:42,436 - api.api_server - INFO - Main loop tick...
2026-03-13 21:34:42,437 - api.api_server - INFO - Fetching option chain for NIFTY
2026-03-13 21:34:42,540 - data.nse_fetcher - WARNING - NSE option chain empty JSON for NIFTY
2026-03-13 21:34:45,848 - data.angel_instruments - INFO - [ANGEL] Token resolved for NIFTY: exchange=NSE token=26000
2026-03-13 21:34:46,076 - data.angel_live_price - INFO - [ANGEL] Live price NIFTY = 23151.1
2026-03-13 21:34:46,199 - api.api_server - INFO - LIVE SIGNAL NIFTY price=23151.1 scalping={'symbol': 'NIFTY', 'index_price': 23151.1, 'trade': 'BUY_PE', 'strike': '23150 PE', 'entry': 20.0, 'target': 28.0, 'stoploss': 16.0, 'confidence': 75.0, 'generated_at': datetime.datetime(2026, 3, 13, 16, 4, 46, 194781, tzinfo=datetime.timezone.utc)} hero_zero=[] inst={'description': 'Neutral', 'put_call_ratio': None} gamma={'gamma_walls': [], 'gamma_flip': None} expiry=None
2026-03-13 21:34:46,202 - api.api_server - INFO - Fetching option chain for SENSEX
2026-03-13 21:34:46,824 - data.nse_fetcher - WARNING - NSE option chain empty JSON for SENSEX
2026-03-13 21:34:49,570 - data.angel_instruments - INFO - [ANGEL] Token resolved for SENSEX: exchange=BSE token=99919000
2026-03-13 21:34:49,811 - data.angel_live_price - INFO - [ANGEL] Live price SENSEX = 74563.92
2026-03-13 21:34:49,944 - api.api_server - INFO - LIVE SIGNAL SENSEX price=74563.92 scalping={'symbol': 'SENSEX', 'index_price': 74563.92, 'trade': 'BUY_PE', 'strike': '74550 PE', 'entry': 20.0, 'target': 28.0, 'stoploss': 16.0, 'confidence': 80.0, 'generated_at': datetime.datetime(2026, 3, 13, 16, 4, 49, 931224, tzinfo=datetime.timezone.utc)} hero_zero=[] inst={'description': 'Neutral', 'put_call_ratio': None} gamma={'gamma_walls': [], 'gamma_flip': None} expiry=None
2026-03-13 21:35:49,961 - api.api_server - INFO - Main loop tick...
2026-03-13 21:35:49,968 - api.api_server - INFO - Fetching option chain for NIFTY
2026-03-13 21:35:50,098 - data.nse_fetcher - WARNING - NSE option chain empty JSON for NIFTY
2026-03-13 21:35:53,587 - data.angel_instruments - INFO - [ANGEL] Token resolved for NIFTY: exchange=NSE token=26000
2026-03-13 21:35:53,776 - data.angel_live_price - INFO - [ANGEL] Live price NIFTY = 23151.1
2026-03-13 21:35:54,069 - api.api_server - INFO - LIVE SIGNAL NIFTY price=23151.1 scalping={'symbol': 'NIFTY', 'index_price': 23151.1, 'trade': 'BUY_PE', 'strike': '23150 PE', 'entry': 20.0, 'target': 28.0, 'stoploss': 16.0, 'confidence': 75.0, 'generated_at': datetime.datetime(2026, 3, 13, 16, 5, 53, 977496, tzinfo=datetime.timezone.utc)} hero_zero=[] inst={'description': 'Neutral', 'put_call_ratio': None} gamma={'gamma_walls': [], 'gamma_flip': None} expiry=None
2026-03-13 21:35:54,105 - api.api_server - INFO - Fetching option chain for SENSEX
2026-03-13 21:35:54,459 - data.nse_fetcher - WARNING - NSE option chain empty JSON for SENSEX
2026-03-13 21:35:57,414 - data.angel_instruments - INFO - [ANGEL] Token resolved for SENSEX: exchange=BSE token=99919000
2026-03-13 21:35:57,652 - data.angel_live_price - INFO - [ANGEL] Live price SENSEX = 74563.92
2026-03-13 21:35:57,781 - api.api_server - INFO - LIVE SIGNAL SENSEX price=74563.92 scalping={'symbol': 'SENSEX', 'index_price': 74563.92, 'trade': 'BUY_PE', 'strike': '74550 PE', 'entry': 20.0, 'target': 28.0, 'stoploss': 16.0, 'confidence': 85.0, 'generated_at': datetime.datetime(2026, 3, 13, 16, 5, 57, 775956, tzinfo=datetime.timezone.utc)} hero_zero=[] inst={'description': 'Neutral', 'put_call_ratio': None} gamma={'gamma_walls': [], 'gamma_flip': None} expiry=None
2026-03-13 21:36:57,792 - api.api_server - INFO - Main loop tick...
2026-03-13 21:36:57,793 - api.api_server - INFO - Fetching option chain for NIFTY
2026-03-13 21:36:57,925 - data.nse_fetcher - WARNING - NSE option chain empty JSON for NIFTY
2026-03-13 21:37:02,138 - data.angel_instruments - INFO - [ANGEL] Token resolved for NIFTY: exchange=NSE token=26000
2026-03-13 21:37:02,447 - data.angel_live_price - INFO - [ANGEL] Live price NIFTY = 23151.1
2026-03-13 21:37:02,704 - api.api_server - INFO - LIVE SIGNAL NIFTY price=23151.1 scalping={'symbol': 'NIFTY', 'index_price': 23151.1, 'trade': 'BUY_PE', 'strike': '23150 PE', 'entry': 20.0, 'target': 28.0, 'stoploss': 16.0, 'confidence': 75.0, 'generated_at': datetime.datetime(2026, 3, 13, 16, 7, 2, 682368, tzinfo=datetime.timezone.utc)} hero_zero=[] inst={'description': 'Neutral', 'put_call_ratio': None} gamma={'gamma_walls': [], 'gamma_flip': None} expiry=None
2026-03-13 21:37:02,707 - api.api_server - INFO - Fetching option chain for SENSEX
2026-03-13 21:37:02,987 - data.nse_fetcher - WARNING - NSE option chain empty JSON for SENSEX
2026-03-13 21:37:06,571 - data.angel_instruments - INFO - [ANGEL] Token resolved for SENSEX: exchange=BSE token=99919000
2026-03-13 21:37:06,884 - data.angel_live_price - INFO - [ANGEL] Live price SENSEX = 74563.92
2026-03-13 21:37:07,040 - api.api_server - INFO - LIVE SIGNAL SENSEX price=74563.92 scalping={'symbol': 'SENSEX', 'index_price': 74563.92, 'trade': 'BUY_PE', 'strike': '74550 PE', 'entry': 20.0, 'target': 28.0, 'stoploss': 16.0, 'confidence': 80.0, 'generated_at': datetime.datetime(2026, 3, 13, 16, 7, 7, 24572, tzinfo=datetime.timezone.utc)} hero_zero=[] inst={'description': 'Neutral', 'put_call_ratio': None} gamma={'gamma_walls': [], 'gamma_flip': None} expiry=None
2026-03-13 21:56:58,320 - api.api_server - INFO - Initializing schema...
2026-03-13 21:56:58,337 - data.data_storage - INFO - SQLite schema initialized at D:\Angel Trading\free_quant_scalping_ai\storage\market_data.sqlite
2026-03-13 21:56:58,337 - data.historical_fetcher - INFO - Downloading NIFTY history 1m (last 7 days)
2026-03-13 21:56:58,353 - api.api_server - INFO - [TRAINING] Daily trainer scheduled for 02:00 UTC
2026-03-13 21:56:58,791 - data.angel_instruments - INFO - [ANGEL] Instrument master file loaded from cache D:\Angel Trading\free_quant_scalping_ai\storage\angel_instruments.json
2026-03-13 21:56:58,791 - data.angel_instruments - INFO - [ANGEL] Token resolved for NIFTY: exchange=NSE token=26000
2026-03-13 21:56:58,791 - data.angel_live_price - WARNING - [ANGEL] Missing API credentials in environment; skipping SmartAPI login
2026-03-13 21:56:59,366 - data.nse_live_price - INFO - [NSE] Live price fetched for NIFTY: 23151.1
2026-03-13 21:56:59,555 - data.angel_option_discovery - INFO - [OPTIONS] Discovered 0 NIFTY option contracts (ATM band applied: True)
2026-03-13 21:56:59,555 - api.api_server - WARNING - [OPTIONS] No NIFTY option tokens discovered
2026-03-13 21:56:59,562 - api.api_server - INFO - API server ready. Docs: http://localhost:8000/docs
2026-03-13 21:56:59,564 - api.api_server - INFO - Main loop tick...
2026-03-13 21:56:59,565 - api.api_server - INFO - Fetching option chain for NIFTY
2026-03-13 21:57:00,021 - data.nse_fetcher - WARNING - NSE option chain empty JSON for NIFTY
2026-03-13 21:57:00,308 - data.historical_fetcher - INFO - Downloading NIFTY history 5m (last 59 days)
2026-03-13 21:57:00,321 - data.historical_fetcher - INFO - Downloading NIFTY history 15m (last 59 days)
2026-03-13 21:57:00,334 - data.historical_fetcher - INFO - Downloading NIFTY daily history 2025-03-13 16:26:58.337651+00:00 2026-03-13 16:26:58.337651+00:00
2026-03-13 21:57:00,347 - data.historical_fetcher - INFO - Downloading SENSEX history 1m (last 7 days)
2026-03-13 21:57:01,576 - data.historical_fetcher - INFO - Downloading SENSEX history 5m (last 59 days)
2026-03-13 21:57:01,590 - data.historical_fetcher - INFO - Downloading SENSEX history 15m (last 59 days)
2026-03-13 21:57:01,606 - data.historical_fetcher - INFO - Downloading SENSEX daily history 2025-03-13 16:27:00.347377+00:00 2026-03-13 16:27:00.347377+00:00
2026-03-13 21:57:04,538 - data.angel_instruments - INFO - [ANGEL] Token resolved for NIFTY: exchange=NSE token=26000
2026-03-13 21:57:04,547 - data.angel_live_price - WARNING - [ANGEL] Missing API credentials in environment; skipping SmartAPI login
2026-03-13 21:57:04,671 - data.nse_live_price - INFO - [NSE] Live price fetched for NIFTY: 23151.1
2026-03-13 21:57:04,787 - api.api_server - INFO - LIVE SIGNAL NIFTY price=23151.1 scalping={'symbol': 'NIFTY', 'index_price': 23151.1, 'trade': 'BUY_PE', 'strike': '23150 PE', 'entry': 20.0, 'target': 28.0, 'stoploss': 16.0, 'confidence': 80.0, 'generated_at': datetime.datetime(2026, 3, 13, 16, 27, 4, 770351, tzinfo=datetime.timezone.utc)} hero_zero=[] inst={'description': 'Neutral', 'put_call_ratio': None} gamma={'gamma_walls': [], 'gamma_flip': None} expiry=None
2026-03-13 21:57:04,787 - api.api_server - INFO - Fetching option chain for SENSEX
2026-03-13 21:57:05,231 - data.nse_fetcher - WARNING - NSE option chain empty JSON for SENSEX
2026-03-13 21:57:07,370 - data.angel_instruments - INFO - [ANGEL] Token resolved for SENSEX: exchange=BSE token=99919000
2026-03-13 21:57:07,370 - data.angel_live_price - WARNING - [ANGEL] Missing API credentials in environment; skipping SmartAPI login
2026-03-13 21:57:07,587 - data.nse_live_price - WARNING - [NSE] Index name SENSEX not found in allIndices payload
2026-03-13 21:57:07,597 - data.live_price - INFO - Using cached price for SENSEX from candles: 76320.34375
2026-03-13 21:57:07,703 - api.api_server - INFO - LIVE SIGNAL SENSEX price=76320.34375 scalping={'symbol': 'SENSEX', 'index_price': 76320.34375, 'trade': 'BUY_PE', 'strike': '76300 PE', 'entry': 20.0, 'target': 28.0, 'stoploss': 16.0, 'confidence': 80.0, 'generated_at': datetime.datetime(2026, 3, 13, 16, 27, 7, 688302, tzinfo=datetime.timezone.utc)} hero_zero=[] inst={'description': 'Neutral', 'put_call_ratio': None} gamma={'gamma_walls': [], 'gamma_flip': None} expiry=None
2026-03-13 21:58:07,719 - api.api_server - INFO - Main loop tick...
2026-03-13 21:58:07,723 - api.api_server - INFO - Fetching option chain for NIFTY
2026-03-13 21:58:07,802 - data.nse_fetcher - WARNING - NSE option chain empty JSON for NIFTY
2026-03-13 21:58:10,094 - data.angel_instruments - INFO - [ANGEL] Token resolved for NIFTY: exchange=NSE token=26000
2026-03-13 21:58:10,094 - data.angel_live_price - WARNING - [ANGEL] Missing API credentials in environment; skipping SmartAPI login
2026-03-13 21:58:10,201 - data.nse_live_price - INFO - [NSE] Live price fetched for NIFTY: 23151.1
2026-03-13 21:58:10,378 - api.api_server - INFO - LIVE SIGNAL NIFTY price=23151.1 scalping={'symbol': 'NIFTY', 'index_price': 23151.1, 'trade': 'BUY_PE', 'strike': '23150 PE', 'entry': 20.0, 'target': 28.0, 'stoploss': 16.0, 'confidence': 75.0, 'generated_at': datetime.datetime(2026, 3, 13, 16, 28, 10, 348119, tzinfo=datetime.timezone.utc)} hero_zero=[] inst={'description': 'Neutral', 'put_call_ratio': None} gamma={'gamma_walls': [], 'gamma_flip': None} expiry=None
2026-03-13 21:58:10,378 - api.api_server - INFO - Fetching option chain for SENSEX
2026-03-13 21:58:10,752 - data.nse_fetcher - WARNING - NSE option chain empty JSON for SENSEX
2026-03-13 21:58:13,722 - data.angel_instruments - INFO - [ANGEL] Token resolved for SENSEX: exchange=BSE token=99919000
2026-03-13 21:58:13,722 - data.angel_live_price - WARNING - [ANGEL] Missing API credentials in environment; skipping SmartAPI login
2026-03-13 21:58:13,837 - data.nse_live_price - WARNING - [NSE] Index name SENSEX not found in allIndices payload
2026-03-13 21:58:13,849 - data.live_price - INFO - Using cached price for SENSEX from candles: 76320.34375
2026-03-13 21:58:13,987 - api.api_server - INFO - LIVE SIGNAL SENSEX price=76320.34375 scalping={'symbol': 'SENSEX', 'index_price': 76320.34375, 'trade': 'BUY_PE', 'strike': '76300 PE', 'entry': 20.0, 'target': 28.0, 'stoploss': 16.0, 'confidence': 80.0, 'generated_at': datetime.datetime(2026, 3, 13, 16, 28, 13, 961417, tzinfo=datetime.timezone.utc)} hero_zero=[] inst={'description': 'Neutral', 'put_call_ratio': None} gamma={'gamma_walls': [], 'gamma_flip': None} expiry=None
2026-03-13 22:00:01,732 - api.api_server - INFO - Initializing schema...
2026-03-13 22:00:01,751 - data.data_storage - INFO - SQLite schema initialized at D:\Angel Trading\free_quant_scalping_ai\storage\market_data.sqlite
2026-03-13 22:00:01,751 - data.historical_fetcher - INFO - Downloading NIFTY history 1m (last 7 days)
2026-03-13 22:00:01,766 - api.api_server - INFO - [TRAINING] Daily trainer scheduled for 02:00 UTC
2026-03-13 22:00:02,160 - data.angel_instruments - INFO - [ANGEL] Instrument master file loaded from cache D:\Angel Trading\free_quant_scalping_ai\storage\angel_instruments.json
2026-03-13 22:00:02,160 - data.angel_instruments - INFO - [ANGEL] Token resolved for NIFTY: exchange=NSE token=26000
2026-03-13 22:00:02,160 - data.angel_live_price - WARNING - [ANGEL] Missing API credentials in environment; skipping SmartAPI login
2026-03-13 22:00:02,722 - data.nse_live_price - INFO - [NSE] Live price fetched for NIFTY: 23151.1
2026-03-13 22:00:02,860 - data.angel_option_discovery - INFO - [OPTIONS] Discovered 0 NIFTY option contracts (ATM band applied: True)
2026-03-13 22:00:02,860 - api.api_server - WARNING - [OPTIONS] No NIFTY option tokens discovered
2026-03-13 22:00:02,866 - api.api_server - INFO - API server ready. Docs: http://localhost:8000/docs
2026-03-13 22:00:02,871 - api.api_server - INFO - Main loop tick...
2026-03-13 22:00:02,872 - api.api_server - INFO - Fetching option chain for NIFTY
2026-03-13 22:00:03,316 - data.nse_fetcher - WARNING - NSE option chain empty JSON for NIFTY
2026-03-13 22:00:03,842 - data.historical_fetcher - INFO - Downloading NIFTY history 5m (last 59 days)
2026-03-13 22:00:03,859 - data.historical_fetcher - INFO - Downloading NIFTY history 15m (last 59 days)
2026-03-13 22:00:03,875 - data.historical_fetcher - INFO - Downloading NIFTY daily history 2025-03-13 16:30:01.751031+00:00 2026-03-13 16:30:01.751031+00:00
2026-03-13 22:00:03,889 - data.historical_fetcher - INFO - Downloading SENSEX history 1m (last 7 days)
2026-03-13 22:00:05,024 - data.historical_fetcher - INFO - Downloading SENSEX history 5m (last 59 days)
2026-03-13 22:00:05,044 - data.historical_fetcher - INFO - Downloading SENSEX history 15m (last 59 days)
2026-03-13 22:00:05,058 - data.historical_fetcher - INFO - Downloading SENSEX daily history 2025-03-13 16:30:03.889441+00:00 2026-03-13 16:30:03.889441+00:00
2026-03-13 22:00:07,995 - data.angel_instruments - INFO - [ANGEL] Token resolved for NIFTY: exchange=NSE token=26000
2026-03-13 22:00:07,995 - data.angel_live_price - WARNING - [ANGEL] Missing API credentials in environment; skipping SmartAPI login
2026-03-13 22:00:08,099 - data.nse_live_price - INFO - [NSE] Live price fetched for NIFTY: 23151.1
2026-03-13 22:00:08,234 - api.api_server - INFO - LIVE SIGNAL NIFTY price=23151.1 scalping={'symbol': 'NIFTY', 'index_price': 23151.1, 'trade': 'BUY_PE', 'strike': '23150 PE', 'entry': 20.0, 'target': 28.0, 'stoploss': 16.0, 'confidence': 80.0, 'generated_at': datetime.datetime(2026, 3, 13, 16, 30, 8, 228486, tzinfo=datetime.timezone.utc)} hero_zero=[] inst={'description': 'Neutral', 'put_call_ratio': None} gamma={'gamma_walls': [], 'gamma_flip': None} expiry=None
2026-03-13 22:00:08,234 - api.api_server - INFO - Fetching option chain for SENSEX
2026-03-13 22:00:08,642 - data.nse_fetcher - WARNING - NSE option chain empty JSON for SENSEX
2026-03-13 22:00:10,968 - data.angel_instruments - INFO - [ANGEL] Token resolved for SENSEX: exchange=BSE token=99919000
2026-03-13 22:00:10,979 - data.angel_live_price - WARNING - [ANGEL] Missing API credentials in environment; skipping SmartAPI login
2026-03-13 22:00:11,133 - data.nse_live_price - WARNING - [NSE] Index name SENSEX not found in allIndices payload
2026-03-13 22:00:11,134 - data.live_price - INFO - Using cached price for SENSEX from candles: 76320.34375
2026-03-13 22:00:11,261 - api.api_server - INFO - LIVE SIGNAL SENSEX price=76320.34375 scalping={'symbol': 'SENSEX', 'index_price': 76320.34375, 'trade': 'BUY_PE', 'strike': '76300 PE', 'entry': 20.0, 'target': 28.0, 'stoploss': 16.0, 'confidence': 80.0, 'generated_at': datetime.datetime(2026, 3, 13, 16, 30, 11, 251409, tzinfo=datetime.timezone.utc)} hero_zero=[] inst={'description': 'Neutral', 'put_call_ratio': None} gamma={'gamma_walls': [], 'gamma_flip': None} expiry=None
2026-03-13 22:01:11,277 - api.api_server - INFO - Main loop tick...
2026-03-13 22:01:11,281 - api.api_server - INFO - Fetching option chain for NIFTY
2026-03-13 22:01:11,415 - data.nse_fetcher - WARNING - NSE option chain empty JSON for NIFTY
2026-03-13 22:01:14,681 - data.angel_instruments - INFO - [ANGEL] Token resolved for NIFTY: exchange=NSE token=26000
2026-03-13 22:01:14,681 - data.angel_live_price - WARNING - [ANGEL] Missing API credentials in environment; skipping SmartAPI login
2026-03-13 22:01:14,833 - data.nse_live_price - INFO - [NSE] Live price fetched for NIFTY: 23151.1
2026-03-13 22:01:14,983 - api.api_server - INFO - LIVE SIGNAL NIFTY price=23151.1 scalping={'symbol': 'NIFTY', 'index_price': 23151.1, 'trade': 'BUY_PE', 'strike': '23150 PE', 'entry': 20.0, 'target': 28.0, 'stoploss': 16.0, 'confidence': 80.0, 'generated_at': datetime.datetime(2026, 3, 13, 16, 31, 14, 976500, tzinfo=datetime.timezone.utc)} hero_zero=[] inst={'description': 'Neutral', 'put_call_ratio': None} gamma={'gamma_walls': [], 'gamma_flip': None} expiry=None
2026-03-13 22:01:14,983 - api.api_server - INFO - Fetching option chain for SENSEX
2026-03-13 22:01:15,498 - data.nse_fetcher - WARNING - NSE option chain empty JSON for SENSEX
2026-03-13 22:01:19,112 - data.angel_instruments - INFO - [ANGEL] Token resolved for SENSEX: exchange=BSE token=99919000
2026-03-13 22:01:19,114 - data.angel_live_price - WARNING - [ANGEL] Missing API credentials in environment; skipping SmartAPI login
2026-03-13 22:01:19,217 - data.nse_live_price - WARNING - [NSE] Index name SENSEX not found in allIndices payload
2026-03-13 22:01:19,217 - data.live_price - INFO - Using cached price for SENSEX from candles: 76320.34375
2026-03-13 22:01:19,338 - api.api_server - INFO - LIVE SIGNAL SENSEX price=76320.34375 scalping={'symbol': 'SENSEX', 'index_price': 76320.34375, 'trade': 'BUY_PE', 'strike': '76300 PE', 'entry': 20.0, 'target': 28.0, 'stoploss': 16.0, 'confidence': 80.0, 'generated_at': datetime.datetime(2026, 3, 13, 16, 31, 19, 331448, tzinfo=datetime.timezone.utc)} hero_zero=[] inst={'description': 'Neutral', 'put_call_ratio': None} gamma={'gamma_walls': [], 'gamma_flip': None} expiry=None
2026-03-13 22:05:07,010 - api.api_server - INFO - Initializing schema...
2026-03-13 22:05:07,023 - data.data_storage - INFO - SQLite schema initialized at D:\Angel Trading\free_quant_scalping_ai\storage\market_data.sqlite
2026-03-13 22:05:07,026 - data.historical_fetcher - INFO - Downloading NIFTY history 1m (last 7 days)
2026-03-13 22:05:07,047 - api.api_server - INFO - [TRAINING] Daily trainer scheduled for 02:00 UTC
2026-03-13 22:05:08,161 - data.angel_instruments - INFO - [ANGEL] Instrument master file loaded from cache D:\Angel Trading\free_quant_scalping_ai\storage\angel_instruments.json
2026-03-13 22:05:08,164 - data.angel_instruments - INFO - [ANGEL] Token resolved for NIFTY: exchange=NSE token=26000
2026-03-13 22:05:08,164 - data.angel_live_price - INFO - [ANGEL] Generating TOTP
2026-03-13 22:05:08,930 - data.angel_live_price - INFO - [ANGEL] Login successful
2026-03-13 22:05:09,160 - data.angel_live_price - INFO - [ANGEL] Live price NIFTY = 23151.1
2026-03-13 22:05:09,508 - data.angel_option_discovery - INFO - [OPTIONS] Discovered 0 NIFTY option contracts (ATM band applied: True)
2026-03-13 22:05:09,511 - api.api_server - WARNING - [OPTIONS] No NIFTY option tokens discovered
2026-03-13 22:05:09,515 - api.api_server - INFO - API server ready. Docs: http://localhost:8000/docs
2026-03-13 22:05:09,516 - api.api_server - INFO - Main loop tick...
2026-03-13 22:05:09,517 - api.api_server - INFO - Fetching option chain for NIFTY
2026-03-13 22:05:10,012 - data.nse_fetcher - WARNING - NSE option chain empty JSON for NIFTY
2026-03-13 22:05:10,100 - data.historical_fetcher - INFO - Downloading NIFTY history 5m (last 59 days)
2026-03-13 22:05:10,169 - data.historical_fetcher - INFO - Downloading NIFTY history 15m (last 59 days)
2026-03-13 22:05:10,240 - data.historical_fetcher - INFO - Downloading NIFTY daily history 2025-03-13 16:35:07.026703+00:00 2026-03-13 16:35:07.026703+00:00
2026-03-13 22:05:10,368 - data.historical_fetcher - INFO - Downloading SENSEX history 1m (last 7 days)
2026-03-13 22:05:11,598 - data.historical_fetcher - INFO - Downloading SENSEX history 5m (last 59 days)
2026-03-13 22:05:11,647 - data.historical_fetcher - INFO - Downloading SENSEX history 15m (last 59 days)
2026-03-13 22:05:11,676 - data.historical_fetcher - INFO - Downloading SENSEX daily history 2025-03-13 16:35:10.368009+00:00 2026-03-13 16:35:10.368009+00:00
2026-03-13 22:05:21,942 - data.angel_instruments - INFO - [ANGEL] Token resolved for NIFTY: exchange=NSE token=26000
2026-03-13 22:05:22,294 - data.angel_live_price - INFO - [ANGEL] Live price NIFTY = 23151.1
2026-03-13 22:05:22,674 - api.api_server - INFO - LIVE SIGNAL NIFTY price=23151.1 scalping={'symbol': 'NIFTY', 'index_price': 23151.1, 'trade': 'BUY_PE', 'strike': '23150 PE', 'entry': 20.0, 'target': 28.0, 'stoploss': 16.0, 'confidence': 80.0, 'generated_at': datetime.datetime(2026, 3, 13, 16, 35, 22, 659799, tzinfo=datetime.timezone.utc)} hero_zero=[] inst={'description': 'Neutral', 'put_call_ratio': None} gamma={'gamma_walls': [], 'gamma_flip': None} expiry=None
2026-03-13 22:05:22,675 - api.api_server - INFO - Fetching option chain for SENSEX
2026-03-13 22:05:23,009 - data.nse_fetcher - WARNING - NSE option chain empty JSON for SENSEX
2026-03-13 22:05:30,521 - data.angel_instruments - INFO - [ANGEL] Token resolved for SENSEX: exchange=BSE token=99919000
2026-03-13 22:05:30,762 - data.angel_live_price - INFO - [ANGEL] Live price SENSEX = 74563.92
2026-03-13 22:05:31,176 - api.api_server - INFO - LIVE SIGNAL SENSEX price=74563.92 scalping={'symbol': 'SENSEX', 'index_price': 74563.92, 'trade': 'BUY_PE', 'strike': '74550 PE', 'entry': 20.0, 'target': 28.0, 'stoploss': 16.0, 'confidence': 85.0, 'generated_at': datetime.datetime(2026, 3, 13, 16, 35, 31, 142778, tzinfo=datetime.timezone.utc)} hero_zero=[] inst={'description': 'Neutral', 'put_call_ratio': None} gamma={'gamma_walls': [], 'gamma_flip': None} expiry=None
2026-03-13 22:06:31,190 - api.api_server - INFO - Main loop tick...
2026-03-13 22:06:31,192 - api.api_server - INFO - Fetching option chain for NIFTY
2026-03-13 22:06:31,324 - data.nse_fetcher - WARNING - NSE option chain empty JSON for NIFTY
2026-03-13 22:06:33,600 - data.angel_instruments - INFO - [ANGEL] Token resolved for NIFTY: exchange=NSE token=26000
2026-03-13 22:06:34,063 - data.angel_live_price - INFO - [ANGEL] Live price NIFTY = 23151.1
2026-03-13 22:06:34,185 - api.api_server - INFO - LIVE SIGNAL NIFTY price=23151.1 scalping={'symbol': 'NIFTY', 'index_price': 23151.1, 'trade': 'BUY_PE', 'strike': '23150 PE', 'entry': 20.0, 'target': 28.0, 'stoploss': 16.0, 'confidence': 75.0, 'generated_at': datetime.datetime(2026, 3, 13, 16, 36, 34, 174356, tzinfo=datetime.timezone.utc)} hero_zero=[] inst={'description': 'Neutral', 'put_call_ratio': None} gamma={'gamma_walls': [], 'gamma_flip': None} expiry=None
2026-03-13 22:06:34,185 - api.api_server - INFO - Fetching option chain for SENSEX
2026-03-13 22:06:34,575 - data.nse_fetcher - WARNING - NSE option chain empty JSON for SENSEX
2026-03-13 22:06:36,840 - data.angel_instruments - INFO - [ANGEL] Token resolved for SENSEX: exchange=BSE token=99919000
2026-03-13 22:06:37,091 - data.angel_live_price - INFO - [ANGEL] Live price SENSEX = 74563.92
2026-03-13 22:06:37,204 - api.api_server - INFO - LIVE SIGNAL SENSEX price=74563.92 scalping={'symbol': 'SENSEX', 'index_price': 74563.92, 'trade': 'BUY_PE', 'strike': '74550 PE', 'entry': 20.0, 'target': 28.0, 'stoploss': 16.0, 'confidence': 80.0, 'generated_at': datetime.datetime(2026, 3, 13, 16, 36, 37, 190888, tzinfo=datetime.timezone.utc)} hero_zero=[] inst={'description': 'Neutral', 'put_call_ratio': None} gamma={'gamma_walls': [], 'gamma_flip': None} expiry=None
2026-03-13 22:07:37,224 - api.api_server - INFO - Main loop tick...
2026-03-13 22:07:37,225 - api.api_server - INFO - Fetching option chain for NIFTY
2026-03-13 22:07:37,375 - data.nse_fetcher - WARNING - NSE option chain empty JSON for NIFTY
2026-03-13 22:07:39,658 - data.angel_instruments - INFO - [ANGEL] Token resolved for NIFTY: exchange=NSE token=26000
2026-03-13 22:07:39,940 - data.angel_live_price - INFO - [ANGEL] Live price NIFTY = 23151.1
2026-03-13 22:07:40,056 - api.api_server - INFO - LIVE SIGNAL NIFTY price=23151.1 scalping={'symbol': 'NIFTY', 'index_price': 23151.1, 'trade': 'BUY_PE', 'strike': '23150 PE', 'entry': 20.0, 'target': 28.0, 'stoploss': 16.0, 'confidence': 80.0, 'generated_at': datetime.datetime(2026, 3, 13, 16, 37, 40, 37216, tzinfo=datetime.timezone.utc)} hero_zero=[] inst={'description': 'Neutral', 'put_call_ratio': None} gamma={'gamma_walls': [], 'gamma_flip': None} expiry=None
2026-03-13 22:07:40,056 - api.api_server - INFO - Fetching option chain for SENSEX
2026-03-13 22:07:40,375 - data.nse_fetcher - WARNING - NSE option chain empty JSON for SENSEX
2026-03-13 22:07:42,589 - data.angel_instruments - INFO - [ANGEL] Token resolved for SENSEX: exchange=BSE token=99919000
2026-03-13 22:07:42,823 - data.angel_live_price - INFO - [ANGEL] Live price SENSEX = 74563.92
2026-03-13 22:07:42,955 - api.api_server - INFO - LIVE SIGNAL SENSEX price=74563.92 scalping={'symbol': 'SENSEX', 'index_price': 74563.92, 'trade': 'BUY_PE', 'strike': '74550 PE', 'entry': 20.0, 'target': 28.0, 'stoploss': 16.0, 'confidence': 80.0, 'generated_at': datetime.datetime(2026, 3, 13, 16, 37, 42, 955951, tzinfo=datetime.timezone.utc)} hero_zero=[] inst={'description': 'Neutral', 'put_call_ratio': None} gamma={'gamma_walls': [], 'gamma_flip': None} expiry=None
2026-03-13 22:08:42,956 - api.api_server - INFO - Main loop tick...
2026-03-13 22:08:42,956 - api.api_server - INFO - Fetching option chain for NIFTY
2026-03-13 22:08:43,206 - data.nse_fetcher - WARNING - NSE option chain empty JSON for NIFTY
2026-03-13 22:08:45,521 - data.angel_instruments - INFO - [ANGEL] Token resolved for NIFTY: exchange=NSE token=26000
2026-03-13 22:08:45,776 - data.angel_live_price - INFO - [ANGEL] Live price NIFTY = 23151.1
2026-03-13 22:08:45,887 - api.api_server - INFO - LIVE SIGNAL NIFTY price=23151.1 scalping={'symbol': 'NIFTY', 'index_price': 23151.1, 'trade': 'BUY_PE', 'strike': '23150 PE', 'entry': 20.0, 'target': 28.0, 'stoploss': 16.0, 'confidence': 80.0, 'generated_at': datetime.datetime(2026, 3, 13, 16, 38, 45, 887866, tzinfo=datetime.timezone.utc)} hero_zero=[] inst={'description': 'Neutral', 'put_call_ratio': None} gamma={'gamma_walls': [], 'gamma_flip': None} expiry=None
2026-03-13 22:08:45,887 - api.api_server - INFO - Fetching option chain for SENSEX
2026-03-13 22:08:46,284 - data.nse_fetcher - WARNING - NSE option chain empty JSON for SENSEX
2026-03-13 22:08:48,554 - data.angel_instruments - INFO - [ANGEL] Token resolved for SENSEX: exchange=BSE token=99919000
2026-03-13 22:08:48,784 - data.angel_live_price - INFO - [ANGEL] Live price SENSEX = 74563.92
2026-03-13 22:08:48,919 - api.api_server - INFO - LIVE SIGNAL SENSEX price=74563.92 scalping={'symbol': 'SENSEX', 'index_price': 74563.92, 'trade': 'BUY_PE', 'strike': '74550 PE', 'entry': 20.0, 'target': 28.0, 'stoploss': 16.0, 'confidence': 80.0, 'generated_at': datetime.datetime(2026, 3, 13, 16, 38, 48, 905354, tzinfo=datetime.timezone.utc)} hero_zero=[] inst={'description': 'Neutral', 'put_call_ratio': None} gamma={'gamma_walls': [], 'gamma_flip': None} expiry=None
2026-03-13 22:09:48,930 - api.api_server - INFO - Main loop tick...
2026-03-13 22:09:48,931 - api.api_server - INFO - Fetching option chain for NIFTY
2026-03-13 22:09:49,260 - data.nse_fetcher - WARNING - NSE option chain empty JSON for NIFTY
2026-03-13 22:09:51,486 - data.angel_instruments - INFO - [ANGEL] Token resolved for NIFTY: exchange=NSE token=26000
2026-03-13 22:10:02,570 - data.angel_live_price - WARNING - [ANGEL] Error fetching price for NIFTY: HTTPSConnectionPool(host='apiconnect.angelone.in', port=443): Max retries exceeded with url: /rest/secure/angelbroking/order/v1/getLtpData (Caused by NewConnectionError("HTTPSConnection(host='apiconnect.angelone.in', port=443): Failed to establish a new connection: [WinError 10065] A socket operation was attempted to an unreachable host"))
2026-03-13 22:10:02,574 - data.angel_live_price - INFO - [ANGEL] Token expired or invalid, re-authenticating
2026-03-13 22:10:02,574 - data.angel_live_price - INFO - [ANGEL] Generating TOTP
2026-03-13 22:10:02,636 - data.angel_live_price - ERROR - [ANGEL] Login failed: HTTPSConnectionPool(host='apiconnect.angelone.in', port=443): Max retries exceeded with url: /rest/auth/angelbroking/user/v1/loginByPassword (Caused by NameResolutionError("HTTPSConnection(host='apiconnect.angelone.in', port=443): Failed to resolve 'apiconnect.angelone.in' ([Errno 11001] getaddrinfo failed)"))
2026-03-13 22:10:02,643 - data.nse_live_price - WARNING - [NSE] Live price fetch error for NIFTY: HTTPSConnectionPool(host='www.nseindia.com', port=443): Max retries exceeded with url: /api/allIndices (Caused by NameResolutionError("HTTPSConnection(host='www.nseindia.com', port=443): Failed to resolve 'www.nseindia.com' ([Errno 11001] getaddrinfo failed)"))
2026-03-13 22:10:02,649 - data.live_price - INFO - Using cached price for NIFTY from candles: 23682.55078125
2026-03-13 22:10:02,957 - api.api_server - INFO - LIVE SIGNAL NIFTY price=23682.55078125 scalping={'symbol': 'NIFTY', 'index_price': 23682.55078125, 'trade': 'BUY_PE', 'strike': '23700 PE', 'entry': 20.0, 'target': 28.0, 'stoploss': 16.0, 'confidence': 80.0, 'generated_at': datetime.datetime(2026, 3, 13, 16, 40, 2, 945752, tzinfo=datetime.timezone.utc)} hero_zero=[] inst={'description': 'Neutral', 'put_call_ratio': None} gamma={'gamma_walls': [], 'gamma_flip': None} expiry=None
2026-03-13 22:10:02,957 - api.api_server - INFO - Fetching option chain for SENSEX
2026-03-13 22:10:12,969 - data.nse_fetcher - WARNING - Error fetching NSE option chain SENSEX: HTTPSConnectionPool(host='www.nseindia.com', port=443): Read timed out. (read timeout=10)
2026-03-13 22:10:15,474 - data.angel_instruments - INFO - [ANGEL] Token resolved for SENSEX: exchange=BSE token=99919000
2026-03-13 22:10:15,474 - data.angel_live_price - INFO - [ANGEL] Generating TOTP
2026-03-13 22:10:15,517 - data.angel_live_price - ERROR - [ANGEL] Login failed: HTTPSConnectionPool(host='apiconnect.angelone.in', port=443): Max retries exceeded with url: /rest/auth/angelbroking/user/v1/loginByPassword (Caused by NameResolutionError("HTTPSConnection(host='apiconnect.angelone.in', port=443): Failed to resolve 'apiconnect.angelone.in' ([Errno 11001] getaddrinfo failed)"))
2026-03-13 22:10:15,520 - data.nse_live_price - WARNING - [NSE] Live price fetch error for SENSEX: HTTPSConnectionPool(host='www.nseindia.com', port=443): Max retries exceeded with url: /api/allIndices (Caused by NameResolutionError("HTTPSConnection(host='www.nseindia.com', port=443): Failed to resolve 'www.nseindia.com' ([Errno 11001] getaddrinfo failed)"))
2026-03-13 22:10:15,522 - data.live_price - INFO - Using cached price for SENSEX from candles: 76320.34375
2026-03-13 22:10:15,659 - api.api_server - INFO - LIVE SIGNAL SENSEX price=76320.34375 scalping={'symbol': 'SENSEX', 'index_price': 76320.34375, 'trade': 'BUY_PE', 'strike': '76300 PE', 'entry': 20.0, 'target': 28.0, 'stoploss': 16.0, 'confidence': 80.0, 'generated_at': datetime.datetime(2026, 3, 13, 16, 40, 15, 641805, tzinfo=datetime.timezone.utc)} hero_zero=[] inst={'description': 'Neutral', 'put_call_ratio': None} gamma={'gamma_walls': [], 'gamma_flip': None} expiry=None
2026-03-13 22:59:35,585 - api.api_server - INFO - Main loop tick...
2026-03-13 22:59:35,695 - api.api_server - INFO - Fetching option chain for NIFTY
2026-03-13 22:59:35,751 - data.nse_fetcher - WARNING - Error fetching NSE option chain NIFTY: HTTPSConnectionPool(host='www.nseindia.com', port=443): Max retries exceeded with url: /api/option-chain-indices?symbol=NIFTY (Caused by NameResolutionError("HTTPSConnection(host='www.nseindia.com', port=443): Failed to resolve 'www.nseindia.com' ([Errno 11001] getaddrinfo failed)"))
2026-03-13 22:59:47,570 - data.angel_instruments - INFO - [ANGEL] Token resolved for NIFTY: exchange=NSE token=26000
2026-03-13 22:59:47,574 - data.angel_live_price - INFO - [ANGEL] Generating TOTP
2026-03-13 22:59:47,616 - data.angel_live_price - ERROR - [ANGEL] Login failed: HTTPSConnectionPool(host='apiconnect.angelone.in', port=443): Max retries exceeded with url: /rest/auth/angelbroking/user/v1/loginByPassword (Caused by NameResolutionError("HTTPSConnection(host='apiconnect.angelone.in', port=443): Failed to resolve 'apiconnect.angelone.in' ([Errno 11001] getaddrinfo failed)"))
2026-03-13 22:59:47,625 - data.nse_live_price - WARNING - [NSE] Live price fetch error for NIFTY: HTTPSConnectionPool(host='www.nseindia.com', port=443): Max retries exceeded with url: /api/allIndices (Caused by NameResolutionError("HTTPSConnection(host='www.nseindia.com', port=443): Failed to resolve 'www.nseindia.com' ([Errno 11001] getaddrinfo failed)"))
2026-03-13 22:59:47,630 - data.live_price - INFO - Using cached price for NIFTY from candles: 23682.55078125
2026-03-13 22:59:47,824 - api.api_server - INFO - LIVE SIGNAL NIFTY price=23682.55078125 scalping={'symbol': 'NIFTY', 'index_price': 23682.55078125, 'trade': 'BUY_PE', 'strike': '23700 PE', 'entry': 20.0, 'target': 28.0, 'stoploss': 16.0, 'confidence': 75.0, 'generated_at': datetime.datetime(2026, 3, 13, 17, 29, 47, 808641, tzinfo=datetime.timezone.utc)} hero_zero=[] inst={'description': 'Neutral', 'put_call_ratio': None} gamma={'gamma_walls': [], 'gamma_flip': None} expiry=None
2026-03-13 22:59:47,824 - api.api_server - INFO - Fetching option chain for SENSEX
2026-03-13 22:59:47,827 - data.nse_fetcher - WARNING - Error fetching NSE option chain SENSEX: HTTPSConnectionPool(host='www.nseindia.com', port=443): Max retries exceeded with url: /api/option-chain-indices?symbol=SENSEX (Caused by NameResolutionError("HTTPSConnection(host='www.nseindia.com', port=443): Failed to resolve 'www.nseindia.com' ([Errno 11001] getaddrinfo failed)"))
2026-03-13 22:59:51,287 - data.angel_instruments - INFO - [ANGEL] Token resolved for SENSEX: exchange=BSE token=99919000
2026-03-13 22:59:51,287 - data.angel_live_price - INFO - [ANGEL] Generating TOTP
2026-03-13 22:59:51,342 - data.angel_live_price - ERROR - [ANGEL] Login failed: HTTPSConnectionPool(host='apiconnect.angelone.in', port=443): Max retries exceeded with url: /rest/auth/angelbroking/user/v1/loginByPassword (Caused by NameResolutionError("HTTPSConnection(host='apiconnect.angelone.in', port=443): Failed to resolve 'apiconnect.angelone.in' ([Errno 11001] getaddrinfo failed)"))
2026-03-13 22:59:51,344 - data.nse_live_price - WARNING - [NSE] Live price fetch error for SENSEX: HTTPSConnectionPool(host='www.nseindia.com', port=443): Max retries exceeded with url: /api/allIndices (Caused by NameResolutionError("HTTPSConnection(host='www.nseindia.com', port=443): Failed to resolve 'www.nseindia.com' ([Errno 11001] getaddrinfo failed)"))
2026-03-13 22:59:51,347 - data.live_price - INFO - Using cached price for SENSEX from candles: 76320.34375
2026-03-13 22:59:51,471 - api.api_server - INFO - LIVE SIGNAL SENSEX price=76320.34375 scalping={'symbol': 'SENSEX', 'index_price': 76320.34375, 'trade': 'BUY_PE', 'strike': '76300 PE', 'entry': 20.0, 'target': 28.0, 'stoploss': 16.0, 'confidence': 80.0, 'generated_at': datetime.datetime(2026, 3, 13, 17, 29, 51, 471881, tzinfo=datetime.timezone.utc)} hero_zero=[] inst={'description': 'Neutral', 'put_call_ratio': None} gamma={'gamma_walls': [], 'gamma_flip': None} expiry=None
2026-03-13 23:00:51,474 - api.api_server - INFO - Main loop tick...
2026-03-13 23:00:51,474 - api.api_server - INFO - Fetching option chain for NIFTY
2026-03-13 23:00:51,477 - data.nse_fetcher - WARNING - Error fetching NSE option chain NIFTY: HTTPSConnectionPool(host='www.nseindia.com', port=443): Max retries exceeded with url: /api/option-chain-indices?symbol=NIFTY (Caused by NameResolutionError("HTTPSConnection(host='www.nseindia.com', port=443): Failed to resolve 'www.nseindia.com' ([Errno 11001] getaddrinfo failed)"))
2026-03-13 23:00:57,544 - data.angel_instruments - INFO - [ANGEL] Token resolved for NIFTY: exchange=NSE token=26000
2026-03-13 23:00:57,544 - data.angel_live_price - INFO - [ANGEL] Generating TOTP
2026-03-13 23:00:57,622 - data.angel_live_price - ERROR - [ANGEL] Login failed: HTTPSConnectionPool(host='apiconnect.angelone.in', port=443): Max retries exceeded with url: /rest/auth/angelbroking/user/v1/loginByPassword (Caused by NameResolutionError("HTTPSConnection(host='apiconnect.angelone.in', port=443): Failed to resolve 'apiconnect.angelone.in' ([Errno 11001] getaddrinfo failed)"))
2026-03-13 23:00:57,628 - data.nse_live_price - WARNING - [NSE] Live price fetch error for NIFTY: HTTPSConnectionPool(host='www.nseindia.com', port=443): Max retries exceeded with url: /api/allIndices (Caused by NameResolutionError("HTTPSConnection(host='www.nseindia.com', port=443): Failed to resolve 'www.nseindia.com' ([Errno 11001] getaddrinfo failed)"))
2026-03-13 23:00:57,640 - data.live_price - INFO - Using cached price for NIFTY from candles: 23682.55078125
2026-03-13 23:00:57,948 - api.api_server - INFO - LIVE SIGNAL NIFTY price=23682.55078125 scalping={'symbol': 'NIFTY', 'index_price': 23682.55078125, 'trade': 'BUY_PE', 'strike': '23700 PE', 'entry': 20.0, 'target': 28.0, 'stoploss': 16.0, 'confidence': 75.0, 'generated_at': datetime.datetime(2026, 3, 13, 17, 30, 57, 928424, tzinfo=datetime.timezone.utc)} hero_zero=[] inst={'description': 'Neutral', 'put_call_ratio': None} gamma={'gamma_walls': [], 'gamma_flip': None} expiry=None
2026-03-13 23:00:57,948 - api.api_server - INFO - Fetching option chain for SENSEX
2026-03-13 23:00:57,955 - data.nse_fetcher - WARNING - Error fetching NSE option chain SENSEX: HTTPSConnectionPool(host='www.nseindia.com', port=443): Max retries exceeded with url: /api/option-chain-indices?symbol=SENSEX (Caused by NameResolutionError("HTTPSConnection(host='www.nseindia.com', port=443): Failed to resolve 'www.nseindia.com' ([Errno 11001] getaddrinfo failed)"))
2026-03-13 23:01:03,869 - data.angel_instruments - INFO - [ANGEL] Token resolved for SENSEX: exchange=BSE token=99919000
2026-03-13 23:01:03,869 - data.angel_live_price - INFO - [ANGEL] Generating TOTP
2026-03-13 23:01:03,953 - data.angel_live_price - ERROR - [ANGEL] Login failed: HTTPSConnectionPool(host='apiconnect.angelone.in', port=443): Max retries exceeded with url: /rest/auth/angelbroking/user/v1/loginByPassword (Caused by NameResolutionError("HTTPSConnection(host='apiconnect.angelone.in', port=443): Failed to resolve 'apiconnect.angelone.in' ([Errno 11001] getaddrinfo failed)"))
2026-03-13 23:01:03,956 - data.nse_live_price - WARNING - [NSE] Live price fetch error for SENSEX: HTTPSConnectionPool(host='www.nseindia.com', port=443): Max retries exceeded with url: /api/allIndices (Caused by NameResolutionError("HTTPSConnection(host='www.nseindia.com', port=443): Failed to resolve 'www.nseindia.com' ([Errno 11001] getaddrinfo failed)"))
2026-03-13 23:01:03,970 - data.live_price - INFO - Using cached price for SENSEX from candles: 76320.34375
2026-03-13 23:01:04,283 - api.api_server - INFO - LIVE SIGNAL SENSEX price=76320.34375 scalping={'symbol': 'SENSEX', 'index_price': 76320.34375, 'trade': 'BUY_PE', 'strike': '76300 PE', 'entry': 20.0, 'target': 28.0, 'stoploss': 16.0, 'confidence': 85.0, 'generated_at': datetime.datetime(2026, 3, 13, 17, 31, 4, 262641, tzinfo=datetime.timezone.utc)} hero_zero=[] inst={'description': 'Neutral', 'put_call_ratio': None} gamma={'gamma_walls': [], 'gamma_flip': None} expiry=None
2026-03-13 23:02:04,288 - api.api_server - INFO - Main loop tick...
2026-03-13 23:02:04,288 - api.api_server - INFO - Fetching option chain for NIFTY
2026-03-13 23:02:04,288 - data.nse_fetcher - WARNING - Error fetching NSE option chain NIFTY: HTTPSConnectionPool(host='www.nseindia.com', port=443): Max retries exceeded with url: /api/option-chain-indices?symbol=NIFTY (Caused by NameResolutionError("HTTPSConnection(host='www.nseindia.com', port=443): Failed to resolve 'www.nseindia.com' ([Errno 11001] getaddrinfo failed)"))
2026-03-13 23:02:11,606 - data.angel_instruments - INFO - [ANGEL] Token resolved for NIFTY: exchange=NSE token=26000
2026-03-13 23:02:11,606 - data.angel_live_price - INFO - [ANGEL] Generating TOTP
2026-03-13 23:02:11,675 - data.angel_live_price - ERROR - [ANGEL] Login failed: HTTPSConnectionPool(host='apiconnect.angelone.in', port=443): Max retries exceeded with url: /rest/auth/angelbroking/user/v1/loginByPassword (Caused by NameResolutionError("HTTPSConnection(host='apiconnect.angelone.in', port=443): Failed to resolve 'apiconnect.angelone.in' ([Errno 11001] getaddrinfo failed)"))
2026-03-13 23:02:11,675 - data.nse_live_price - WARNING - [NSE] Live price fetch error for NIFTY: HTTPSConnectionPool(host='www.nseindia.com', port=443): Max retries exceeded with url: /api/allIndices (Caused by NameResolutionError("HTTPSConnection(host='www.nseindia.com', port=443): Failed to resolve 'www.nseindia.com' ([Errno 11001] getaddrinfo failed)"))
2026-03-13 23:02:11,682 - data.live_price - INFO - Using cached price for NIFTY from candles: 23682.55078125
2026-03-13 23:02:11,784 - api.api_server - INFO - LIVE SIGNAL NIFTY price=23682.55078125 scalping={'symbol': 'NIFTY', 'index_price': 23682.55078125, 'trade': 'BUY_PE', 'strike': '23700 PE', 'entry': 20.0, 'target': 28.0, 'stoploss': 16.0, 'confidence': 75.0, 'generated_at': datetime.datetime(2026, 3, 13, 17, 32, 11, 769002, tzinfo=datetime.timezone.utc)} hero_zero=[] inst={'description': 'Neutral', 'put_call_ratio': None} gamma={'gamma_walls': [], 'gamma_flip': None} expiry=None
2026-03-13 23:02:11,784 - api.api_server - INFO - Fetching option chain for SENSEX
2026-03-13 23:02:11,784 - data.nse_fetcher - WARNING - Error fetching NSE option chain SENSEX: HTTPSConnectionPool(host='www.nseindia.com', port=443): Max retries exceeded with url: /api/option-chain-indices?symbol=SENSEX (Caused by NameResolutionError("HTTPSConnection(host='www.nseindia.com', port=443): Failed to resolve 'www.nseindia.com' ([Errno 11001] getaddrinfo failed)"))
2026-03-13 23:02:17,223 - data.angel_instruments - INFO - [ANGEL] Token resolved for SENSEX: exchange=BSE token=99919000
2026-03-13 23:02:17,223 - data.angel_live_price - INFO - [ANGEL] Generating TOTP
2026-03-13 23:02:17,318 - data.angel_live_price - ERROR - [ANGEL] Login failed: HTTPSConnectionPool(host='apiconnect.angelone.in', port=443): Max retries exceeded with url: /rest/auth/angelbroking/user/v1/loginByPassword (Caused by NameResolutionError("HTTPSConnection(host='apiconnect.angelone.in', port=443): Failed to resolve 'apiconnect.angelone.in' ([Errno 11001] getaddrinfo failed)"))
2026-03-13 23:02:17,318 - data.nse_live_price - WARNING - [NSE] Live price fetch error for SENSEX: HTTPSConnectionPool(host='www.nseindia.com', port=443): Max retries exceeded with url: /api/allIndices (Caused by NameResolutionError("HTTPSConnection(host='www.nseindia.com', port=443): Failed to resolve 'www.nseindia.com' ([Errno 11001] getaddrinfo failed)"))
2026-03-13 23:02:17,335 - data.live_price - INFO - Using cached price for SENSEX from candles: 76320.34375
2026-03-13 23:02:17,694 - api.api_server - INFO - LIVE SIGNAL SENSEX price=76320.34375 scalping={'symbol': 'SENSEX', 'index_price': 76320.34375, 'trade': 'BUY_PE', 'strike': '76300 PE', 'entry': 20.0, 'target': 28.0, 'stoploss': 16.0, 'confidence': 85.0, 'generated_at': datetime.datetime(2026, 3, 13, 17, 32, 17, 668194, tzinfo=datetime.timezone.utc)} hero_zero=[] inst={'description': 'Neutral', 'put_call_ratio': None} gamma={'gamma_walls': [], 'gamma_flip': None} expiry=None
2026-03-13 23:03:17,705 - api.api_server - INFO - Main loop tick...
2026-03-13 23:03:17,705 - api.api_server - INFO - Fetching option chain for NIFTY
2026-03-13 23:03:17,705 - data.nse_fetcher - WARNING - Error fetching NSE option chain NIFTY: HTTPSConnectionPool(host='www.nseindia.com', port=443): Max retries exceeded with url: /api/option-chain-indices?symbol=NIFTY (Caused by NameResolutionError("HTTPSConnection(host='www.nseindia.com', port=443): Failed to resolve 'www.nseindia.com' ([Errno 11001] getaddrinfo failed)"))
2026-03-13 23:03:24,066 - data.angel_instruments - INFO - [ANGEL] Token resolved for NIFTY: exchange=NSE token=26000
2026-03-13 23:03:24,066 - data.angel_live_price - INFO - [ANGEL] Generating TOTP
2026-03-13 23:03:24,141 - data.angel_live_price - ERROR - [ANGEL] Login failed: HTTPSConnectionPool(host='apiconnect.angelone.in', port=443): Max retries exceeded with url: /rest/auth/angelbroking/user/v1/loginByPassword (Caused by NameResolutionError("HTTPSConnection(host='apiconnect.angelone.in', port=443): Failed to resolve 'apiconnect.angelone.in' ([Errno 11001] getaddrinfo failed)"))
2026-03-13 23:03:24,151 - data.nse_live_price - WARNING - [NSE] Live price fetch error for NIFTY: HTTPSConnectionPool(host='www.nseindia.com', port=443): Max retries exceeded with url: /api/allIndices (Caused by NameResolutionError("HTTPSConnection(host='www.nseindia.com', port=443): Failed to resolve 'www.nseindia.com' ([Errno 11001] getaddrinfo failed)"))
2026-03-13 23:03:24,165 - data.live_price - INFO - Using cached price for NIFTY from candles: 23682.55078125
2026-03-13 23:03:24,482 - api.api_server - INFO - LIVE SIGNAL NIFTY price=23682.55078125 scalping={'symbol': 'NIFTY', 'index_price': 23682.55078125, 'trade': 'BUY_PE', 'strike': '23700 PE', 'entry': 20.0, 'target': 28.0, 'stoploss': 16.0, 'confidence': 80.0, 'generated_at': datetime.datetime(2026, 3, 13, 17, 33, 24, 441021, tzinfo=datetime.timezone.utc)} hero_zero=[] inst={'description': 'Neutral', 'put_call_ratio': None} gamma={'gamma_walls': [], 'gamma_flip': None} expiry=None
2026-03-13 23:03:24,484 - api.api_server - INFO - Fetching option chain for SENSEX
2026-03-13 23:03:24,488 - data.nse_fetcher - WARNING - Error fetching NSE option chain SENSEX: HTTPSConnectionPool(host='www.nseindia.com', port=443): Max retries exceeded with url: /api/option-chain-indices?symbol=SENSEX (Caused by NameResolutionError("HTTPSConnection(host='www.nseindia.com', port=443): Failed to resolve 'www.nseindia.com' ([Errno 11001] getaddrinfo failed)"))
2026-03-13 23:03:30,812 - data.angel_instruments - INFO - [ANGEL] Token resolved for SENSEX: exchange=BSE token=99919000
2026-03-13 23:03:30,812 - data.angel_live_price - INFO - [ANGEL] Generating TOTP
2026-03-13 23:03:30,891 - data.angel_live_price - ERROR - [ANGEL] Login failed: HTTPSConnectionPool(host='apiconnect.angelone.in', port=443): Max retries exceeded with url: /rest/auth/angelbroking/user/v1/loginByPassword (Caused by NameResolutionError("HTTPSConnection(host='apiconnect.angelone.in', port=443): Failed to resolve 'apiconnect.angelone.in' ([Errno 11001] getaddrinfo failed)"))
2026-03-13 23:03:30,901 - data.nse_live_price - WARNING - [NSE] Live price fetch error for SENSEX: HTTPSConnectionPool(host='www.nseindia.com', port=443): Max retries exceeded with url: /api/allIndices (Caused by NameResolutionError("HTTPSConnection(host='www.nseindia.com', port=443): Failed to resolve 'www.nseindia.com' ([Errno 11001] getaddrinfo failed)"))
2026-03-13 23:03:30,919 - data.live_price - INFO - Using cached price for SENSEX from candles: 76320.34375
2026-03-13 23:03:31,237 - api.api_server - INFO - LIVE SIGNAL SENSEX price=76320.34375 scalping={'symbol': 'SENSEX', 'index_price': 76320.34375, 'trade': 'BUY_PE', 'strike': '76300 PE', 'entry': 20.0, 'target': 28.0, 'stoploss': 16.0, 'confidence': 85.0, 'generated_at': datetime.datetime(2026, 3, 13, 17, 33, 31, 216984, tzinfo=datetime.timezone.utc)} hero_zero=[] inst={'description': 'Neutral', 'put_call_ratio': None} gamma={'gamma_walls': [], 'gamma_flip': None} expiry=None
2026-03-13 23:04:31,237 - api.api_server - INFO - Main loop tick...
2026-03-13 23:04:31,237 - api.api_server - INFO - Fetching option chain for NIFTY
2026-03-13 23:04:31,237 - data.nse_fetcher - WARNING - Error fetching NSE option chain NIFTY: HTTPSConnectionPool(host='www.nseindia.com', port=443): Max retries exceeded with url: /api/option-chain-indices?symbol=NIFTY (Caused by NameResolutionError("HTTPSConnection(host='www.nseindia.com', port=443): Failed to resolve 'www.nseindia.com' ([Errno 11001] getaddrinfo failed)"))
2026-03-13 23:04:37,461 - data.angel_instruments - INFO - [ANGEL] Token resolved for NIFTY: exchange=NSE token=26000
2026-03-13 23:04:37,461 - data.angel_live_price - INFO - [ANGEL] Generating TOTP
2026-03-13 23:04:37,518 - data.angel_live_price - ERROR - [ANGEL] Login failed: HTTPSConnectionPool(host='apiconnect.angelone.in', port=443): Max retries exceeded with url: /rest/auth/angelbroking/user/v1/loginByPassword (Caused by NameResolutionError("HTTPSConnection(host='apiconnect.angelone.in', port=443): Failed to resolve 'apiconnect.angelone.in' ([Errno 11001] getaddrinfo failed)"))
2026-03-13 23:04:37,524 - data.nse_live_price - WARNING - [NSE] Live price fetch error for NIFTY: HTTPSConnectionPool(host='www.nseindia.com', port=443): Max retries exceeded with url: /api/allIndices (Caused by NameResolutionError("HTTPSConnection(host='www.nseindia.com', port=443): Failed to resolve 'www.nseindia.com' ([Errno 11001] getaddrinfo failed)"))
2026-03-13 23:04:37,534 - data.live_price - INFO - Using cached price for NIFTY from candles: 23682.55078125
2026-03-13 23:04:37,848 - api.api_server - INFO - LIVE SIGNAL NIFTY price=23682.55078125 scalping={'symbol': 'NIFTY', 'index_price': 23682.55078125, 'trade': 'BUY_PE', 'strike': '23700 PE', 'entry': 20.0, 'target': 28.0, 'stoploss': 16.0, 'confidence': 75.0, 'generated_at': datetime.datetime(2026, 3, 13, 17, 34, 37, 817566, tzinfo=datetime.timezone.utc)} hero_zero=[] inst={'description': 'Neutral', 'put_call_ratio': None} gamma={'gamma_walls': [], 'gamma_flip': None} expiry=None
2026-03-13 23:04:37,848 - api.api_server - INFO - Fetching option chain for SENSEX
2026-03-13 23:04:37,848 - data.nse_fetcher - WARNING - Error fetching NSE option chain SENSEX: HTTPSConnectionPool(host='www.nseindia.com', port=443): Max retries exceeded with url: /api/option-chain-indices?symbol=SENSEX (Caused by NameResolutionError("HTTPSConnection(host='www.nseindia.com', port=443): Failed to resolve 'www.nseindia.com' ([Errno 11001] getaddrinfo failed)"))
2026-03-13 23:04:44,193 - data.angel_instruments - INFO - [ANGEL] Token resolved for SENSEX: exchange=BSE token=99919000
2026-03-13 23:04:44,193 - data.angel_live_price - INFO - [ANGEL] Generating TOTP
2026-03-13 23:04:44,256 - data.angel_live_price - ERROR - [ANGEL] Login failed: HTTPSConnectionPool(host='apiconnect.angelone.in', port=443): Max retries exceeded with url: /rest/auth/angelbroking/user/v1/loginByPassword (Caused by NameResolutionError("HTTPSConnection(host='apiconnect.angelone.in', port=443): Failed to resolve 'apiconnect.angelone.in' ([Errno 11001] getaddrinfo failed)"))
2026-03-13 23:04:44,262 - data.nse_live_price - WARNING - [NSE] Live price fetch error for SENSEX: HTTPSConnectionPool(host='www.nseindia.com', port=443): Max retries exceeded with url: /api/allIndices (Caused by NameResolutionError("HTTPSConnection(host='www.nseindia.com', port=443): Failed to resolve 'www.nseindia.com' ([Errno 11001] getaddrinfo failed)"))
2026-03-13 23:04:44,274 - data.live_price - INFO - Using cached price for SENSEX from candles: 76320.34375
2026-03-13 23:04:44,574 - api.api_server - INFO - LIVE SIGNAL SENSEX price=76320.34375 scalping={'symbol': 'SENSEX', 'index_price': 76320.34375, 'trade': 'BUY_PE', 'strike': '76300 PE', 'entry': 20.0, 'target': 28.0, 'stoploss': 16.0, 'confidence': 80.0, 'generated_at': datetime.datetime(2026, 3, 13, 17, 34, 44, 559120, tzinfo=datetime.timezone.utc)} hero_zero=[] inst={'description': 'Neutral', 'put_call_ratio': None} gamma={'gamma_walls': [], 'gamma_flip': None} expiry=None
2026-03-14 02:05:27,143 - api.api_server - INFO - Main loop tick...
2026-03-14 02:05:27,226 - api.api_server - INFO - Fetching option chain for NIFTY
2026-03-14 02:05:27,379 - data.nse_fetcher - WARNING - Error fetching NSE option chain NIFTY: HTTPSConnectionPool(host='www.nseindia.com', port=443): Max retries exceeded with url: /api/option-chain-indices?symbol=NIFTY (Caused by NameResolutionError("HTTPSConnection(host='www.nseindia.com', port=443): Failed to resolve 'www.nseindia.com' ([Errno 11001] getaddrinfo failed)"))
2026-03-14 13:00:50,457 - data.angel_instruments - INFO - [ANGEL] Token resolved for NIFTY: exchange=NSE token=26000
2026-03-14 13:00:50,457 - data.angel_live_price - INFO - [ANGEL] Generating TOTP
2026-03-14 13:00:50,488 - data.angel_live_price - ERROR - [ANGEL] Login failed: HTTPSConnectionPool(host='apiconnect.angelone.in', port=443): Max retries exceeded with url: /rest/auth/angelbroking/user/v1/loginByPassword (Caused by NameResolutionError("HTTPSConnection(host='apiconnect.angelone.in', port=443): Failed to resolve 'apiconnect.angelone.in' ([Errno 11001] getaddrinfo failed)"))
2026-03-14 13:00:50,488 - data.nse_live_price - WARNING - [NSE] Live price fetch error for NIFTY: HTTPSConnectionPool(host='www.nseindia.com', port=443): Max retries exceeded with url: /api/allIndices (Caused by NameResolutionError("HTTPSConnection(host='www.nseindia.com', port=443): Failed to resolve 'www.nseindia.com' ([Errno 11001] getaddrinfo failed)"))
2026-03-14 13:00:50,504 - data.live_price - INFO - Using cached price for NIFTY from candles: 23682.55078125
2026-03-14 13:00:50,676 - api.api_server - INFO - LIVE SIGNAL NIFTY price=23682.55078125 scalping={'symbol': 'NIFTY', 'index_price': 23682.55078125, 'trade': 'BUY_PE', 'strike': '23700 PE', 'entry': 20.0, 'target': 28.0, 'stoploss': 16.0, 'confidence': 75.0, 'generated_at': datetime.datetime(2026, 3, 14, 7, 30, 50, 661348, tzinfo=datetime.timezone.utc)} hero_zero=[] inst={'description': 'Neutral', 'put_call_ratio': None} gamma={'gamma_walls': [], 'gamma_flip': None} expiry=None
2026-03-14 13:00:50,676 - api.api_server - INFO - Fetching option chain for SENSEX
2026-03-14 13:00:50,676 - data.nse_fetcher - WARNING - Error fetching NSE option chain SENSEX: HTTPSConnectionPool(host='www.nseindia.com', port=443): Max retries exceeded with url: /api/option-chain-indices?symbol=SENSEX (Caused by NameResolutionError("HTTPSConnection(host='www.nseindia.com', port=443): Failed to resolve 'www.nseindia.com' ([Errno 11001] getaddrinfo failed)"))
2026-03-14 13:00:54,788 - data.angel_instruments - INFO - [ANGEL] Token resolved for SENSEX: exchange=BSE token=99919000
2026-03-14 13:00:54,788 - data.angel_live_price - INFO - [ANGEL] Generating TOTP
2026-03-14 13:00:54,820 - data.angel_live_price - ERROR - [ANGEL] Login failed: HTTPSConnectionPool(host='apiconnect.angelone.in', port=443): Max retries exceeded with url: /rest/auth/angelbroking/user/v1/loginByPassword (Caused by NameResolutionError("HTTPSConnection(host='apiconnect.angelone.in', port=443): Failed to resolve 'apiconnect.angelone.in' ([Errno 11001] getaddrinfo failed)"))
2026-03-14 13:00:54,820 - data.nse_live_price - WARNING - [NSE] Live price fetch error for SENSEX: HTTPSConnectionPool(host='www.nseindia.com', port=443): Max retries exceeded with url: /api/allIndices (Caused by NameResolutionError("HTTPSConnection(host='www.nseindia.com', port=443): Failed to resolve 'www.nseindia.com' ([Errno 11001] getaddrinfo failed)"))
2026-03-14 13:00:54,820 - data.live_price - INFO - Using cached price for SENSEX from candles: 76320.34375
2026-03-14 13:00:54,994 - api.api_server - INFO - LIVE SIGNAL SENSEX price=76320.34375 scalping={'symbol': 'SENSEX', 'index_price': 76320.34375, 'trade': 'BUY_PE', 'strike': '76300 PE', 'entry': 20.0, 'target': 28.0, 'stoploss': 16.0, 'confidence': 85.0, 'generated_at': datetime.datetime(2026, 3, 14, 7, 30, 54, 977641, tzinfo=datetime.timezone.utc)} hero_zero=[] inst={'description': 'Neutral', 'put_call_ratio': None} gamma={'gamma_walls': [], 'gamma_flip': None} expiry=None
2026-03-14 13:01:55,005 - api.api_server - INFO - Main loop tick...
2026-03-14 13:01:55,005 - api.api_server - INFO - Fetching option chain for NIFTY
2026-03-14 13:01:55,011 - data.nse_fetcher - WARNING - Error fetching NSE option chain NIFTY: HTTPSConnectionPool(host='www.nseindia.com', port=443): Max retries exceeded with url: /api/option-chain-indices?symbol=NIFTY (Caused by NameResolutionError("HTTPSConnection(host='www.nseindia.com', port=443): Failed to resolve 'www.nseindia.com' ([Errno 11001] getaddrinfo failed)"))
2026-03-14 13:01:59,277 - data.angel_instruments - INFO - [ANGEL] Token resolved for NIFTY: exchange=NSE token=26000
2026-03-14 13:01:59,277 - data.angel_live_price - INFO - [ANGEL] Generating TOTP
2026-03-14 13:01:59,950 - data.angel_live_price - INFO - [ANGEL] Login successful
2026-03-14 13:02:00,189 - data.angel_live_price - INFO - [ANGEL] Live price NIFTY = 23151.1
2026-03-14 13:02:00,335 - api.api_server - INFO - LIVE SIGNAL NIFTY price=23151.1 scalping={'symbol': 'NIFTY', 'index_price': 23151.1, 'trade': 'BUY_PE', 'strike': '23150 PE', 'entry': 20.0, 'target': 28.0, 'stoploss': 16.0, 'confidence': 80.0, 'generated_at': datetime.datetime(2026, 3, 14, 7, 32, 0, 330536, tzinfo=datetime.timezone.utc)} hero_zero=[] inst={'description': 'Neutral', 'put_call_ratio': None} gamma={'gamma_walls': [], 'gamma_flip': None} expiry=None
2026-03-14 13:02:00,337 - api.api_server - INFO - Fetching option chain for SENSEX
2026-03-14 13:02:01,505 - data.nse_fetcher - WARNING - NSE option chain empty JSON for SENSEX
2026-03-14 13:02:04,527 - data.angel_instruments - INFO - [ANGEL] Token resolved for SENSEX: exchange=BSE token=99919000
2026-03-14 13:02:04,844 - data.angel_live_price - INFO - [ANGEL] Live price SENSEX = 74563.92
2026-03-14 13:02:05,005 - api.api_server - INFO - LIVE SIGNAL SENSEX price=74563.92 scalping={'symbol': 'SENSEX', 'index_price': 74563.92, 'trade': 'BUY_PE', 'strike': '74550 PE', 'entry': 20.0, 'target': 28.0, 'stoploss': 16.0, 'confidence': 85.0, 'generated_at': datetime.datetime(2026, 3, 14, 7, 32, 4, 999339, tzinfo=datetime.timezone.utc)} hero_zero=[] inst={'description': 'Neutral', 'put_call_ratio': None} gamma={'gamma_walls': [], 'gamma_flip': None} expiry=None
2026-03-14 13:03:05,005 - api.api_server - INFO - Main loop tick...
2026-03-14 13:03:05,005 - api.api_server - INFO - Fetching option chain for NIFTY
2026-03-14 13:03:05,124 - data.nse_fetcher - WARNING - NSE option chain empty JSON for NIFTY
2026-03-14 13:03:07,536 - data.angel_instruments - INFO - [ANGEL] Token resolved for NIFTY: exchange=NSE token=26000
2026-03-14 13:03:07,874 - data.angel_live_price - INFO - [ANGEL] Live price NIFTY = 23151.1
2026-03-14 13:03:08,017 - api.api_server - INFO - LIVE SIGNAL NIFTY price=23151.1 scalping={'symbol': 'NIFTY', 'index_price': 23151.1, 'trade': 'BUY_PE', 'strike': '23150 PE', 'entry': 20.0, 'target': 28.0, 'stoploss': 16.0, 'confidence': 75.0, 'generated_at': datetime.datetime(2026, 3, 14, 7, 33, 7, 978089, tzinfo=datetime.timezone.utc)} hero_zero=[] inst={'description': 'Neutral', 'put_call_ratio': None} gamma={'gamma_walls': [], 'gamma_flip': None} expiry=None
2026-03-14 13:03:08,017 - api.api_server - INFO - Fetching option chain for SENSEX
2026-03-14 13:03:08,324 - data.nse_fetcher - WARNING - NSE option chain empty JSON for SENSEX
2026-03-14 13:03:10,557 - data.angel_instruments - INFO - [ANGEL] Token resolved for SENSEX: exchange=BSE token=99919000
2026-03-14 13:03:10,974 - data.angel_live_price - INFO - [ANGEL] Live price SENSEX = 74563.92
2026-03-14 13:03:11,087 - api.api_server - INFO - LIVE SIGNAL SENSEX price=74563.92 scalping={'symbol': 'SENSEX', 'index_price': 74563.92, 'trade': 'BUY_PE', 'strike': '74550 PE', 'entry': 20.0, 'target': 28.0, 'stoploss': 16.0, 'confidence': 80.0, 'generated_at': datetime.datetime(2026, 3, 14, 7, 33, 11, 75689, tzinfo=datetime.timezone.utc)} hero_zero=[] inst={'description': 'Neutral', 'put_call_ratio': None} gamma={'gamma_walls': [], 'gamma_flip': None} expiry=None
2026-03-14 13:04:11,089 - api.api_server - INFO - Main loop tick...
2026-03-14 13:04:11,089 - api.api_server - INFO - Fetching option chain for NIFTY
2026-03-14 13:04:11,376 - data.nse_fetcher - WARNING - NSE option chain empty JSON for NIFTY
2026-03-14 13:04:13,815 - data.angel_instruments - INFO - [ANGEL] Token resolved for NIFTY: exchange=NSE token=26000
2026-03-14 13:04:14,123 - data.angel_live_price - INFO - [ANGEL] Live price NIFTY = 23151.1
2026-03-14 13:04:14,241 - api.api_server - INFO - LIVE SIGNAL NIFTY price=23151.1 scalping={'symbol': 'NIFTY', 'index_price': 23151.1, 'trade': 'BUY_PE', 'strike': '23150 PE', 'entry': 20.0, 'target': 28.0, 'stoploss': 16.0, 'confidence': 75.0, 'generated_at': datetime.datetime(2026, 3, 14, 7, 34, 14, 222957, tzinfo=datetime.timezone.utc)} hero_zero=[] inst={'description': 'Neutral', 'put_call_ratio': None} gamma={'gamma_walls': [], 'gamma_flip': None} expiry=None
2026-03-14 13:04:14,241 - api.api_server - INFO - Fetching option chain for SENSEX
2026-03-14 13:04:14,756 - data.nse_fetcher - WARNING - NSE option chain empty JSON for SENSEX
2026-03-14 13:04:17,022 - data.angel_instruments - INFO - [ANGEL] Token resolved for SENSEX: exchange=BSE token=99919000
2026-03-14 13:04:17,289 - data.angel_live_price - INFO - [ANGEL] Live price SENSEX = 74563.92
2026-03-14 13:04:17,389 - api.api_server - INFO - LIVE SIGNAL SENSEX price=74563.92 scalping={'symbol': 'SENSEX', 'index_price': 74563.92, 'trade': 'BUY_PE', 'strike': '74550 PE', 'entry': 20.0, 'target': 28.0, 'stoploss': 16.0, 'confidence': 85.0, 'generated_at': datetime.datetime(2026, 3, 14, 7, 34, 17, 389562, tzinfo=datetime.timezone.utc)} hero_zero=[] inst={'description': 'Neutral', 'put_call_ratio': None} gamma={'gamma_walls': [], 'gamma_flip': None} expiry=None
2026-03-14 13:05:17,407 - api.api_server - INFO - Main loop tick...
2026-03-14 13:05:17,407 - api.api_server - INFO - Fetching option chain for NIFTY
2026-03-14 13:05:17,673 - data.nse_fetcher - WARNING - NSE option chain empty JSON for NIFTY
2026-03-14 13:05:28,839 - data.angel_instruments - INFO - [ANGEL] Token resolved for NIFTY: exchange=NSE token=26000
2026-03-14 13:05:29,190 - data.angel_live_price - INFO - [ANGEL] Live price NIFTY = 23151.1
2026-03-14 13:05:29,589 - api.api_server - INFO - LIVE SIGNAL NIFTY price=23151.1 scalping={'symbol': 'NIFTY', 'index_price': 23151.1, 'trade': 'BUY_PE', 'strike': '23150 PE', 'entry': 20.0, 'target': 28.0, 'stoploss': 16.0, 'confidence': 75.0, 'generated_at': datetime.datetime(2026, 3, 14, 7, 35, 29, 572731, tzinfo=datetime.timezone.utc)} hero_zero=[] inst={'description': 'Neutral', 'put_call_ratio': None} gamma={'gamma_walls': [], 'gamma_flip': None} expiry=None
2026-03-14 13:05:29,590 - api.api_server - INFO - Fetching option chain for SENSEX
2026-03-14 13:05:29,923 - data.nse_fetcher - WARNING - NSE option chain empty JSON for SENSEX
2026-03-14 13:05:37,723 - data.angel_instruments - INFO - [ANGEL] Token resolved for SENSEX: exchange=BSE token=99919000
2026-03-14 13:05:38,357 - data.angel_live_price - INFO - [ANGEL] Live price SENSEX = 74563.92
2026-03-14 13:05:38,815 - api.api_server - INFO - LIVE SIGNAL SENSEX price=74563.92 scalping={'symbol': 'SENSEX', 'index_price': 74563.92, 'trade': 'BUY_PE', 'strike': '74550 PE', 'entry': 20.0, 'target': 28.0, 'stoploss': 16.0, 'confidence': 80.0, 'generated_at': datetime.datetime(2026, 3, 14, 7, 35, 38, 789562, tzinfo=datetime.timezone.utc)} hero_zero=[] inst={'description': 'Neutral', 'put_call_ratio': None} gamma={'gamma_walls': [], 'gamma_flip': None} expiry=None
2026-03-14 13:06:38,830 - api.api_server - INFO - Main loop tick...
2026-03-14 13:06:38,831 - api.api_server - INFO - Fetching option chain for NIFTY
2026-03-14 13:06:39,079 - data.nse_fetcher - WARNING - NSE option chain empty JSON for NIFTY
2026-03-14 13:06:45,665 - data.angel_instruments - INFO - [ANGEL] Token resolved for NIFTY: exchange=NSE token=26000
2026-03-14 13:06:45,943 - data.angel_live_price - INFO - [ANGEL] Live price NIFTY = 23151.1
2026-03-14 13:06:46,239 - api.api_server - INFO - LIVE SIGNAL NIFTY price=23151.1 scalping={'symbol': 'NIFTY', 'index_price': 23151.1, 'trade': 'BUY_PE', 'strike': '23150 PE', 'entry': 20.0, 'target': 28.0, 'stoploss': 16.0, 'confidence': 75.0, 'generated_at': datetime.datetime(2026, 3, 14, 7, 36, 46, 232523, tzinfo=datetime.timezone.utc)} hero_zero=[] inst={'description': 'Neutral', 'put_call_ratio': None} gamma={'gamma_walls': [], 'gamma_flip': None} expiry=None
2026-03-14 13:06:46,244 - api.api_server - INFO - Fetching option chain for SENSEX
2026-03-14 13:06:46,578 - data.nse_fetcher - WARNING - NSE option chain empty JSON for SENSEX
2026-03-14 13:06:53,141 - data.angel_instruments - INFO - [ANGEL] Token resolved for SENSEX: exchange=BSE token=99919000
2026-03-14 13:06:53,409 - data.angel_live_price - INFO - [ANGEL] Live price SENSEX = 74563.92
2026-03-14 13:06:53,656 - api.api_server - INFO - LIVE SIGNAL SENSEX price=74563.92 scalping={'symbol': 'SENSEX', 'index_price': 74563.92, 'trade': 'BUY_PE', 'strike': '74550 PE', 'entry': 20.0, 'target': 28.0, 'stoploss': 16.0, 'confidence': 80.0, 'generated_at': datetime.datetime(2026, 3, 14, 7, 36, 53, 646413, tzinfo=datetime.timezone.utc)} hero_zero=[] inst={'description': 'Neutral', 'put_call_ratio': None} gamma={'gamma_walls': [], 'gamma_flip': None} expiry=None
2026-03-14 13:07:53,679 - api.api_server - INFO - Main loop tick...
2026-03-14 13:07:53,680 - api.api_server - INFO - Fetching option chain for NIFTY
2026-03-14 13:07:53,820 - data.nse_fetcher - WARNING - NSE option chain empty JSON for NIFTY
2026-03-14 13:07:57,286 - data.angel_instruments - INFO - [ANGEL] Token resolved for NIFTY: exchange=NSE token=26000
2026-03-14 13:07:57,671 - data.angel_live_price - INFO - [ANGEL] Live price NIFTY = 23151.1
2026-03-14 13:07:57,836 - api.api_server - INFO - LIVE SIGNAL NIFTY price=23151.1 scalping={'symbol': 'NIFTY', 'index_price': 23151.1, 'trade': 'BUY_PE', 'strike': '23150 PE', 'entry': 20.0, 'target': 28.0, 'stoploss': 16.0, 'confidence': 75.0, 'generated_at': datetime.datetime(2026, 3, 14, 7, 37, 57, 824576, tzinfo=datetime.timezone.utc)} hero_zero=[] inst={'description': 'Neutral', 'put_call_ratio': None} gamma={'gamma_walls': [], 'gamma_flip': None} expiry=None
2026-03-14 13:07:57,836 - api.api_server - INFO - Fetching option chain for SENSEX
2026-03-14 13:07:58,286 - data.nse_fetcher - WARNING - NSE option chain empty JSON for SENSEX
2026-03-14 13:08:04,966 - data.angel_instruments - INFO - [ANGEL] Token resolved for SENSEX: exchange=BSE token=99919000
2026-03-14 13:08:05,326 - data.angel_live_price - INFO - [ANGEL] Live price SENSEX = 74563.92
2026-03-14 13:08:05,909 - api.api_server - INFO - LIVE SIGNAL SENSEX price=74563.92 scalping={'symbol': 'SENSEX', 'index_price': 74563.92, 'trade': 'BUY_PE', 'strike': '74550 PE', 'entry': 20.0, 'target': 28.0, 'stoploss': 16.0, 'confidence': 85.0, 'generated_at': datetime.datetime(2026, 3, 14, 7, 38, 5, 844207, tzinfo=datetime.timezone.utc)} hero_zero=[] inst={'description': 'Neutral', 'put_call_ratio': None} gamma={'gamma_walls': [], 'gamma_flip': None} expiry=None
2026-03-14 13:09:06,004 - api.api_server - INFO - Main loop tick...
2026-03-14 13:09:06,004 - api.api_server - INFO - Fetching option chain for NIFTY
2026-03-14 13:09:06,505 - data.nse_fetcher - WARNING - NSE option chain empty JSON for NIFTY
2026-03-14 13:09:11,369 - data.angel_instruments - INFO - [ANGEL] Token resolved for NIFTY: exchange=NSE token=26000
2026-03-14 13:09:11,650 - data.angel_live_price - INFO - [ANGEL] Live price NIFTY = 23151.1
2026-03-14 13:09:11,839 - api.api_server - INFO - LIVE SIGNAL NIFTY price=23151.1 scalping={'symbol': 'NIFTY', 'index_price': 23151.1, 'trade': 'BUY_PE', 'strike': '23150 PE', 'entry': 20.0, 'target': 28.0, 'stoploss': 16.0, 'confidence': 75.0, 'generated_at': datetime.datetime(2026, 3, 14, 7, 39, 11, 825760, tzinfo=datetime.timezone.utc)} hero_zero=[] inst={'description': 'Neutral', 'put_call_ratio': None} gamma={'gamma_walls': [], 'gamma_flip': None} expiry=None
2026-03-14 13:09:11,844 - api.api_server - INFO - Fetching option chain for SENSEX
2026-03-14 13:09:12,267 - data.nse_fetcher - WARNING - NSE option chain empty JSON for SENSEX
2026-03-14 13:09:20,699 - data.angel_instruments - INFO - [ANGEL] Token resolved for SENSEX: exchange=BSE token=99919000
2026-03-14 13:09:21,006 - data.angel_live_price - INFO - [ANGEL] Live price SENSEX = 74563.92
2026-03-14 13:09:21,224 - api.api_server - INFO - LIVE SIGNAL SENSEX price=74563.92 scalping={'symbol': 'SENSEX', 'index_price': 74563.92, 'trade': 'BUY_PE', 'strike': '74550 PE', 'entry': 20.0, 'target': 28.0, 'stoploss': 16.0, 'confidence': 85.0, 'generated_at': datetime.datetime(2026, 3, 14, 7, 39, 21, 207300, tzinfo=datetime.timezone.utc)} hero_zero=[] inst={'description': 'Neutral', 'put_call_ratio': None} gamma={'gamma_walls': [], 'gamma_flip': None} expiry=None
2026-03-14 13:10:21,219 - api.api_server - INFO - Main loop tick...
2026-03-14 13:10:21,220 - api.api_server - INFO - Fetching option chain for NIFTY
2026-03-14 13:10:22,284 - data.nse_fetcher - WARNING - NSE option chain empty JSON for NIFTY
2026-03-14 13:10:25,949 - data.angel_instruments - INFO - [ANGEL] Token resolved for NIFTY: exchange=NSE token=26000
2026-03-14 13:10:26,232 - data.angel_live_price - INFO - [ANGEL] Live price NIFTY = 23151.1
2026-03-14 13:10:26,368 - api.api_server - INFO - LIVE SIGNAL NIFTY price=23151.1 scalping={'symbol': 'NIFTY', 'index_price': 23151.1, 'trade': 'BUY_PE', 'strike': '23150 PE', 'entry': 20.0, 'target': 28.0, 'stoploss': 16.0, 'confidence': 75.0, 'generated_at': datetime.datetime(2026, 3, 14, 7, 40, 26, 359597, tzinfo=datetime.timezone.utc)} hero_zero=[] inst={'description': 'Neutral', 'put_call_ratio': None} gamma={'gamma_walls': [], 'gamma_flip': None} expiry=None
2026-03-14 13:10:26,368 - api.api_server - INFO - Fetching option chain for SENSEX
2026-03-14 13:10:27,132 - data.nse_fetcher - WARNING - NSE option chain empty JSON for SENSEX
2026-03-14 13:10:32,236 - data.angel_instruments - INFO - [ANGEL] Token resolved for SENSEX: exchange=BSE token=99919000
2026-03-14 13:10:32,534 - data.angel_live_price - INFO - [ANGEL] Live price SENSEX = 74563.92
2026-03-14 13:10:32,756 - api.api_server - INFO - LIVE SIGNAL SENSEX price=74563.92 scalping={'symbol': 'SENSEX', 'index_price': 74563.92, 'trade': 'BUY_PE', 'strike': '74550 PE', 'entry': 20.0, 'target': 28.0, 'stoploss': 16.0, 'confidence': 80.0, 'generated_at': datetime.datetime(2026, 3, 14, 7, 40, 32, 746132, tzinfo=datetime.timezone.utc)} hero_zero=[] inst={'description': 'Neutral', 'put_call_ratio': None} gamma={'gamma_walls': [], 'gamma_flip': None} expiry=None
2026-03-14 13:11:32,761 - api.api_server - INFO - Main loop tick...
2026-03-14 13:11:32,761 - api.api_server - INFO - Fetching option chain for NIFTY
2026-03-14 13:11:32,873 - data.nse_fetcher - WARNING - NSE option chain empty JSON for NIFTY
2026-03-14 13:11:36,168 - data.angel_instruments - INFO - [ANGEL] Token resolved for NIFTY: exchange=NSE token=26000
2026-03-14 13:11:36,449 - data.angel_live_price - INFO - [ANGEL] Live price NIFTY = 23151.1
2026-03-14 13:11:36,590 - api.api_server - INFO - LIVE SIGNAL NIFTY price=23151.1 scalping={'symbol': 'NIFTY', 'index_price': 23151.1, 'trade': 'BUY_PE', 'strike': '23150 PE', 'entry': 20.0, 'target': 28.0, 'stoploss': 16.0, 'confidence': 75.0, 'generated_at': datetime.datetime(2026, 3, 14, 7, 41, 36, 580818, tzinfo=datetime.timezone.utc)} hero_zero=[] inst={'description': 'Neutral', 'put_call_ratio': None} gamma={'gamma_walls': [], 'gamma_flip': None} expiry=None
2026-03-14 13:11:36,590 - api.api_server - INFO - Fetching option chain for SENSEX
2026-03-14 13:11:37,030 - data.nse_fetcher - WARNING - NSE option chain empty JSON for SENSEX
2026-03-14 13:11:41,232 - data.angel_instruments - INFO - [ANGEL] Token resolved for SENSEX: exchange=BSE token=99919000
2026-03-14 13:11:41,523 - data.angel_live_price - INFO - [ANGEL] Live price SENSEX = 74563.92
2026-03-14 13:11:41,797 - api.api_server - INFO - LIVE SIGNAL SENSEX price=74563.92 scalping={'symbol': 'SENSEX', 'index_price': 74563.92, 'trade': 'BUY_PE', 'strike': '74550 PE', 'entry': 20.0, 'target': 28.0, 'stoploss': 16.0, 'confidence': 80.0, 'generated_at': datetime.datetime(2026, 3, 14, 7, 41, 41, 783954, tzinfo=datetime.timezone.utc)} hero_zero=[] inst={'description': 'Neutral', 'put_call_ratio': None} gamma={'gamma_walls': [], 'gamma_flip': None} expiry=None
2026-03-14 13:12:41,815 - api.api_server - INFO - Main loop tick...
2026-03-14 13:12:41,815 - api.api_server - INFO - Fetching option chain for NIFTY
2026-03-14 13:12:41,926 - data.nse_fetcher - WARNING - NSE option chain empty JSON for NIFTY
2026-03-14 13:12:48,436 - data.angel_instruments - INFO - [ANGEL] Token resolved for NIFTY: exchange=NSE token=26000
2026-03-14 13:12:48,680 - data.angel_live_price - INFO - [ANGEL] Live price NIFTY = 23151.1
2026-03-14 13:12:48,911 - api.api_server - INFO - LIVE SIGNAL NIFTY price=23151.1 scalping={'symbol': 'NIFTY', 'index_price': 23151.1, 'trade': 'BUY_PE', 'strike': '23150 PE', 'entry': 20.0, 'target': 28.0, 'stoploss': 16.0, 'confidence': 75.0, 'generated_at': datetime.datetime(2026, 3, 14, 7, 42, 48, 881011, tzinfo=datetime.timezone.utc)} hero_zero=[] inst={'description': 'Neutral', 'put_call_ratio': None} gamma={'gamma_walls': [], 'gamma_flip': None} expiry=None
2026-03-14 13:12:48,911 - api.api_server - INFO - Fetching option chain for SENSEX
2026-03-14 13:12:49,358 - data.nse_fetcher - WARNING - NSE option chain empty JSON for SENSEX
2026-03-14 13:12:55,933 - data.angel_instruments - INFO - [ANGEL] Token resolved for SENSEX: exchange=BSE token=99919000
2026-03-14 13:12:56,190 - data.angel_live_price - INFO - [ANGEL] Live price SENSEX = 74563.92
2026-03-14 13:12:56,347 - api.api_server - INFO - LIVE SIGNAL SENSEX price=74563.92 scalping={'symbol': 'SENSEX', 'index_price': 74563.92, 'trade': 'BUY_PE', 'strike': '74550 PE', 'entry': 20.0, 'target': 28.0, 'stoploss': 16.0, 'confidence': 85.0, 'generated_at': datetime.datetime(2026, 3, 14, 7, 42, 56, 336162, tzinfo=datetime.timezone.utc)} hero_zero=[] inst={'description': 'Neutral', 'put_call_ratio': None} gamma={'gamma_walls': [], 'gamma_flip': None} expiry=None
2026-03-14 13:13:56,360 - api.api_server - INFO - Main loop tick...
2026-03-14 13:13:56,360 - api.api_server - INFO - Fetching option chain for NIFTY
2026-03-14 13:13:56,431 - data.nse_fetcher - WARNING - Error fetching NSE option chain NIFTY: ('Connection aborted.', RemoteDisconnected('Remote end closed connection without response'))
2026-03-14 13:13:59,946 - data.angel_instruments - INFO - [ANGEL] Token resolved for NIFTY: exchange=NSE token=26000
2026-03-14 13:14:00,278 - data.angel_live_price - INFO - [ANGEL] Live price NIFTY = 23151.1
2026-03-14 13:14:00,447 - api.api_server - INFO - LIVE SIGNAL NIFTY price=23151.1 scalping={'symbol': 'NIFTY', 'index_price': 23151.1, 'trade': 'BUY_PE', 'strike': '23150 PE', 'entry': 20.0, 'target': 28.0, 'stoploss': 16.0, 'confidence': 75.0, 'generated_at': datetime.datetime(2026, 3, 14, 7, 44, 0, 433840, tzinfo=datetime.timezone.utc)} hero_zero=[] inst={'description': 'Neutral', 'put_call_ratio': None} gamma={'gamma_walls': [], 'gamma_flip': None} expiry=None
2026-03-14 13:14:00,451 - api.api_server - INFO - Fetching option chain for SENSEX
2026-03-14 13:14:00,982 - data.nse_fetcher - WARNING - NSE option chain empty JSON for SENSEX
2026-03-14 13:14:05,068 - data.angel_instruments - INFO - [ANGEL] Token resolved for SENSEX: exchange=BSE token=99919000
2026-03-14 13:14:05,376 - data.angel_live_price - INFO - [ANGEL] Live price SENSEX = 74563.92
2026-03-14 13:14:05,494 - api.api_server - INFO - LIVE SIGNAL SENSEX price=74563.92 scalping={'symbol': 'SENSEX', 'index_price': 74563.92, 'trade': 'BUY_PE', 'strike': '74550 PE', 'entry': 20.0, 'target': 28.0, 'stoploss': 16.0, 'confidence': 80.0, 'generated_at': datetime.datetime(2026, 3, 14, 7, 44, 5, 489582, tzinfo=datetime.timezone.utc)} hero_zero=[] inst={'description': 'Neutral', 'put_call_ratio': None} gamma={'gamma_walls': [], 'gamma_flip': None} expiry=None
2026-03-14 13:15:05,521 - api.api_server - INFO - Main loop tick...
2026-03-14 13:15:05,521 - api.api_server - INFO - Fetching option chain for NIFTY
2026-03-14 13:15:06,220 - data.nse_fetcher - WARNING - NSE option chain empty JSON for NIFTY
2026-03-14 13:15:10,418 - data.angel_instruments - INFO - [ANGEL] Token resolved for NIFTY: exchange=NSE token=26000
2026-03-14 13:15:10,741 - data.angel_live_price - INFO - [ANGEL] Live price NIFTY = 23151.1
2026-03-14 13:15:11,187 - api.api_server - INFO - LIVE SIGNAL NIFTY price=23151.1 scalping={'symbol': 'NIFTY', 'index_price': 23151.1, 'trade': 'BUY_PE', 'strike': '23150 PE', 'entry': 20.0, 'target': 28.0, 'stoploss': 16.0, 'confidence': 75.0, 'generated_at': datetime.datetime(2026, 3, 14, 7, 45, 11, 173443, tzinfo=datetime.timezone.utc)} hero_zero=[] inst={'description': 'Neutral', 'put_call_ratio': None} gamma={'gamma_walls': [], 'gamma_flip': None} expiry=None
2026-03-14 13:15:11,187 - api.api_server - INFO - Fetching option chain for SENSEX
2026-03-14 13:15:11,626 - data.nse_fetcher - WARNING - NSE option chain empty JSON for SENSEX
2026-03-14 13:15:21,565 - data.angel_instruments - INFO - [ANGEL] Token resolved for SENSEX: exchange=BSE token=99919000
2026-03-14 13:15:21,891 - data.angel_live_price - INFO - [ANGEL] Live price SENSEX = 74563.92
2026-03-14 13:15:22,121 - api.api_server - INFO - LIVE SIGNAL SENSEX price=74563.92 scalping={'symbol': 'SENSEX', 'index_price': 74563.92, 'trade': 'BUY_PE', 'strike': '74550 PE', 'entry': 20.0, 'target': 28.0, 'stoploss': 16.0, 'confidence': 80.0, 'generated_at': datetime.datetime(2026, 3, 14, 7, 45, 22, 93194, tzinfo=datetime.timezone.utc)} hero_zero=[] inst={'description': 'Neutral', 'put_call_ratio': None} gamma={'gamma_walls': [], 'gamma_flip': None} expiry=None
