timestamp,open,high,low,close,volume
2025-11-06 09:15:00,22474.84,22476.13,22470.68,22473.73,2098
2025-11-06 09:20:00,22473.73,22476.89,22470.32,22471.86,1474
2025-11-06 09:25:00,22471.86,22477.12,22470.93,22476.2,4285
2025-11-06 09:30:00,22476.2,22479.65,22459.77,22460.89,652
2025-11-06 09:35:00,22460.89,22465.22,22458.07,22463.4,26862
2025-11-06 09:40:00,22463.4,22463.54,22458.75,22461.6,1317
2025-11-06 09:45:00,22461.6,22464.79,22460.85,22462.49,1210
2025-11-06 09:50:00,22462.49,22463.69,22456.45,22460.15,2921
2025-11-06 09:55:00,22460.15,22461.8,22449.25,22451.69,4077
2025-11-06 10:00:00,22451.69,22454.35,22435.62,22436.01,9024
2025-11-06 10:05:00,22436.01,22437.62,22435.41,22437.38,324
2025-11-06 10:10:00,22437.38,22438.31,22429.51,22431.63,4991
2025-11-06 10:15:00,22431.63,22432.27,22416.75,22417.52,1079
2025-11-06 10:20:00,22417.52,22424.48,22415.66,22422.41,846
2025-11-06 10:25:00,22422.41,22423.08,22417.99,22419.94,1452
2025-11-06 10:30:00,22419.94,22422.15,22416.06,22418.46,10084
2025-11-06 10:35:00,22418.46,22429.45,22416.45,22429.31,5127
2025-11-06 10:40:00,22429.31,22430.03,22421.07,22424.14,2824
2025-11-06 10:45:00,22424.14,22441.9,22422.5,22436.66,3396
2025-11-06 10:50:00,22436.66,22436.85,22430.29,22434.27,2144
2025-11-06 10:55:00,22434.27,22440.08,22433.23,22437.13,886
2025-11-06 11:00:00,22437.13,22438.96,22432.45,22433.11,1346
2025-11-06 11:05:00,22433.11,22437.41,22431.18,22437.22,1039
2025-11-06 11:10:00,22437.22,22438.0,22431.67,22434.6,4647
2025-11-06 11:15:00,22434.6,22436.7,22434.13,22436.69,356
2025-11-06 11:20:00,22436.69,22437.37,22431.72,22433.32,2340
2025-11-06 11:25:00,22433.32,22440.33,22432.97,22436.55,4386
2025-11-06 11:30:00,22436.55,22440.39,22435.9,22435.96,3262
2025-11-06 11:35:00,22435.96,22456.05,22435.35,22455.66,2829
2025-11-06 11:40:00,22455.66,22457.95,22444.81,22446.31,9764
2025-11-06 11:45:00,22446.31,22449.12,22436.24,22439.04,7188
2025-11-06 11:50:00,22439.04,22458.54,22437.91,22456.56,3461
2025-11-06 11:55:00,22456.56,22459.66,22452.4,22452.53,605
2025-11-06 12:00:00,22452.53,22458.16,22449.43,22456.32,920
2025-11-06 12:05:00,22456.32,22457.95,22451.29,22453.75,4193
2025-11-06 12:10:00,22453.75,22467.42,22453.38,22464.2,4402
2025-11-06 12:15:00,22464.2,22472.93,22461.56,22470.46,6521
2025-11-06 12:20:00,22470.46,22473.34,22469.77,22472.83,1074
2025-11-06 12:25:00,22472.83,22475.28,22471.41,22474.69,48955
2025-11-06 12:30:00,22474.69,22480.87,22473.38,22478.48,690
2025-11-06 12:35:00,22478.48,22487.1,22476.84,22484.78,12645
2025-11-06 12:40:00,22484.78,22489.73,22480.99,22488.08,2063
2025-11-06 12:45:00,22488.08,22489.86,22480.42,22482.05,2655
2025-11-06 12:50:00,22482.05,22485.33,22480.4,22484.78,3039
2025-11-06 12:55:00,22484.78,22496.94,22479.34,22496.41,7619
2025-11-06 13:00:00,22496.41,22498.55,22488.59,22489.55,2131
2025-11-06 13:05:00,22489.55,22496.21,22489.41,22495.26,836
2025-11-06 13:10:00,22495.26,22496.16,22481.43,22483.15,4109
2025-11-06 13:15:00,22483.15,22483.49,22472.41,22473.18,791
2025-11-06 13:20:00,22473.18,22474.53,22470.89,22474.41,5098
2025-11-06 13:25:00,22474.41,22481.06,22472.3,22478.9,377
2025-11-06 13:30:00,22478.9,22479.93,22470.37,22471.39,6454
2025-11-06 13:35:00,22471.39,22503.36,22469.12,22502.22,12469
2025-11-06 13:40:00,22502.22,22508.06,22500.7,22507.43,935
2025-11-06 13:45:00,22507.43,22508.4,22505.37,22505.53,95988
2025-11-06 13:50:00,22505.53,22506.9,22487.37,22490.59,1468
2025-11-06 13:55:00,22490.59,22499.43,22488.44,22499.31,1019
2025-11-06 14:00:00,22499.31,22506.2,22498.87,22504.74,3191
2025-11-06 14:05:00,22504.74,22509.03,22498.26,22499.53,142
2025-11-06 14:10:00,22499.53,22502.34,22497.82,22501.02,907
2025-11-06 14:15:00,22501.02,22502.03,22498.37,22500.1,492
2025-11-06 14:20:00,22500.1,22501.05,22496.12,22497.43,42115
2025-11-06 14:25:00,22497.43,22503.19,22495.59,22500.67,71914
2025-11-06 14:30:00,22500.67,22511.97,22499.7,22508.93,19937
2025-11-06 14:35:00,22508.93,22509.81,22501.72,22503.27,742
2025-11-06 14:40:00,22503.27,22509.75,22500.74,22502.79,2040
2025-11-06 14:45:00,22502.79,22506.05,22489.95,22492.81,1540
2025-11-06 14:50:00,22492.81,22496.74,22489.93,22493.85,17064
2025-11-06 14:55:00,22493.85,22495.9,22492.93,22493.93,4018
2025-11-06 15:00:00,22493.93,22494.07,22488.36,22489.13,3534
2025-11-06 15:05:00,22489.13,22497.6,22486.66,22494.43,73097
2025-11-06 15:10:00,22494.43,22494.73,22477.64,22478.81,4543
2025-11-06 15:15:00,22478.81,22479.23,22472.85,22473.83,1231
2025-11-06 15:20:00,22473.83,22481.34,22472.45,22480.63,11491
2025-11-06 15:25:00,22480.63,22484.71,22479.37,22483.09,859
2025-11-06 15:30:00,22483.09,22484.58,22477.38,22478.61,2888
2025-11-07 09:15:00,22455.87,22467.27,22454.77,22466.09,2201
2025-11-07 09:20:00,22466.09,22468.29,22462.7,22464.35,10099
2025-11-07 09:25:00,22464.35,22474.83,22462.98,22474.79,1871
2025-11-07 09:30:00,22474.79,22477.64,22474.6,22477.38,7278
2025-11-07 09:35:00,22477.38,22481.57,22468.83,22470.84,482
2025-11-07 09:40:00,22470.84,22481.69,22469.59,22480.1,7650
2025-11-07 09:45:00,22480.1,22481.9,22479.85,22480.0,1079
2025-11-07 09:50:00,22480.0,22488.1,22478.35,22487.81,1840
2025-11-07 09:55:00,22487.81,22492.24,22486.16,22491.11,4296
2025-11-07 10:00:00,22491.11,22494.08,22490.17,22493.07,4222
2025-11-07 10:05:00,22493.07,22495.88,22480.05,22481.48,2164
2025-11-07 10:10:00,22481.48,22486.92,22479.77,22483.97,2345
2025-11-07 10:15:00,22483.97,22485.98,22483.78,22483.82,1933
2025-11-07 10:20:00,22483.82,22488.06,22482.78,22486.4,29706
2025-11-07 10:25:00,22486.4,22487.2,22484.15,22485.53,1632
2025-11-07 10:30:00,22485.53,22487.35,22485.34,22487.32,934
2025-11-07 10:35:00,22487.32,22488.52,22484.42,22487.52,12567
2025-11-07 10:40:00,22487.52,22506.28,22485.77,22504.75,3924
2025-11-07 10:45:00,22504.75,22523.88,22503.07,22522.26,1213
2025-11-07 10:50:00,22522.26,22523.32,22503.75,22505.27,3735
2025-11-07 10:55:00,22505.27,22511.76,22503.37,22508.01,1254
2025-11-07 11:00:00,22508.01,22508.99,22498.18,22500.82,46499
2025-11-07 11:05:00,22500.82,22511.19,22497.39,22510.25,22715
2025-11-07 11:10:00,22510.25,22512.73,22506.15,22509.34,1213
2025-11-07 11:15:00,22509.34,22509.47,22508.44,22509.38,7587
2025-11-07 11:20:00,22509.38,22509.66,22500.6,22500.84,6448
2025-11-07 11:25:00,22500.84,22508.78,22497.77,22506.53,20262
2025-11-07 11:30:00,22506.53,22510.69,22503.43,22509.19,3545
2025-11-07 11:35:00,22509.19,22518.76,22505.07,22518.63,41481
2025-11-07 11:40:00,22518.63,22520.57,22515.34,22516.63,23224
2025-11-07 11:45:00,22516.63,22518.01,22506.8,22508.91,213
2025-11-07 11:50:00,22508.91,22512.99,22498.91,22499.45,8745
2025-11-07 11:55:00,22499.45,22511.61,22496.19,22511.47,376
2025-11-07 12:00:00,22511.47,22511.58,22497.07,22497.84,2838
2025-11-07 12:05:00,22497.84,22498.02,22478.69,22481.3,8139
2025-11-07 12:10:00,22481.3,22486.11,22480.27,22484.23,608
2025-11-07 12:15:00,22484.23,22486.14,22481.76,22483.73,6349
2025-11-07 12:20:00,22483.73,22485.32,22479.28,22479.49,630
2025-11-07 12:25:00,22479.49,22481.89,22471.13,22475.06,3142
2025-11-07 12:30:00,22475.06,22475.49,22469.24,22469.46,2139
2025-11-07 12:35:00,22469.46,22475.89,22468.4,22474.38,1256
2025-11-07 12:40:00,22474.38,22478.98,22469.15,22472.18,23162
2025-11-07 12:45:00,22472.18,22485.83,22471.02,22485.34,4754
2025-11-07 12:50:00,22485.34,22512.21,22485.08,22509.97,711
2025-11-07 12:55:00,22509.97,22510.37,22495.6,22497.11,353
2025-11-07 13:00:00,22497.11,22499.28,22488.57,22491.94,11186
2025-11-07 13:05:00,22491.94,22494.9,22491.72,22491.88,818
2025-11-07 13:10:00,22491.88,22505.14,22489.8,22504.06,2240
2025-11-07 13:15:00,22504.06,22506.83,22495.21,22497.06,52267
2025-11-07 13:20:00,22497.06,22498.18,22484.57,22485.87,1435
2025-11-07 13:25:00,22485.87,22487.6,22481.03,22481.13,857
2025-11-07 13:30:00,22481.13,22483.39,22480.65,22483.29,764
2025-11-07 13:35:00,22483.29,22484.81,22477.68,22478.68,687
2025-11-07 13:40:00,22478.68,22480.98,22475.34,22479.47,6734
2025-11-07 13:45:00,22479.47,22480.62,22472.65,22474.17,198
2025-11-07 13:50:00,22474.17,22474.27,22460.63,22461.15,767
2025-11-07 13:55:00,22461.15,22469.59,22461.02,22466.26,484
2025-11-07 14:00:00,22466.26,22466.36,22459.33,22461.05,1674
2025-11-07 14:05:00,22461.05,22470.25,22459.38,22469.1,547
2025-11-07 14:10:00,22469.1,22476.22,22464.15,22473.34,902
2025-11-07 14:15:00,22473.34,22478.36,22472.59,22477.95,1204
2025-11-07 14:20:00,22477.95,22478.96,22475.62,22478.65,4366
2025-11-07 14:25:00,22478.65,22482.17,22477.67,22481.35,1558
2025-11-07 14:30:00,22481.35,22485.34,22480.77,22484.5,67043
2025-11-07 14:35:00,22484.5,22492.12,22482.1,22491.47,1616
2025-11-07 14:40:00,22491.47,22493.49,22471.42,22475.17,1759
2025-11-07 14:45:00,22475.17,22478.67,22474.51,22475.31,2145
2025-11-07 14:50:00,22475.31,22486.37,22474.84,22481.95,9473
2025-11-07 14:55:00,22481.95,22484.24,22469.44,22470.12,1598
2025-11-07 15:00:00,22470.12,22479.72,22469.76,22475.18,4325
2025-11-07 15:05:00,22475.18,22476.88,22469.85,22471.51,825
2025-11-07 15:10:00,22471.51,22473.04,22470.55,22472.08,4917
2025-11-07 15:15:00,22472.08,22481.4,22471.54,22480.38,686
2025-11-07 15:20:00,22480.38,22481.13,22475.31,22476.83,747
2025-11-07 15:25:00,22476.83,22486.49,22476.0,22483.78,49771
2025-11-07 15:30:00,22483.78,22486.27,22474.03,22477.59,28115
2025-11-10 09:15:00,22482.72,22483.28,22480.02,22482.27,116847
2025-11-10 09:20:00,22482.27,22483.53,22480.82,22483.31,6133
2025-11-10 09:25:00,22483.31,22486.68,22482.36,22485.1,50163
2025-11-10 09:30:00,22485.1,22499.05,22484.08,22495.86,675
2025-11-10 09:35:00,22495.86,22495.97,22492.67,22494.86,235
2025-11-10 09:40:00,22494.86,22507.41,22494.0,22507.09,653
2025-11-10 09:45:00,22507.09,22508.74,22493.71,22493.85,430
2025-11-10 09:50:00,22493.85,22494.52,22480.15,22483.49,2019
2025-11-10 09:55:00,22483.49,22483.98,22470.92,22471.47,52
2025-11-10 10:00:00,22471.47,22471.93,22469.64,22471.03,47735
2025-11-10 10:05:00,22471.03,22480.58,22468.82,22480.05,141497
2025-11-10 10:10:00,22480.05,22480.55,22480.0,22480.52,4012
2025-11-10 10:15:00,22480.52,22481.67,22478.27,22479.36,2838
2025-11-10 10:20:00,22479.36,22480.79,22474.8,22475.02,2033
2025-11-10 10:25:00,22475.02,22492.35,22472.83,22487.05,19324
2025-11-10 10:30:00,22487.05,22487.73,22469.72,22470.46,360
2025-11-10 10:35:00,22470.46,22472.68,22460.73,22464.24,12130
2025-11-10 10:40:00,22464.24,22475.85,22461.98,22474.41,1357
2025-11-10 10:45:00,22474.41,22480.77,22472.99,22478.33,2078
2025-11-10 10:50:00,22478.33,22479.75,22474.44,22475.33,1734
2025-11-10 10:55:00,22475.33,22486.76,22474.1,22484.6,7256
2025-11-10 11:00:00,22484.6,22485.25,22479.62,22482.13,11920
2025-11-10 11:05:00,22482.13,22483.17,22478.55,22480.65,1036
2025-11-10 11:10:00,22480.65,22483.76,22468.17,22469.38,436
2025-11-10 11:15:00,22469.38,22487.58,22465.99,22483.42,4090
2025-11-10 11:20:00,22483.42,22484.51,22481.85,22482.64,2817
2025-11-10 11:25:00,22482.64,22491.7,22482.34,22491.47,1727
2025-11-10 11:30:00,22491.47,22492.09,22487.59,22491.01,394
2025-11-10 11:35:00,22491.01,22497.3,22490.65,22496.96,3064
2025-11-10 11:40:00,22496.96,22500.82,22495.4,22499.74,3998
2025-11-10 11:45:00,22499.74,22500.56,22488.51,22491.91,13956
2025-11-10 11:50:00,22491.91,22496.21,22489.95,22495.7,36250
2025-11-10 11:55:00,22495.7,22507.49,22493.14,22503.81,1167
2025-11-10 12:00:00,22503.81,22505.05,22502.36,22504.02,3944
2025-11-10 12:05:00,22504.02,22505.24,22495.16,22497.98,746
2025-11-10 12:10:00,22497.98,22499.93,22485.06,22487.16,717
2025-11-10 12:15:00,22487.16,22509.21,22486.79,22508.22,822
2025-11-10 12:20:00,22508.22,22514.98,22507.98,22513.82,138708
2025-11-10 12:25:00,22513.82,22516.12,22511.65,22513.06,2828
2025-11-10 12:30:00,22513.06,22528.48,22509.43,22527.22,8618
2025-11-10 12:35:00,22527.22,22528.49,22520.78,22522.72,7575
2025-11-10 12:40:00,22522.72,22524.18,22509.67,22510.16,2666
2025-11-10 12:45:00,22510.16,22515.48,22507.49,22515.13,5272
2025-11-10 12:50:00,22515.13,22521.13,22512.96,22520.01,10413
2025-11-10 12:55:00,22520.01,22523.82,22516.69,22523.68,5678
2025-11-10 13:00:00,22523.68,22525.89,22521.13,22525.35,588
2025-11-10 13:05:00,22525.35,22533.85,22523.98,22533.77,3110
2025-11-10 13:10:00,22533.77,22535.89,22532.74,22534.01,3443
2025-11-10 13:15:00,22534.01,22534.88,22529.69,22530.31,4159
2025-11-10 13:20:00,22530.31,22532.82,22524.69,22526.48,2252
2025-11-10 13:25:00,22526.48,22529.37,22522.57,22522.96,14013
2025-11-10 13:30:00,22522.96,22523.5,22509.3,22511.08,3372
2025-11-10 13:35:00,22511.08,22520.64,22508.26,22519.6,93746
2025-11-10 13:40:00,22519.6,22520.49,22513.79,22516.7,31868
2025-11-10 13:45:00,22516.7,22517.54,22511.95,22512.52,396
2025-11-10 13:50:00,22512.52,22514.52,22503.63,22505.17,2829
2025-11-10 13:55:00,22505.17,22510.14,22503.17,22507.04,13049
2025-11-10 14:00:00,22507.04,22507.14,22503.98,22505.33,553
2025-11-10 14:05:00,22505.33,22508.72,22504.34,22508.39,4599
2025-11-10 14:10:00,22508.39,22529.31,22507.33,22528.03,1170
2025-11-10 14:15:00,22528.03,22529.31,22521.21,22523.59,25103
2025-11-10 14:20:00,22523.59,22525.25,22518.08,22519.02,1302
2025-11-10 14:25:00,22519.02,22524.49,22515.99,22524.08,30371
2025-11-10 14:30:00,22524.08,22539.68,22523.31,22538.45,4576
2025-11-10 14:35:00,22538.45,22542.44,22534.43,22541.13,2286
2025-11-10 14:40:00,22541.13,22543.89,22533.28,22534.74,2836
2025-11-10 14:45:00,22534.74,22550.13,22534.29,22549.1,2908
2025-11-10 14:50:00,22549.1,22563.66,22548.04,22558.6,1430
2025-11-10 14:55:00,22558.6,22568.32,22554.91,22566.96,7157
2025-11-10 15:00:00,22566.96,22568.14,22561.87,22564.08,10205
2025-11-10 15:05:00,22564.08,22570.27,22561.74,22568.14,23700
2025-11-10 15:10:00,22568.14,22573.67,22567.85,22573.33,18210
2025-11-10 15:15:00,22573.33,22574.07,22566.01,22566.8,3112
2025-11-10 15:20:00,22566.8,22577.41,22566.7,22577.02,387
2025-11-10 15:25:00,22577.02,22584.28,22572.7,22582.99,1878
2025-11-10 15:30:00,22582.99,22585.25,22579.84,22584.75,2583
2025-11-11 09:15:00,22463.95,22469.19,22463.06,22468.81,3988
2025-11-11 09:20:00,22468.81,22479.46,22468.55,22477.4,1042
2025-11-11 09:25:00,22477.4,22490.01,22476.29,22486.96,5249
2025-11-11 09:30:00,22486.96,22499.62,22485.85,22499.49,50097
2025-11-11 09:35:00,22499.49,22503.89,22487.02,22487.9,1403
2025-11-11 09:40:00,22487.9,22489.32,22479.25,22479.73,1279
2025-11-11 09:45:00,22479.73,22481.48,22468.19,22469.49,2568
2025-11-11 09:50:00,22469.49,22486.4,22466.44,22484.26,1055
2025-11-11 09:55:00,22484.26,22484.75,22483.42,22483.9,5054
2025-11-11 10:00:00,22483.9,22486.79,22473.72,22473.89,15929
2025-11-11 10:05:00,22473.89,22477.54,22472.75,22476.63,5834
2025-11-11 10:10:00,22476.63,22484.43,22476.24,22481.77,8634
2025-11-11 10:15:00,22481.77,22484.65,22479.7,22481.05,44418
2025-11-11 10:20:00,22481.05,22483.91,22480.48,22480.73,1073
2025-11-11 10:25:00,22480.73,22488.76,22479.84,22487.46,175
2025-11-11 10:30:00,22487.46,22492.3,22480.67,22483.84,9326
2025-11-11 10:35:00,22483.84,22490.98,22481.9,22490.13,2775
2025-11-11 10:40:00,22490.13,22492.44,22487.09,22490.1,11114
2025-11-11 10:45:00,22490.1,22490.15,22487.91,22488.33,139
2025-11-11 10:50:00,22488.33,22489.69,22484.35,22486.35,1955
2025-11-11 10:55:00,22486.35,22502.01,22485.21,22500.73,7036
2025-11-11 11:00:00,22500.73,22513.78,22500.61,22511.93,1129
2025-11-11 11:05:00,22511.93,22518.3,22510.14,22517.51,7729
2025-11-11 11:10:00,22517.51,22526.98,22514.88,22525.91,4009
2025-11-11 11:15:00,22525.91,22543.89,22522.44,22542.51,4011
2025-11-11 11:20:00,22542.51,22543.48,22536.66,22537.3,5632
2025-11-11 11:25:00,22537.3,22542.63,22537.25,22541.48,74117
2025-11-11 11:30:00,22541.48,22556.18,22541.41,22555.3,3569
2025-11-11 11:35:00,22555.3,22562.26,22554.79,22560.21,243
2025-11-11 11:40:00,22560.21,22564.7,22559.25,22563.41,31602
2025-11-11 11:45:00,22563.41,22566.33,22553.15,22553.6,14337
2025-11-11 11:50:00,22553.6,22567.99,22551.44,22567.07,2813
2025-11-11 11:55:00,22567.07,22568.84,22564.39,22565.69,280
2025-11-11 12:00:00,22565.69,22580.26,22564.44,22577.5,5397
2025-11-11 12:05:00,22577.5,22581.98,22576.4,22581.45,1088
2025-11-11 12:10:00,22581.45,22583.8,22580.16,22581.25,1709
2025-11-11 12:15:00,22581.25,22593.12,22578.95,22587.42,219
2025-11-11 12:20:00,22587.42,22589.66,22581.93,22584.52,17004
2025-11-11 12:25:00,22584.52,22585.22,22580.69,22580.78,6097
2025-11-11 12:30:00,22580.78,22583.96,22578.79,22581.4,1421
2025-11-11 12:35:00,22581.4,22582.25,22565.94,22568.94,10671
2025-11-11 12:40:00,22568.94,22569.64,22565.51,22566.15,67179
2025-11-11 12:45:00,22566.15,22570.07,22564.09,22569.21,4264
2025-11-11 12:50:00,22569.21,22569.6,22566.99,22567.14,2819
2025-11-11 12:55:00,22567.14,22573.06,22565.67,22572.96,2641
2025-11-11 13:00:00,22572.96,22577.58,22571.13,22573.59,5012
2025-11-11 13:05:00,22573.59,22587.36,22569.41,22581.57,2417
2025-11-11 13:10:00,22581.57,22592.52,22580.35,22590.44,613
2025-11-11 13:15:00,22590.44,22594.27,22585.07,22585.45,4130
2025-11-11 13:20:00,22585.45,22593.4,22585.15,22592.41,5153
2025-11-11 13:25:00,22592.41,22611.75,22592.01,22611.64,14414
2025-11-11 13:30:00,22611.64,22622.85,22610.36,22620.48,536
2025-11-11 13:35:00,22620.48,22635.84,22619.87,22633.55,961
2025-11-11 13:40:00,22633.55,22634.2,22632.39,22633.03,5613
2025-11-11 13:45:00,22633.03,22646.85,22632.55,22645.94,12659
2025-11-11 13:50:00,22645.94,22657.91,22644.75,22655.46,8533
2025-11-11 13:55:00,22655.46,22658.21,22652.78,22653.08,3598
2025-11-11 14:00:00,22653.08,22653.11,22649.5,22651.69,343
2025-11-11 14:05:00,22651.69,22666.14,22649.71,22664.45,117
2025-11-11 14:10:00,22664.45,22667.1,22656.05,22659.34,13557
2025-11-11 14:15:00,22659.34,22663.84,22651.87,22653.83,1831
2025-11-11 14:20:00,22653.83,22658.42,22631.06,22633.84,252
2025-11-11 14:25:00,22633.84,22646.9,22631.07,22642.02,6945
2025-11-11 14:30:00,22642.02,22648.48,22640.5,22646.78,4545
2025-11-11 14:35:00,22646.78,22647.74,22645.27,22647.61,1956
2025-11-11 14:40:00,22647.61,22647.81,22632.09,22634.07,569
2025-11-11 14:45:00,22634.07,22638.29,22632.23,22635.51,282
2025-11-11 14:50:00,22635.51,22637.39,22625.62,22627.59,2128
2025-11-11 14:55:00,22627.59,22633.93,22627.38,22631.99,403
2025-11-11 15:00:00,22631.99,22632.63,22623.99,22627.18,5771
2025-11-11 15:05:00,22627.18,22628.28,22626.57,22627.02,23068
2025-11-11 15:10:00,22627.02,22628.88,22626.78,22628.02,6734
2025-11-11 15:15:00,22628.02,22628.5,22626.62,22628.41,1102
2025-11-11 15:20:00,22628.41,22631.91,22614.71,22617.19,1054
2025-11-11 15:25:00,22617.19,22618.98,22610.86,22611.45,19372
2025-11-11 15:30:00,22611.45,22612.0,22604.39,22606.06,74438
2025-11-12 09:15:00,22390.62,22394.37,22389.79,22393.1,2257
2025-11-12 09:20:00,22393.1,22393.19,22391.77,22392.06,12655
2025-11-12 09:25:00,22392.06,22410.86,22389.32,22409.74,2611
2025-11-12 09:30:00,22409.74,22431.99,22406.47,22430.38,36921
2025-11-12 09:35:00,22430.38,22431.52,22422.7,22425.95,1688
2025-11-12 09:40:00,22425.95,22427.12,22422.3,22424.32,1125
2025-11-12 09:45:00,22424.32,22424.39,22412.99,22414.53,4233
2025-11-12 09:50:00,22414.53,22415.19,22400.42,22402.09,149
2025-11-12 09:55:00,22402.09,22407.53,22399.67,22405.08,36638
2025-11-12 10:00:00,22405.08,22409.84,22404.97,22408.43,6887
2025-11-12 10:05:00,22408.43,22410.12,22406.59,22409.04,3843
2025-11-12 10:10:00,22409.04,22409.26,22395.92,22397.73,989
2025-11-12 10:15:00,22397.73,22409.8,22396.51,22407.62,579
2025-11-12 10:20:00,22407.62,22410.04,22404.8,22405.09,96663
2025-11-12 10:25:00,22405.09,22408.62,22404.47,22408.23,3642
2025-11-12 10:30:00,22408.23,22409.65,22405.1,22407.01,916
2025-11-12 10:35:00,22407.01,22410.69,22395.35,22396.36,569
2025-11-12 10:40:00,22396.36,22397.14,22374.15,22379.14,2953
2025-11-12 10:45:00,22379.14,22386.01,22378.94,22385.85,11832
2025-11-12 10:50:00,22385.85,22386.38,22382.88,22383.53,1094
2025-11-12 10:55:00,22383.53,22391.81,22382.01,22391.46,6665
2025-11-12 11:00:00,22391.46,22391.52,22384.26,22384.27,15196
2025-11-12 11:05:00,22384.27,22388.12,22382.64,22388.07,23988
2025-11-12 11:10:00,22388.07,22392.56,22385.45,22392.53,603
2025-11-12 11:15:00,22392.53,22393.75,22389.72,22390.09,3245
2025-11-12 11:20:00,22390.09,22394.47,22389.12,22394.33,3283
2025-11-12 11:25:00,22394.33,22396.21,22378.24,22378.53,485
2025-11-12 11:30:00,22378.53,22386.39,22376.09,22383.33,2164
2025-11-12 11:35:00,22383.33,22395.55,22382.65,22395.25,1187
2025-11-12 11:40:00,22395.25,22396.03,22392.49,22392.83,3792
2025-11-12 11:45:00,22392.83,22393.73,22390.45,22392.86,12386
2025-11-12 11:50:00,22392.86,22397.96,22379.11,22380.98,383
2025-11-12 11:55:00,22380.98,22383.32,22375.58,22379.18,6715
2025-11-12 12:00:00,22379.18,22386.41,22374.0,22385.25,1313
2025-11-12 12:05:00,22385.25,22391.34,22384.89,22388.39,2913
2025-11-12 12:10:00,22388.39,22393.26,22386.44,22393.02,17941
2025-11-12 12:15:00,22393.02,22393.08,22389.89,22391.75,1533
2025-11-12 12:20:00,22391.75,22392.1,22381.25,22384.67,380
2025-11-12 12:25:00,22384.67,22387.62,22371.35,22371.77,1092
2025-11-12 12:30:00,22371.77,22381.3,22368.11,22380.09,8241
2025-11-12 12:35:00,22380.09,22384.4,22374.97,22376.18,9073
2025-11-12 12:40:00,22376.18,22381.18,22373.06,22378.58,3127
2025-11-12 12:45:00,22378.58,22379.5,22371.19,22372.55,61088
2025-11-12 12:50:00,22372.55,22374.37,22372.18,22373.64,395
2025-11-12 12:55:00,22373.64,22376.04,22364.55,22365.87,619
2025-11-12 13:00:00,22365.87,22372.53,22364.43,22370.16,13280
2025-11-12 13:05:00,22370.16,22373.01,22361.1,22364.11,1837
2025-11-12 13:10:00,22364.11,22366.76,22360.99,22362.1,5906
2025-11-12 13:15:00,22362.1,22380.71,22360.24,22379.42,3247
2025-11-12 13:20:00,22379.42,22384.63,22378.4,22381.57,6683
2025-11-12 13:25:00,22381.57,22390.88,22379.89,22390.15,621
2025-11-12 13:30:00,22390.15,22394.26,22372.21,22374.42,2139
2025-11-12 13:35:00,22374.42,22375.03,22370.57,22372.2,10836
2025-11-12 13:40:00,22372.2,22372.54,22366.97,22367.54,2052
2025-11-12 13:45:00,22367.54,22381.38,22366.07,22380.4,8057
2025-11-12 13:50:00,22380.4,22390.15,22377.8,22389.79,5429
2025-11-12 13:55:00,22389.79,22390.84,22383.4,22384.57,19099
2025-11-12 14:00:00,22384.57,22385.36,22381.17,22384.75,4277
2025-11-12 14:05:00,22384.75,22406.69,22381.22,22405.56,9228
2025-11-12 14:10:00,22405.56,22411.19,22404.21,22408.61,2421
2025-11-12 14:15:00,22408.61,22409.03,22397.11,22398.81,1247
2025-11-12 14:20:00,22398.81,22406.86,22398.02,22403.52,495
2025-11-12 14:25:00,22403.52,22409.47,22402.3,22407.08,2438
2025-11-12 14:30:00,22407.08,22408.77,22405.78,22407.2,2486
2025-11-12 14:35:00,22407.2,22412.33,22406.32,22410.55,8809
2025-11-12 14:40:00,22410.55,22414.01,22406.77,22407.57,4175
2025-11-12 14:45:00,22407.57,22417.87,22404.05,22415.03,302
2025-11-12 14:50:00,22415.03,22426.24,22409.91,22425.13,1278
2025-11-12 14:55:00,22425.13,22429.69,22421.12,22426.61,65660
2025-11-12 15:00:00,22426.61,22438.32,22425.42,22436.27,9581
2025-11-12 15:05:00,22436.27,22437.91,22431.86,22431.87,2309
2025-11-12 15:10:00,22431.87,22433.26,22426.33,22428.24,3403
2025-11-12 15:15:00,22428.24,22442.34,22427.85,22440.06,1017
2025-11-12 15:20:00,22440.06,22440.23,22424.88,22425.13,28858
2025-11-12 15:25:00,22425.13,22432.22,22421.42,22430.17,18611
2025-11-12 15:30:00,22430.17,22435.28,22428.26,22434.83,1705
2025-11-13 09:15:00,22504.44,22522.6,22503.46,22519.51,555
2025-11-13 09:20:00,22519.51,22524.18,22518.87,22520.64,2388
2025-11-13 09:25:00,22520.64,22523.83,22515.89,22516.91,1340
2025-11-13 09:30:00,22516.91,22522.66,22507.5,22507.55,42547
2025-11-13 09:35:00,22507.55,22521.76,22506.35,22520.84,6021
2025-11-13 09:40:00,22520.84,22521.45,22511.32,22512.86,18777
2025-11-13 09:45:00,22512.86,22513.26,22510.3,22512.06,862
2025-11-13 09:50:00,22512.06,22512.79,22508.42,22510.24,893
2025-11-13 09:55:00,22510.24,22522.73,22510.2,22522.19,971
2025-11-13 10:00:00,22522.19,22523.95,22501.32,22502.79,1954
2025-11-13 10:05:00,22502.79,22504.36,22499.67,22503.33,1348
2025-11-13 10:10:00,22503.33,22512.19,22502.74,22509.68,389
2025-11-13 10:15:00,22509.68,22513.48,22506.45,22513.41,17104
2025-11-13 10:20:00,22513.41,22515.03,22507.13,22507.54,16696
2025-11-13 10:25:00,22507.54,22507.66,22498.55,22499.41,8430
2025-11-13 10:30:00,22499.41,22501.55,22497.75,22500.82,3392
2025-11-13 10:35:00,22500.82,22506.66,22491.37,22492.24,11566
2025-11-13 10:40:00,22492.24,22494.26,22472.1,22473.34,65267
2025-11-13 10:45:00,22473.34,22474.96,22472.97,22473.51,23442
2025-11-13 10:50:00,22473.51,22475.1,22467.37,22468.34,713
2025-11-13 10:55:00,22468.34,22472.57,22467.69,22469.32,2041
2025-11-13 11:00:00,22469.32,22472.45,22465.22,22466.99,2652
2025-11-13 11:05:00,22466.99,22473.37,22464.94,22465.54,965
2025-11-13 11:10:00,22465.54,22467.84,22461.9,22462.13,344
2025-11-13 11:15:00,22462.13,22470.82,22458.38,22469.48,15064
2025-11-13 11:20:00,22469.48,22472.05,22465.77,22465.91,10712
2025-11-13 11:25:00,22465.91,22471.48,22464.62,22469.78,13973
2025-11-13 11:30:00,22469.78,22470.59,22465.2,22467.11,5627
2025-11-13 11:35:00,22467.11,22485.74,22467.06,22483.61,24793
2025-11-13 11:40:00,22483.61,22484.51,22480.84,22482.97,5667
2025-11-13 11:45:00,22482.97,22484.94,22479.1,22481.47,144979
2025-11-13 11:50:00,22481.47,22486.76,22481.08,22486.11,1755
2025-11-13 11:55:00,22486.11,22489.41,22485.77,22488.82,21512
2025-11-13 12:00:00,22488.82,22491.1,22478.13,22480.76,2497
2025-11-13 12:05:00,22480.76,22481.98,22461.2,22463.79,2880
2025-11-13 12:10:00,22463.79,22464.8,22454.11,22455.8,6768
2025-11-13 12:15:00,22455.8,22456.53,22453.1,22453.88,747
2025-11-13 12:20:00,22453.88,22467.45,22451.45,22466.81,29201
2025-11-13 12:25:00,22466.81,22475.66,22466.0,22474.79,2874
2025-11-13 12:30:00,22474.79,22475.44,22465.21,22467.56,17703
2025-11-13 12:35:00,22467.56,22467.97,22463.28,22463.85,2021
2025-11-13 12:40:00,22463.85,22469.49,22462.1,22468.54,395
2025-11-13 12:45:00,22468.54,22473.43,22466.54,22469.55,1078
2025-11-13 12:50:00,22469.55,22474.02,22468.85,22473.66,6209
2025-11-13 12:55:00,22473.66,22480.96,22472.84,22478.74,2075
2025-11-13 13:00:00,22478.74,22487.92,22478.48,22484.12,691
2025-11-13 13:05:00,22484.12,22493.22,22479.78,22492.98,10626
2025-11-13 13:10:00,22492.98,22493.16,22488.03,22488.69,3966
2025-11-13 13:15:00,22488.69,22495.24,22487.67,22494.37,2019
2025-11-13 13:20:00,22494.37,22501.51,22492.5,22500.28,15198
2025-11-13 13:25:00,22500.28,22501.9,22495.26,22495.99,46970
2025-11-13 13:30:00,22495.99,22496.69,22494.17,22494.21,1891
2025-11-13 13:35:00,22494.21,22503.84,22492.1,22500.61,600
2025-11-13 13:40:00,22500.61,22511.63,22500.4,22508.21,2314
2025-11-13 13:45:00,22508.21,22511.09,22506.35,22508.77,4262
2025-11-13 13:50:00,22508.77,22517.57,22508.39,22516.57,13380
2025-11-13 13:55:00,22516.57,22517.93,22493.64,22494.94,191
2025-11-13 14:00:00,22494.94,22501.78,22494.67,22499.03,12447
2025-11-13 14:05:00,22499.03,22514.56,22495.75,22511.93,9074
2025-11-13 14:10:00,22511.93,22515.74,22511.44,22512.54,841
2025-11-13 14:15:00,22512.54,22530.25,22512.29,22529.9,6817
2025-11-13 14:20:00,22529.9,22533.64,22528.66,22530.25,3991
2025-11-13 14:25:00,22530.25,22532.89,22523.09,22524.31,2819
2025-11-13 14:30:00,22524.31,22525.7,22518.06,22520.88,2631
2025-11-13 14:35:00,22520.88,22522.4,22508.67,22508.84,334
2025-11-13 14:40:00,22508.84,22510.34,22505.73,22506.37,22262
2025-11-13 14:45:00,22506.37,22506.6,22491.04,22491.36,8160
2025-11-13 14:50:00,22491.36,22494.57,22490.73,22493.07,903
2025-11-13 14:55:00,22493.07,22501.72,22489.27,22501.68,2721
2025-11-13 15:00:00,22501.68,22504.71,22492.4,22496.01,276
2025-11-13 15:05:00,22496.01,22499.17,22492.85,22498.15,11413
2025-11-13 15:10:00,22498.15,22498.44,22491.06,22494.28,11444
2025-11-13 15:15:00,22494.28,22496.07,22487.83,22492.14,1013
2025-11-13 15:20:00,22492.14,22494.11,22490.18,22490.45,3345
2025-11-13 15:25:00,22490.45,22491.75,22488.31,22488.65,5784
2025-11-13 15:30:00,22488.65,22491.47,22479.73,22479.92,3066
2025-11-14 09:15:00,22485.41,22489.18,22484.84,22487.28,1189
2025-11-14 09:20:00,22487.28,22492.46,22487.06,22490.17,2836
2025-11-14 09:25:00,22490.17,22490.43,22484.74,22488.5,1308
2025-11-14 09:30:00,22488.5,22489.57,22486.45,22489.25,19901
2025-11-14 09:35:00,22489.25,22491.19,22481.46,22482.32,1130
2025-11-14 09:40:00,22482.32,22498.91,22480.48,22496.52,13371
2025-11-14 09:45:00,22496.52,22499.3,22490.65,22491.15,4596
2025-11-14 09:50:00,22491.15,22493.51,22489.53,22493.24,9800
2025-11-14 09:55:00,22493.24,22495.85,22475.92,22479.25,14028
2025-11-14 10:00:00,22479.25,22490.44,22478.43,22488.26,567
2025-11-14 10:05:00,22488.26,22488.88,22484.98,22486.54,21278
2025-11-14 10:10:00,22486.54,22498.83,22486.12,22497.71,238
2025-11-14 10:15:00,22497.71,22499.64,22488.03,22491.26,468
2025-11-14 10:20:00,22491.26,22491.31,22485.96,22486.52,885
2025-11-14 10:25:00,22486.52,22490.86,22486.49,22489.91,6764
2025-11-14 10:30:00,22489.91,22490.84,22489.7,22489.97,2610
2025-11-14 10:35:00,22489.97,22490.48,22483.81,22487.01,6914
2025-11-14 10:40:00,22487.01,22488.4,22483.97,22484.64,17321
2025-11-14 10:45:00,22484.64,22487.81,22483.75,22487.6,282
2025-11-14 10:50:00,22487.6,22489.99,22478.3,22478.58,40085
2025-11-14 10:55:00,22478.58,22497.71,22477.58,22496.44,200
2025-11-14 11:00:00,22496.44,22498.01,22490.85,22492.09,2316
2025-11-14 11:05:00,22492.09,22496.05,22486.82,22488.32,596
2025-11-14 11:10:00,22488.32,22494.38,22486.48,22490.23,66
2025-11-14 11:15:00,22490.23,22492.43,22484.03,22487.94,471
2025-11-14 11:20:00,22487.94,22492.85,22487.73,22491.92,157395
2025-11-14 11:25:00,22491.92,22492.42,22478.96,22479.89,15194
2025-11-14 11:30:00,22479.89,22481.29,22479.11,22480.68,4463
2025-11-14 11:35:00,22480.68,22481.92,22477.19,22477.93,5248
2025-11-14 11:40:00,22477.93,22480.18,22477.59,22477.7,208
2025-11-14 11:45:00,22477.7,22489.6,22476.39,22487.79,1219
2025-11-14 11:50:00,22487.79,22503.06,22481.52,22498.79,14531
2025-11-14 11:55:00,22498.79,22500.68,22498.22,22500.57,6513
2025-11-14 12:00:00,22500.57,22506.85,22500.39,22505.74,2217
2025-11-14 12:05:00,22505.74,22506.13,22502.26,22504.53,7261
2025-11-14 12:10:00,22504.53,22505.84,22480.61,22481.0,2898
2025-11-14 12:15:00,22481.0,22483.25,22476.0,22477.89,935
2025-11-14 12:20:00,22477.89,22483.09,22475.13,22481.15,1164
2025-11-14 12:25:00,22481.15,22489.96,22480.12,22488.05,8845
2025-11-14 12:30:00,22488.05,22493.46,22487.19,22492.18,9903
2025-11-14 12:35:00,22492.18,22500.59,22490.76,22498.21,5050
2025-11-14 12:40:00,22498.21,22506.83,22496.45,22506.77,2334
2025-11-14 12:45:00,22506.77,22508.12,22500.53,22500.82,908
2025-11-14 12:50:00,22500.82,22504.6,22497.93,22498.35,2986
2025-11-14 12:55:00,22498.35,22499.67,22489.94,22491.82,267
2025-11-14 13:00:00,22491.82,22493.35,22483.83,22485.71,10344
2025-11-14 13:05:00,22485.71,22486.24,22480.15,22484.16,7732
2025-11-14 13:10:00,22484.16,22484.28,22473.69,22474.25,22948
2025-11-14 13:15:00,22474.25,22480.29,22463.41,22463.78,44389
2025-11-14 13:20:00,22463.78,22474.11,22462.79,22473.69,10003
2025-11-14 13:25:00,22473.69,22474.64,22464.89,22465.9,14622
2025-11-14 13:30:00,22465.9,22488.76,22464.88,22487.98,2868
2025-11-14 13:35:00,22487.98,22489.37,22473.01,22473.83,1358
2025-11-14 13:40:00,22473.83,22476.69,22471.58,22475.04,2981
2025-11-14 13:45:00,22475.04,22475.7,22474.66,22474.97,10276
2025-11-14 13:50:00,22474.97,22476.29,22467.43,22468.03,395
2025-11-14 13:55:00,22468.03,22468.99,22459.73,22461.48,4419
2025-11-14 14:00:00,22461.48,22464.73,22461.2,22463.03,5354
2025-11-14 14:05:00,22463.03,22463.56,22461.04,22462.2,76
2025-11-14 14:10:00,22462.2,22465.05,22459.28,22461.13,12683
2025-11-14 14:15:00,22461.13,22471.19,22460.73,22471.02,1180
2025-11-14 14:20:00,22471.02,22472.25,22466.08,22468.49,2418
2025-11-14 14:25:00,22468.49,22468.49,22463.68,22464.89,341
2025-11-14 14:30:00,22464.89,22465.99,22444.08,22446.52,1391
2025-11-14 14:35:00,22446.52,22447.42,22442.43,22445.34,4866
2025-11-14 14:40:00,22445.34,22448.98,22443.06,22447.74,14166
2025-11-14 14:45:00,22447.74,22449.08,22444.99,22447.13,289
2025-11-14 14:50:00,22447.13,22454.43,22445.33,22453.68,808
2025-11-14 14:55:00,22453.68,22465.06,22450.39,22462.68,772
2025-11-14 15:00:00,22462.68,22468.44,22461.47,22467.79,1317
2025-11-14 15:05:00,22467.79,22467.87,22464.48,22466.48,9056
2025-11-14 15:10:00,22466.48,22466.94,22460.39,22462.38,63
2025-11-14 15:15:00,22462.38,22467.2,22459.28,22460.85,2896
2025-11-14 15:20:00,22460.85,22460.9,22457.65,22458.75,507
2025-11-14 15:25:00,22458.75,22469.09,22457.31,22467.66,5754
2025-11-14 15:30:00,22467.66,22469.16,22466.48,22467.82,1752
2025-11-17 09:15:00,22421.32,22425.23,22418.84,22422.13,329
2025-11-17 09:20:00,22422.13,22423.55,22421.79,22423.45,4298
2025-11-17 09:25:00,22423.45,22426.43,22418.47,22421.67,860
2025-11-17 09:30:00,22421.67,22424.95,22420.49,22420.84,36033
2025-11-17 09:35:00,22420.84,22421.47,22418.32,22421.01,1182
2025-11-17 09:40:00,22421.01,22421.64,22415.44,22418.01,6881
2025-11-17 09:45:00,22418.01,22418.5,22408.12,22409.12,16485
2025-11-17 09:50:00,22409.12,22423.79,22407.49,22421.76,451
2025-11-17 09:55:00,22421.76,22422.69,22417.91,22419.89,2659
2025-11-17 10:00:00,22419.89,22420.19,22415.66,22417.33,68480
2025-11-17 10:05:00,22417.33,22417.7,22400.42,22404.47,3011
2025-11-17 10:10:00,22404.47,22405.18,22402.59,22402.95,23371
2025-11-17 10:15:00,22402.95,22406.01,22382.4,22385.25,1998
2025-11-17 10:20:00,22385.25,22386.43,22378.62,22381.82,5962
2025-11-17 10:25:00,22381.82,22400.74,22381.44,22398.01,1104
2025-11-17 10:30:00,22398.01,22401.46,22396.73,22401.42,6196
2025-11-17 10:35:00,22401.42,22416.24,22399.98,22415.85,428
2025-11-17 10:40:00,22415.85,22416.8,22405.23,22408.2,5081
2025-11-17 10:45:00,22408.2,22408.2,22403.2,22405.7,7381
2025-11-17 10:50:00,22405.7,22413.66,22404.76,22412.76,4441
2025-11-17 10:55:00,22412.76,22412.89,22405.06,22409.26,2057
2025-11-17 11:00:00,22409.26,22410.56,22404.91,22406.4,2271
2025-11-17 11:05:00,22406.4,22409.04,22398.36,22401.2,1211
2025-11-17 11:10:00,22401.2,22403.22,22384.9,22386.27,9758
2025-11-17 11:15:00,22386.27,22388.05,22368.09,22370.51,8920
2025-11-17 11:20:00,22370.51,22372.53,22369.69,22370.62,8345
2025-11-17 11:25:00,22370.62,22372.64,22366.67,22371.47,285
2025-11-17 11:30:00,22371.47,22384.62,22369.67,22384.41,405
2025-11-17 11:35:00,22384.41,22386.25,22382.64,22382.89,28759
2025-11-17 11:40:00,22382.89,22382.92,22368.78,22371.29,5143
2025-11-17 11:45:00,22371.29,22379.22,22366.08,22378.38,4017
2025-11-17 11:50:00,22378.38,22382.68,22375.91,22381.87,597
2025-11-17 11:55:00,22381.87,22389.7,22378.32,22387.32,4814
2025-11-17 12:00:00,22387.32,22387.48,22382.59,22383.28,1435
2025-11-17 12:05:00,22383.28,22383.35,22375.7,22377.88,584
2025-11-17 12:10:00,22377.88,22385.61,22376.54,22383.31,5966
2025-11-17 12:15:00,22383.31,22384.67,22367.12,22369.51,684
2025-11-17 12:20:00,22369.51,22370.43,22364.22,22365.79,2044
2025-11-17 12:25:00,22365.79,22368.63,22357.53,22361.01,12942
2025-11-17 12:30:00,22361.01,22363.31,22359.35,22361.69,6527
2025-11-17 12:35:00,22361.69,22367.84,22360.39,22365.04,312
2025-11-17 12:40:00,22365.04,22375.45,22364.27,22373.46,4338
2025-11-17 12:45:00,22373.46,22395.64,22372.24,22389.42,2264
2025-11-17 12:50:00,22389.42,22395.47,22388.78,22393.7,44038
2025-11-17 12:55:00,22393.7,22396.53,22392.36,22395.54,5610
2025-11-17 13:00:00,22395.54,22403.48,22394.42,22402.25,572
2025-11-17 13:05:00,22402.25,22407.32,22401.33,22405.76,36744
2025-11-17 13:10:00,22405.76,22407.1,22403.54,22405.72,1667
2025-11-17 13:15:00,22405.72,22412.98,22405.13,22411.28,2677
2025-11-17 13:20:00,22411.28,22412.0,22397.36,22399.14,7064
2025-11-17 13:25:00,22399.14,22403.25,22399.13,22403.15,1107
2025-11-17 13:30:00,22403.15,22409.58,22402.16,22408.74,1354
2025-11-17 13:35:00,22408.74,22410.93,22390.55,22391.51,817
2025-11-17 13:40:00,22391.51,22397.84,22389.39,22397.06,7521
2025-11-17 13:45:00,22397.06,22405.26,22394.63,22402.53,4411
2025-11-17 13:50:00,22402.53,22402.81,22396.02,22399.57,5502
2025-11-17 13:55:00,22399.57,22402.28,22388.29,22391.34,15820
2025-11-17 14:00:00,22391.34,22394.41,22385.23,22386.3,230
2025-11-17 14:05:00,22386.3,22388.78,22377.06,22377.37,1309
2025-11-17 14:10:00,22377.37,22379.66,22375.14,22378.65,26179
2025-11-17 14:15:00,22378.65,22381.3,22374.95,22375.77,4404
2025-11-17 14:20:00,22375.77,22377.69,22367.38,22368.06,2771
2025-11-17 14:25:00,22368.06,22369.84,22367.6,22368.33,745
2025-11-17 14:30:00,22368.33,22377.52,22364.63,22375.45,739
2025-11-17 14:35:00,22375.45,22376.75,22363.31,22363.48,338
2025-11-17 14:40:00,22363.48,22365.48,22355.69,22356.1,3307
2025-11-17 14:45:00,22356.1,22356.45,22349.23,22350.33,1983
2025-11-17 14:50:00,22350.33,22366.39,22347.73,22363.71,10348
2025-11-17 14:55:00,22363.71,22372.5,22362.08,22370.21,29938
2025-11-17 15:00:00,22370.21,22372.04,22359.19,22361.22,4479
2025-11-17 15:05:00,22361.22,22366.32,22360.44,22365.64,407
2025-11-17 15:10:00,22365.64,22376.35,22365.18,22374.02,2792
2025-11-17 15:15:00,22374.02,22375.04,22360.62,22361.77,2715
2025-11-17 15:20:00,22361.77,22371.43,22360.64,22370.76,645
2025-11-17 15:25:00,22370.76,22371.11,22370.12,22370.57,1712
2025-11-17 15:30:00,22370.57,22372.22,22368.65,22369.52,267
2025-11-18 09:15:00,22537.48,22551.12,22536.1,22548.53,1401
2025-11-18 09:20:00,22548.53,22551.23,22548.06,22550.64,919
2025-11-18 09:25:00,22550.64,22552.47,22543.45,22545.11,2695
2025-11-18 09:30:00,22545.11,22546.48,22536.41,22539.39,1248
2025-11-18 09:35:00,22539.39,22542.3,22538.44,22541.3,3340
2025-11-18 09:40:00,22541.3,22548.21,22538.83,22547.25,10978
2025-11-18 09:45:00,22547.25,22555.87,22547.17,22554.34,8308
2025-11-18 09:50:00,22554.34,22556.49,22547.94,22552.67,916
2025-11-18 09:55:00,22552.67,22553.28,22540.18,22541.62,2108
2025-11-18 10:00:00,22541.62,22555.92,22540.23,22553.25,1201
2025-11-18 10:05:00,22553.25,22570.99,22551.71,22567.0,1307
2025-11-18 10:10:00,22567.0,22574.65,22566.91,22573.88,3096
2025-11-18 10:15:00,22573.88,22573.91,22557.14,22558.52,1422
2025-11-18 10:20:00,22558.52,22572.58,22556.89,22570.07,1961
2025-11-18 10:25:00,22570.07,22571.65,22567.15,22567.83,7015
2025-11-18 10:30:00,22567.83,22576.24,22566.61,22575.58,585
2025-11-18 10:35:00,22575.58,22581.48,22566.48,22568.97,392
2025-11-18 10:40:00,22568.97,22569.94,22557.3,22558.39,6790
2025-11-18 10:45:00,22558.39,22558.65,22555.7,22556.35,3390
2025-11-18 10:50:00,22556.35,22556.81,22536.9,22538.6,3877
2025-11-18 10:55:00,22538.6,22563.22,22537.97,22562.48,11881
2025-11-18 11:00:00,22562.48,22567.18,22561.27,22566.34,65173
2025-11-18 11:05:00,22566.34,22567.29,22555.44,22557.3,6858
2025-11-18 11:10:00,22557.3,22558.13,22549.36,22549.95,12883
2025-11-18 11:15:00,22549.95,22559.79,22549.84,22557.29,1028
2025-11-18 11:20:00,22557.29,22557.73,22546.61,22547.23,113558
2025-11-18 11:25:00,22547.23,22553.45,22546.1,22550.69,13795
2025-11-18 11:30:00,22550.69,22570.57,22546.93,22567.4,49337
2025-11-18 11:35:00,22567.4,22572.25,22566.33,22570.52,57
2025-11-18 11:40:00,22570.52,22571.2,22568.67,22570.54,651
2025-11-18 11:45:00,22570.54,22573.08,22570.03,22571.23,778
2025-11-18 11:50:00,22571.23,22573.22,22566.66,22567.96,10804
2025-11-18 11:55:00,22567.96,22568.04,22563.19,22566.09,1901
2025-11-18 12:00:00,22566.09,22571.33,22563.46,22565.68,26802
2025-11-18 12:05:00,22565.68,22574.22,22562.17,22573.66,5209
2025-11-18 12:10:00,22573.66,22576.88,22571.21,22576.77,15439
2025-11-18 12:15:00,22576.77,22579.41,22571.36,22571.77,897
2025-11-18 12:20:00,22571.77,22574.24,22570.34,22571.26,2795
2025-11-18 12:25:00,22571.26,22573.42,22566.76,22571.72,1199
2025-11-18 12:30:00,22571.72,22575.81,22570.74,22573.41,178
2025-11-18 12:35:00,22573.41,22579.64,22571.03,22578.37,1168
2025-11-18 12:40:00,22578.37,22579.58,22572.48,22576.89,11448
2025-11-18 12:45:00,22576.89,22588.4,22574.62,22587.09,2203
2025-11-18 12:50:00,22587.09,22588.29,22585.7,22587.04,991
2025-11-18 12:55:00,22587.04,22588.61,22584.13,22587.7,8576
2025-11-18 13:00:00,22587.7,22594.18,22584.88,22594.01,5511
2025-11-18 13:05:00,22594.01,22596.82,22585.73,22587.12,1533
2025-11-18 13:10:00,22587.12,22587.71,22582.36,22583.29,4007
2025-11-18 13:15:00,22583.29,22589.18,22581.14,22585.78,3967
2025-11-18 13:20:00,22585.78,22595.37,22584.98,22593.31,44979
2025-11-18 13:25:00,22593.31,22595.0,22590.26,22591.56,581
2025-11-18 13:30:00,22591.56,22592.3,22582.47,22585.28,3051
2025-11-18 13:35:00,22585.28,22594.32,22582.25,22592.5,6413
2025-11-18 13:40:00,22592.5,22602.06,22590.79,22600.75,579
2025-11-18 13:45:00,22600.75,22608.21,22599.64,22607.87,511
2025-11-18 13:50:00,22607.87,22609.06,22598.81,22600.71,5971
2025-11-18 13:55:00,22600.71,22602.4,22587.31,22589.77,6825
2025-11-18 14:00:00,22589.77,22596.17,22588.61,22594.78,4405
2025-11-18 14:05:00,22594.78,22596.79,22586.54,22590.47,5036
2025-11-18 14:10:00,22590.47,22590.66,22577.42,22577.95,8256
2025-11-18 14:15:00,22577.95,22578.61,22574.07,22575.53,4927
2025-11-18 14:20:00,22575.53,22579.0,22572.46,22578.06,9275
2025-11-18 14:25:00,22578.06,22584.99,22577.57,22582.96,2810
2025-11-18 14:30:00,22582.96,22583.63,22579.02,22581.88,15103
2025-11-18 14:35:00,22581.88,22583.13,22568.73,22571.39,5325
2025-11-18 14:40:00,22571.39,22584.14,22569.34,22580.11,4332
2025-11-18 14:45:00,22580.11,22588.76,22580.07,22588.47,1759
2025-11-18 14:50:00,22588.47,22602.62,22585.41,22600.98,6309
2025-11-18 14:55:00,22600.98,22601.72,22585.59,22589.79,7617
2025-11-18 15:00:00,22589.79,22598.05,22589.54,22596.87,55895
2025-11-18 15:05:00,22596.87,22598.99,22589.86,22592.82,56606
2025-11-18 15:10:00,22592.82,22594.88,22590.14,22592.85,978
2025-11-18 15:15:00,22592.85,22595.31,22585.6,22588.97,6934
2025-11-18 15:20:00,22588.97,22592.94,22580.87,22581.93,1803
2025-11-18 15:25:00,22581.93,22587.78,22580.22,22584.67,5554
2025-11-18 15:30:00,22584.67,22588.46,22583.55,22588.38,67
2025-11-19 09:15:00,22435.17,22439.4,22434.4,22437.1,2193
2025-11-19 09:20:00,22437.1,22454.29,22436.17,22451.14,2377
2025-11-19 09:25:00,22451.14,22452.05,22450.16,22450.55,955
2025-11-19 09:30:00,22450.55,22451.8,22440.25,22441.51,892
2025-11-19 09:35:00,22441.51,22449.93,22441.0,22448.67,10203
2025-11-19 09:40:00,22448.67,22449.58,22447.37,22448.4,2220
2025-11-19 09:45:00,22448.4,22449.89,22446.4,22446.75,292
2025-11-19 09:50:00,22446.75,22447.32,22442.31,22442.83,2075
2025-11-19 09:55:00,22442.83,22443.78,22440.58,22442.33,1124
2025-11-19 10:00:00,22442.33,22444.42,22431.73,22432.71,1758
2025-11-19 10:05:00,22432.71,22435.3,22425.63,22426.55,3913
2025-11-19 10:10:00,22426.55,22432.42,22425.72,22431.31,742
2025-11-19 10:15:00,22431.31,22433.0,22429.91,22431.05,204
2025-11-19 10:20:00,22431.05,22431.66,22427.81,22428.18,169320
2025-11-19 10:25:00,22428.18,22432.98,22427.99,22430.98,207
2025-11-19 10:30:00,22430.98,22432.64,22428.5,22430.33,1307
2025-11-19 10:35:00,22430.33,22431.6,22425.92,22429.4,1841
2025-11-19 10:40:00,22429.4,22445.69,22428.43,22444.06,5182
2025-11-19 10:45:00,22444.06,22451.06,22443.5,22447.21,10590
2025-11-19 10:50:00,22447.21,22450.02,22446.71,22446.82,38413
2025-11-19 10:55:00,22446.82,22456.92,22444.91,22456.79,1720
2025-11-19 11:00:00,22456.79,22458.64,22440.03,22443.16,1976
2025-11-19 11:05:00,22443.16,22443.76,22437.41,22441.21,34164
2025-11-19 11:10:00,22441.21,22459.28,22440.62,22458.96,306
2025-11-19 11:15:00,22458.96,22473.11,22458.53,22470.78,574
2025-11-19 11:20:00,22470.78,22472.45,22464.85,22466.07,1327
2025-11-19 11:25:00,22466.07,22467.74,22459.47,22461.68,4149
2025-11-19 11:30:00,22461.68,22472.45,22460.25,22471.43,2109
2025-11-19 11:35:00,22471.43,22481.25,22470.36,22480.86,6159
2025-11-19 11:40:00,22480.86,22482.23,22471.23,22472.05,1878
2025-11-19 11:45:00,22472.05,22473.82,22464.27,22465.34,18834
2025-11-19 11:50:00,22465.34,22466.25,22456.06,22460.24,1240
2025-11-19 11:55:00,22460.24,22462.06,22458.12,22459.99,1094
2025-11-19 12:00:00,22459.99,22462.7,22455.51,22462.33,123
2025-11-19 12:05:00,22462.33,22463.24,22451.98,22457.47,1408
2025-11-19 12:10:00,22457.47,22460.25,22452.49,22453.26,5294
2025-11-19 12:15:00,22453.26,22458.65,22451.73,22454.39,4117
2025-11-19 12:20:00,22454.39,22466.31,22450.22,22458.46,39618
2025-11-19 12:25:00,22458.46,22459.03,22456.07,22456.16,1577
2025-11-19 12:30:00,22456.16,22456.82,22448.57,22451.6,9189
2025-11-19 12:35:00,22451.6,22453.86,22447.37,22448.27,19647
2025-11-19 12:40:00,22448.27,22448.99,22442.53,22443.99,9291
2025-11-19 12:45:00,22443.99,22453.17,22443.64,22449.47,8127
2025-11-19 12:50:00,22449.47,22452.85,22448.03,22450.26,9113
2025-11-19 12:55:00,22450.26,22450.39,22448.52,22448.7,4351
2025-11-19 13:00:00,22448.7,22449.13,22444.61,22447.77,13071
2025-11-19 13:05:00,22447.77,22455.63,22445.99,22454.72,12493
2025-11-19 13:10:00,22454.72,22464.68,22453.51,22461.73,2112
2025-11-19 13:15:00,22461.73,22462.52,22446.62,22448.62,1480
2025-11-19 13:20:00,22448.62,22454.12,22447.97,22453.74,532
2025-11-19 13:25:00,22453.74,22460.4,22453.37,22454.42,258
2025-11-19 13:30:00,22454.42,22465.62,22453.49,22464.07,29187
2025-11-19 13:35:00,22464.07,22467.56,22454.61,22456.48,2090
2025-11-19 13:40:00,22456.48,22467.77,22454.83,22465.56,1196
2025-11-19 13:45:00,22465.56,22467.68,22458.88,22461.33,2021
2025-11-19 13:50:00,22461.33,22465.29,22457.69,22464.15,4469
2025-11-19 13:55:00,22464.15,22464.29,22446.12,22448.85,58742
2025-11-19 14:00:00,22448.85,22456.35,22446.32,22456.14,837
2025-11-19 14:05:00,22456.14,22460.89,22455.62,22460.49,20101
2025-11-19 14:10:00,22460.49,22466.93,22457.18,22466.35,706
2025-11-19 14:15:00,22466.35,22466.54,22463.11,22465.37,111025
2025-11-19 14:20:00,22465.37,22478.7,22465.23,22477.5,2168
2025-11-19 14:25:00,22477.5,22477.66,22469.37,22469.89,462
2025-11-19 14:30:00,22469.89,22472.87,22466.07,22472.56,820
2025-11-19 14:35:00,22472.56,22476.33,22468.14,22469.25,402
2025-11-19 14:40:00,22469.25,22476.23,22467.08,22473.14,1470
2025-11-19 14:45:00,22473.14,22475.79,22469.81,22472.39,366
2025-11-19 14:50:00,22472.39,22474.47,22464.68,22467.72,42
2025-11-19 14:55:00,22467.72,22468.82,22461.71,22464.11,1488
2025-11-19 15:00:00,22464.11,22466.42,22457.08,22460.82,1664
2025-11-19 15:05:00,22460.82,22463.24,22459.8,22462.34,3139
2025-11-19 15:10:00,22462.34,22463.66,22441.53,22442.44,683
2025-11-19 15:15:00,22442.44,22443.8,22441.75,22442.91,3849
2025-11-19 15:20:00,22442.91,22443.32,22433.99,22435.21,3772
2025-11-19 15:25:00,22435.21,22435.65,22429.08,22430.51,137
2025-11-19 15:30:00,22430.51,22440.46,22429.66,22439.79,17959
2025-11-20 09:15:00,22381.42,22381.99,22374.17,22375.74,40231
2025-11-20 09:20:00,22375.74,22376.85,22368.48,22368.89,491
2025-11-20 09:25:00,22368.89,22369.52,22365.06,22365.72,2591
2025-11-20 09:30:00,22365.72,22368.75,22360.84,22361.49,41456
2025-11-20 09:35:00,22361.49,22362.08,22360.1,22361.63,444
2025-11-20 09:40:00,22361.63,22375.66,22358.37,22375.25,992
2025-11-20 09:45:00,22375.25,22391.35,22374.15,22389.8,4234
2025-11-20 09:50:00,22389.8,22392.2,22387.53,22387.81,155
2025-11-20 09:55:00,22387.81,22388.18,22378.25,22378.87,2738
2025-11-20 10:00:00,22378.87,22392.53,22378.59,22388.62,195
2025-11-20 10:05:00,22388.62,22394.89,22387.79,22394.7,815
2025-11-20 10:10:00,22394.7,22407.02,22393.53,22404.94,2454
2025-11-20 10:15:00,22404.94,22410.99,22403.23,22409.58,35391
2025-11-20 10:20:00,22409.58,22419.6,22408.85,22418.14,428
2025-11-20 10:25:00,22418.14,22423.62,22414.4,22422.72,521
2025-11-20 10:30:00,22422.72,22423.32,22418.04,22420.46,5342
2025-11-20 10:35:00,22420.46,22422.86,22418.94,22422.47,14372
2025-11-20 10:40:00,22422.47,22436.68,22421.24,22435.71,6228
2025-11-20 10:45:00,22435.71,22435.99,22431.37,22432.85,170
2025-11-20 10:50:00,22432.85,22443.54,22432.02,22443.39,2607
2025-11-20 10:55:00,22443.39,22446.86,22440.1,22443.09,3171
2025-11-20 11:00:00,22443.09,22448.54,22441.05,22446.64,6064
2025-11-20 11:05:00,22446.64,22448.33,22440.24,22444.5,2569
2025-11-20 11:10:00,22444.5,22445.36,22438.73,22439.67,1031
2025-11-20 11:15:00,22439.67,22439.89,22432.18,22433.98,10540
2025-11-20 11:20:00,22433.98,22439.79,22430.27,22431.02,627
2025-11-20 11:25:00,22431.02,22433.5,22417.75,22417.97,21871
2025-11-20 11:30:00,22417.97,22421.69,22417.06,22420.48,1497
2025-11-20 11:35:00,22420.48,22422.79,22411.42,22414.92,1660
2025-11-20 11:40:00,22414.92,22416.38,22414.09,22416.18,721
2025-11-20 11:45:00,22416.18,22423.68,22414.63,22421.05,662
2025-11-20 11:50:00,22421.05,22423.98,22414.03,22415.03,12874
2025-11-20 11:55:00,22415.03,22421.11,22413.99,22419.16,569
2025-11-20 12:00:00,22419.16,22420.72,22413.85,22416.51,495
2025-11-20 12:05:00,22416.51,22425.45,22412.85,22423.66,1612
2025-11-20 12:10:00,22423.66,22433.92,22422.42,22429.36,298
2025-11-20 12:15:00,22429.36,22430.78,22410.55,22414.32,1705
2025-11-20 12:20:00,22414.32,22418.19,22413.47,22417.82,4160
2025-11-20 12:25:00,22417.82,22429.95,22416.46,22428.05,935
2025-11-20 12:30:00,22428.05,22436.49,22427.14,22434.69,17592
2025-11-20 12:35:00,22434.69,22438.02,22422.22,22425.26,8986
2025-11-20 12:40:00,22425.26,22442.83,22424.22,22439.52,989
2025-11-20 12:45:00,22439.52,22447.39,22438.0,22445.29,23290
2025-11-20 12:50:00,22445.29,22451.42,22443.31,22450.85,836
2025-11-20 12:55:00,22450.85,22462.41,22450.77,22460.85,1592
2025-11-20 13:00:00,22460.85,22462.99,22440.82,22444.64,436
2025-11-20 13:05:00,22444.64,22448.17,22442.13,22446.16,3932
2025-11-20 13:10:00,22446.16,22453.69,22440.42,22453.66,243
2025-11-20 13:15:00,22453.66,22462.48,22452.12,22462.13,5778
2025-11-20 13:20:00,22462.13,22462.59,22452.55,22456.27,7367
2025-11-20 13:25:00,22456.27,22459.93,22454.15,22458.65,5174
2025-11-20 13:30:00,22458.65,22461.6,22457.23,22459.84,17678
2025-11-20 13:35:00,22459.84,22471.8,22459.74,22471.33,767
2025-11-20 13:40:00,22471.33,22482.04,22467.44,22480.71,798
2025-11-20 13:45:00,22480.71,22481.17,22476.39,22477.69,2157
2025-11-20 13:50:00,22477.69,22479.45,22469.26,22470.7,754
2025-11-20 13:55:00,22470.7,22483.89,22470.43,22481.54,3358
2025-11-20 14:00:00,22481.54,22487.7,22481.48,22485.98,118
2025-11-20 14:05:00,22485.98,22496.11,22482.97,22492.99,1816
2025-11-20 14:10:00,22492.99,22494.24,22490.72,22491.3,25029
2025-11-20 14:15:00,22491.3,22493.85,22470.72,22471.39,487
2025-11-20 14:20:00,22471.39,22474.75,22460.9,22462.79,528
2025-11-20 14:25:00,22462.79,22472.57,22460.91,22471.89,4125
2025-11-20 14:30:00,22471.89,22474.09,22461.56,22463.68,6621
2025-11-20 14:35:00,22463.68,22470.1,22463.68,22466.58,506
2025-11-20 14:40:00,22466.58,22474.34,22464.55,22470.17,1733
2025-11-20 14:45:00,22470.17,22473.61,22468.21,22473.5,16039
2025-11-20 14:50:00,22473.5,22492.46,22471.7,22492.06,291
2025-11-20 14:55:00,22492.06,22496.34,22491.11,22494.13,2970
2025-11-20 15:00:00,22494.13,22496.31,22487.74,22489.41,11738
2025-11-20 15:05:00,22489.41,22492.59,22475.9,22477.05,24328
2025-11-20 15:10:00,22477.05,22479.78,22466.01,22466.31,6337
2025-11-20 15:15:00,22466.31,22482.09,22465.83,22480.68,639
2025-11-20 15:20:00,22480.68,22492.45,22477.42,22490.52,1945
2025-11-20 15:25:00,22490.52,22504.6,22490.25,22503.25,1367
2025-11-20 15:30:00,22503.25,22504.1,22500.36,22500.52,1223
2025-11-21 09:15:00,22441.72,22446.6,22440.8,22442.35,685
2025-11-21 09:20:00,22442.35,22445.72,22429.53,22433.12,390
2025-11-21 09:25:00,22433.12,22437.03,22426.4,22427.45,3891
2025-11-21 09:30:00,22427.45,22430.91,22427.29,22430.65,496
2025-11-21 09:35:00,22430.65,22445.87,22427.29,22442.26,641
2025-11-21 09:40:00,22442.26,22444.19,22439.01,22440.02,999
2025-11-21 09:45:00,22440.02,22459.72,22439.6,22457.34,13911
2025-11-21 09:50:00,22457.34,22467.32,22455.71,22466.19,3351
2025-11-21 09:55:00,22466.19,22473.36,22463.03,22473.08,894
2025-11-21 10:00:00,22473.08,22473.23,22468.54,22472.49,372
2025-11-21 10:05:00,22472.49,22479.51,22467.95,22476.53,1625
2025-11-21 10:10:00,22476.53,22481.61,22476.14,22480.47,2570
2025-11-21 10:15:00,22480.47,22489.02,22479.1,22483.95,3602
2025-11-21 10:20:00,22483.95,22488.05,22480.82,22482.17,1628
2025-11-21 10:25:00,22482.17,22499.77,22481.07,22498.11,2390
2025-11-21 10:30:00,22498.11,22505.25,22495.52,22504.83,1341
2025-11-21 10:35:00,22504.83,22504.99,22499.12,22499.97,5582
2025-11-21 10:40:00,22499.97,22502.1,22485.26,22485.77,23784
2025-11-21 10:45:00,22485.77,22491.52,22484.83,22489.32,22456
2025-11-21 10:50:00,22489.32,22493.69,22484.77,22493.5,11311
2025-11-21 10:55:00,22493.5,22500.64,22490.92,22498.09,4624
2025-11-21 11:00:00,22498.09,22500.48,22497.81,22499.25,32303
2025-11-21 11:05:00,22499.25,22507.1,22499.03,22504.81,891
2025-11-21 11:10:00,22504.81,22505.64,22500.76,22501.71,453
2025-11-21 11:15:00,22501.71,22502.83,22494.83,22500.69,64825
2025-11-21 11:20:00,22500.69,22510.15,22500.65,22509.4,514
2025-11-21 11:25:00,22509.4,22526.76,22509.09,22522.97,13839
2025-11-21 11:30:00,22522.97,22527.04,22522.14,22524.37,3633
2025-11-21 11:35:00,22524.37,22524.81,22520.55,22520.73,2640
2025-11-21 11:40:00,22520.73,22523.27,22519.3,22521.15,434
2025-11-21 11:45:00,22521.15,22533.19,22518.84,22528.97,23849
2025-11-21 11:50:00,22528.97,22534.18,22525.83,22526.56,2707
2025-11-21 11:55:00,22526.56,22527.59,22515.41,22518.47,8081
2025-11-21 12:00:00,22518.47,22521.67,22510.42,22511.08,2164
2025-11-21 12:05:00,22511.08,22516.12,22510.05,22515.04,54324
2025-11-21 12:10:00,22515.04,22521.67,22514.68,22521.57,1745
2025-11-21 12:15:00,22521.57,22532.27,22521.48,22531.01,3218
2025-11-21 12:20:00,22531.01,22533.76,22526.35,22527.0,2720
2025-11-21 12:25:00,22527.0,22532.07,22524.56,22531.0,800
2025-11-21 12:30:00,22531.0,22548.19,22530.13,22544.7,6082
2025-11-21 12:35:00,22544.7,22545.55,22535.77,22538.33,107
2025-11-21 12:40:00,22538.33,22547.34,22536.4,22542.36,34329
2025-11-21 12:45:00,22542.36,22544.7,22537.31,22537.7,66294
2025-11-21 12:50:00,22537.7,22539.8,22520.05,22523.05,48366
2025-11-21 12:55:00,22523.05,22525.53,22518.03,22522.22,32586
2025-11-21 13:00:00,22522.22,22529.28,22522.12,22527.65,2343
2025-11-21 13:05:00,22527.65,22533.2,22525.89,22530.3,592
2025-11-21 13:10:00,22530.3,22541.94,22528.92,22541.31,26898
2025-11-21 13:15:00,22541.31,22541.38,22531.36,22532.42,283
2025-11-21 13:20:00,22532.42,22540.21,22528.74,22535.19,2840
2025-11-21 13:25:00,22535.19,22540.56,22534.97,22540.32,424
2025-11-21 13:30:00,22540.32,22543.69,22535.94,22542.18,17888
2025-11-21 13:35:00,22542.18,22549.95,22541.72,22549.85,14935
2025-11-21 13:40:00,22549.85,22553.45,22549.25,22551.64,21332
2025-11-21 13:45:00,22551.64,22554.59,22549.1,22554.21,4584
2025-11-21 13:50:00,22554.21,22555.48,22545.92,22547.55,602
2025-11-21 13:55:00,22547.55,22567.21,22543.71,22564.55,476
2025-11-21 14:00:00,22564.55,22567.71,22563.16,22565.12,752
2025-11-21 14:05:00,22565.12,22575.83,22562.98,22575.04,7377
2025-11-21 14:10:00,22575.04,22596.42,22572.52,22593.46,16641
2025-11-21 14:15:00,22593.46,22595.48,22585.01,22585.68,2119
2025-11-21 14:20:00,22585.68,22587.12,22574.99,22579.09,2984
2025-11-21 14:25:00,22579.09,22586.93,22577.53,22585.34,15107
2025-11-21 14:30:00,22585.34,22586.17,22574.48,22574.55,3522
2025-11-21 14:35:00,22574.55,22575.34,22571.73,22573.11,8972
2025-11-21 14:40:00,22573.11,22573.68,22562.84,22565.23,11406
2025-11-21 14:45:00,22565.23,22565.93,22550.29,22554.24,3198
2025-11-21 14:50:00,22554.24,22571.32,22552.58,22569.43,9377
2025-11-21 14:55:00,22569.43,22570.69,22555.89,22557.08,1151
2025-11-21 15:00:00,22557.08,22558.57,22554.35,22555.2,4448
2025-11-21 15:05:00,22555.2,22555.94,22552.24,22552.48,5923
2025-11-21 15:10:00,22552.48,22552.85,22546.53,22548.51,2828
2025-11-21 15:15:00,22548.51,22550.74,22541.5,22542.02,4101
2025-11-21 15:20:00,22542.02,22549.15,22541.2,22548.28,6810
2025-11-21 15:25:00,22548.28,22553.49,22547.98,22551.84,5147
2025-11-21 15:30:00,22551.84,22556.07,22551.52,22551.9,82355
2025-11-24 09:15:00,22432.0,22432.74,22425.55,22426.17,17838
2025-11-24 09:20:00,22426.17,22427.64,22414.93,22416.11,2408
2025-11-24 09:25:00,22416.11,22420.88,22414.37,22418.82,536
2025-11-24 09:30:00,22418.82,22425.51,22418.67,22425.38,3326
2025-11-24 09:35:00,22425.38,22427.76,22424.01,22424.18,555
2025-11-24 09:40:00,22424.18,22424.54,22418.57,22421.03,7366
2025-11-24 09:45:00,22421.03,22426.0,22413.7,22414.23,20192
2025-11-24 09:50:00,22414.23,22415.29,22411.33,22413.01,18532
2025-11-24 09:55:00,22413.01,22423.22,22412.38,22421.47,1264
2025-11-24 10:00:00,22421.47,22426.0,22421.03,22424.13,14731
2025-11-24 10:05:00,22424.13,22437.59,22422.46,22435.75,2414
2025-11-24 10:10:00,22435.75,22439.26,22433.05,22438.21,5631
2025-11-24 10:15:00,22438.21,22441.4,22435.58,22438.53,4543
2025-11-24 10:20:00,22438.53,22440.56,22421.15,22421.47,386404
2025-11-24 10:25:00,22421.47,22440.3,22421.26,22439.93,13271
2025-11-24 10:30:00,22439.93,22456.83,22436.36,22453.56,1172
2025-11-24 10:35:00,22453.56,22459.21,22451.42,22458.22,492
2025-11-24 10:40:00,22458.22,22459.94,22438.03,22439.69,144
2025-11-24 10:45:00,22439.69,22442.44,22439.45,22440.85,1500
2025-11-24 10:50:00,22440.85,22441.59,22436.88,22439.58,1020
2025-11-24 10:55:00,22439.58,22444.39,22439.24,22443.75,669
2025-11-24 11:00:00,22443.75,22448.1,22441.94,22442.29,25419
2025-11-24 11:05:00,22442.29,22443.47,22429.84,22430.5,19521
2025-11-24 11:10:00,22430.5,22431.89,22422.98,22426.92,3481
2025-11-24 11:15:00,22426.92,22443.81,22426.87,22443.25,4832
2025-11-24 11:20:00,22443.25,22444.88,22441.52,22443.16,4182
2025-11-24 11:25:00,22443.16,22445.26,22440.56,22443.3,8079
2025-11-24 11:30:00,22443.3,22445.31,22437.89,22438.88,922
2025-11-24 11:35:00,22438.88,22442.42,22431.86,22432.8,191
2025-11-24 11:40:00,22432.8,22436.95,22422.8,22422.98,2379
2025-11-24 11:45:00,22422.98,22425.06,22418.02,22420.36,5982
2025-11-24 11:50:00,22420.36,22421.0,22414.19,22415.96,3911
2025-11-24 11:55:00,22415.96,22427.56,22415.13,22426.38,4384
2025-11-24 12:00:00,22426.38,22426.4,22423.81,22424.46,2329
2025-11-24 12:05:00,22424.46,22428.14,22422.43,22426.16,371
2025-11-24 12:10:00,22426.16,22428.59,22413.03,22413.35,781
2025-11-24 12:15:00,22413.35,22417.53,22409.42,22417.46,7962
2025-11-24 12:20:00,22417.46,22425.94,22416.62,22423.95,824
2025-11-24 12:25:00,22423.95,22427.26,22420.36,22424.73,1678
2025-11-24 12:30:00,22424.73,22425.53,22421.37,22423.74,1636
2025-11-24 12:35:00,22423.74,22425.98,22423.38,22425.89,1090
2025-11-24 12:40:00,22425.89,22437.62,22424.92,22435.27,17550
2025-11-24 12:45:00,22435.27,22439.52,22434.21,22439.12,14102
2025-11-24 12:50:00,22439.12,22441.06,22426.94,22427.73,19081
2025-11-24 12:55:00,22427.73,22432.71,22427.11,22430.77,1186
2025-11-24 13:00:00,22430.77,22432.73,22422.35,22425.09,33295
2025-11-24 13:05:00,22425.09,22433.9,22424.17,22431.72,2380
2025-11-24 13:10:00,22431.72,22432.77,22419.27,22420.25,20828
2025-11-24 13:15:00,22420.25,22420.98,22411.09,22411.4,367
2025-11-24 13:20:00,22411.4,22417.57,22411.0,22416.13,1513
2025-11-24 13:25:00,22416.13,22416.14,22409.38,22409.81,1706
2025-11-24 13:30:00,22409.81,22410.45,22400.68,22403.98,3676
2025-11-24 13:35:00,22403.98,22414.73,22403.67,22411.95,574
2025-11-24 13:40:00,22411.95,22413.43,22397.75,22400.14,12394
2025-11-24 13:45:00,22400.14,22405.15,22399.74,22402.08,4687
2025-11-24 13:50:00,22402.08,22407.17,22400.3,22403.49,2707
2025-11-24 13:55:00,22403.49,22412.17,22403.16,22407.78,3694
2025-11-24 14:00:00,22407.78,22415.96,22406.61,22414.57,897
2025-11-24 14:05:00,22414.57,22415.36,22397.31,22399.31,24105
2025-11-24 14:10:00,22399.31,22405.85,22398.55,22404.99,1294
2025-11-24 14:15:00,22404.99,22408.33,22402.07,22403.95,33596
2025-11-24 14:20:00,22403.95,22406.6,22398.56,22401.38,7178
2025-11-24 14:25:00,22401.38,22404.21,22395.05,22395.48,13550
2025-11-24 14:30:00,22395.48,22398.48,22388.54,22388.72,2614
2025-11-24 14:35:00,22388.72,22395.01,22388.6,22393.11,48206
2025-11-24 14:40:00,22393.11,22395.6,22389.89,22394.9,2010
2025-11-24 14:45:00,22394.9,22396.82,22391.29,22392.21,508
2025-11-24 14:50:00,22392.21,22394.93,22389.16,22393.59,11285
2025-11-24 14:55:00,22393.59,22399.8,22392.81,22399.68,19423
2025-11-24 15:00:00,22399.68,22400.38,22387.47,22389.01,5264
2025-11-24 15:05:00,22389.01,22400.05,22384.23,22398.86,1606
2025-11-24 15:10:00,22398.86,22407.24,22398.0,22406.16,1958
2025-11-24 15:15:00,22406.16,22407.19,22394.26,22395.93,78916
2025-11-24 15:20:00,22395.93,22401.66,22394.71,22400.5,2593
2025-11-24 15:25:00,22400.5,22402.73,22398.21,22398.58,994
2025-11-24 15:30:00,22398.58,22413.8,22397.04,22413.7,1197
2025-11-25 09:15:00,22468.16,22474.42,22464.13,22470.64,20660
2025-11-25 09:20:00,22470.64,22472.85,22466.77,22467.47,3394
2025-11-25 09:25:00,22467.47,22470.7,22466.45,22470.31,26133
2025-11-25 09:30:00,22470.31,22476.96,22467.59,22474.86,34923
2025-11-25 09:35:00,22474.86,22502.32,22474.37,22500.07,131
2025-11-25 09:40:00,22500.07,22505.6,22496.23,22504.5,932
2025-11-25 09:45:00,22504.5,22505.44,22487.03,22490.99,9197
2025-11-25 09:50:00,22490.99,22491.04,22470.31,22474.46,1843
2025-11-25 09:55:00,22474.46,22488.33,22472.74,22487.61,2844
2025-11-25 10:00:00,22487.61,22488.7,22484.88,22487.76,7250
2025-11-25 10:05:00,22487.76,22489.02,22465.14,22466.12,7707
2025-11-25 10:10:00,22466.12,22469.11,22464.15,22466.3,4015
2025-11-25 10:15:00,22466.3,22467.46,22464.71,22465.67,8469
2025-11-25 10:20:00,22465.67,22465.85,22457.19,22461.53,352
2025-11-25 10:25:00,22461.53,22463.09,22445.36,22446.71,1849
2025-11-25 10:30:00,22446.71,22447.23,22437.27,22440.46,9928
2025-11-25 10:35:00,22440.46,22450.19,22438.16,22447.36,42
2025-11-25 10:40:00,22447.36,22449.27,22439.85,22440.89,2138
2025-11-25 10:45:00,22440.89,22442.26,22440.3,22440.71,9403
2025-11-25 10:50:00,22440.71,22441.31,22425.92,22427.78,1599
2025-11-25 10:55:00,22427.78,22439.02,22427.57,22433.39,5377
2025-11-25 11:00:00,22433.39,22433.75,22426.56,22427.48,3992
2025-11-25 11:05:00,22427.48,22427.89,22416.4,22419.32,5842
2025-11-25 11:10:00,22419.32,22427.49,22417.82,22427.02,4531
2025-11-25 11:15:00,22427.02,22427.66,22417.43,22419.41,1153
2025-11-25 11:20:00,22419.41,22421.52,22417.03,22420.93,14486
2025-11-25 11:25:00,22420.93,22426.91,22417.85,22425.5,2398
2025-11-25 11:30:00,22425.5,22425.73,22421.21,22421.94,146
2025-11-25 11:35:00,22421.94,22422.55,22417.56,22418.83,1045
2025-11-25 11:40:00,22418.83,22436.08,22416.21,22432.26,2129
2025-11-25 11:45:00,22432.26,22439.3,22429.98,22439.14,1667
2025-11-25 11:50:00,22439.14,22441.98,22430.12,22430.35,4156
2025-11-25 11:55:00,22430.35,22442.29,22429.16,22440.22,1230
2025-11-25 12:00:00,22440.22,22440.37,22436.17,22439.17,926
2025-11-25 12:05:00,22439.17,22451.75,22439.04,22449.98,4292
2025-11-25 12:10:00,22449.98,22452.69,22447.22,22447.62,4220
2025-11-25 12:15:00,22447.62,22458.34,22444.5,22456.79,300
2025-11-25 12:20:00,22456.79,22470.57,22456.3,22469.83,175
2025-11-25 12:25:00,22469.83,22471.91,22464.97,22466.19,2426
2025-11-25 12:30:00,22466.19,22474.27,22465.57,22473.85,576
2025-11-25 12:35:00,22473.85,22477.45,22465.33,22466.81,35750
2025-11-25 12:40:00,22466.81,22466.81,22462.72,22464.86,20087
2025-11-25 12:45:00,22464.86,22465.64,22463.86,22463.97,4948
2025-11-25 12:50:00,22463.97,22471.11,22462.74,22471.1,34805
2025-11-25 12:55:00,22471.1,22474.78,22468.07,22474.16,57
2025-11-25 13:00:00,22474.16,22477.45,22473.13,22477.26,4295
2025-11-25 13:05:00,22477.26,22479.52,22476.61,22476.78,972
2025-11-25 13:10:00,22476.78,22485.13,22475.73,22484.7,1456
2025-11-25 13:15:00,22484.7,22484.87,22479.48,22479.5,6122
2025-11-25 13:20:00,22479.5,22483.17,22476.49,22477.35,9805
2025-11-25 13:25:00,22477.35,22477.85,22473.0,22474.97,1024
2025-11-25 13:30:00,22474.97,22475.29,22461.66,22462.63,699
2025-11-25 13:35:00,22462.63,22463.61,22461.21,22461.23,4724
2025-11-25 13:40:00,22461.23,22476.42,22460.67,22475.74,1388
2025-11-25 13:45:00,22475.74,22476.91,22468.01,22468.96,5111
2025-11-25 13:50:00,22468.96,22489.19,22468.13,22487.76,2711
2025-11-25 13:55:00,22487.76,22491.45,22485.19,22490.92,78
2025-11-25 14:00:00,22490.92,22491.92,22469.63,22471.83,284
2025-11-25 14:05:00,22471.83,22472.97,22447.28,22447.77,580
2025-11-25 14:10:00,22447.77,22449.71,22439.66,22439.88,1165
2025-11-25 14:15:00,22439.88,22449.54,22438.17,22443.84,550
2025-11-25 14:20:00,22443.84,22444.91,22440.19,22441.78,183
2025-11-25 14:25:00,22441.78,22443.27,22438.07,22442.15,1447
2025-11-25 14:30:00,22442.15,22448.35,22437.36,22444.74,10584
2025-11-25 14:35:00,22444.74,22447.1,22441.95,22444.7,6501
2025-11-25 14:40:00,22444.7,22460.49,22444.15,22459.65,3019
2025-11-25 14:45:00,22459.65,22462.36,22445.86,22447.08,6353
2025-11-25 14:50:00,22447.08,22449.44,22431.71,22434.58,1770
2025-11-25 14:55:00,22434.58,22446.36,22430.89,22446.2,11362
2025-11-25 15:00:00,22446.2,22447.6,22441.44,22441.49,294
2025-11-25 15:05:00,22441.49,22447.19,22440.5,22442.8,2734
2025-11-25 15:10:00,22442.8,22451.82,22442.38,22451.4,579
2025-11-25 15:15:00,22451.4,22455.34,22449.73,22453.27,25254
2025-11-25 15:20:00,22453.27,22455.05,22450.54,22452.54,1938
2025-11-25 15:25:00,22452.54,22459.2,22452.42,22458.62,6250
2025-11-25 15:30:00,22458.62,22464.93,22456.37,22460.94,12017
2025-11-26 09:15:00,22443.39,22446.11,22437.04,22439.2,143
2025-11-26 09:20:00,22439.2,22440.4,22436.46,22438.39,2691
2025-11-26 09:25:00,22438.39,22445.49,22435.37,22441.3,16967
2025-11-26 09:30:00,22441.3,22450.65,22440.9,22449.09,1500
2025-11-26 09:35:00,22449.09,22453.59,22447.88,22450.58,6392
2025-11-26 09:40:00,22450.58,22453.54,22446.72,22447.13,18213
2025-11-26 09:45:00,22447.13,22449.24,22434.66,22434.92,680
2025-11-26 09:50:00,22434.92,22435.76,22425.84,22428.58,691
2025-11-26 09:55:00,22428.58,22436.82,22425.38,22434.2,1158
2025-11-26 10:00:00,22434.2,22440.45,22433.27,22440.06,3186
2025-11-26 10:05:00,22440.06,22441.05,22425.33,22426.09,1613
2025-11-26 10:10:00,22426.09,22436.39,22423.84,22434.14,3758
2025-11-26 10:15:00,22434.14,22434.18,22431.23,22431.45,18590
2025-11-26 10:20:00,22431.45,22432.97,22420.76,22422.83,1220
2025-11-26 10:25:00,22422.83,22433.44,22422.03,22430.04,8283
2025-11-26 10:30:00,22430.04,22431.55,22420.41,22420.81,6060
2025-11-26 10:35:00,22420.81,22424.13,22414.64,22415.64,134
2025-11-26 10:40:00,22415.64,22417.53,22412.72,22413.11,55409
2025-11-26 10:45:00,22413.11,22422.61,22413.05,22421.31,2776
2025-11-26 10:50:00,22421.31,22423.19,22407.53,22408.65,140
2025-11-26 10:55:00,22408.65,22409.53,22405.3,22409.03,5466
2025-11-26 11:00:00,22409.03,22415.21,22408.38,22414.76,7238
2025-11-26 11:05:00,22414.76,22420.81,22413.11,22420.2,4513
2025-11-26 11:10:00,22420.2,22430.95,22416.0,22429.76,1354
2025-11-26 11:15:00,22429.76,22431.37,22429.31,22430.02,218
2025-11-26 11:20:00,22430.02,22432.2,22425.38,22425.65,13248
2025-11-26 11:25:00,22425.65,22435.56,22421.57,22430.82,4642
2025-11-26 11:30:00,22430.82,22431.13,22424.26,22424.61,1096
2025-11-26 11:35:00,22424.61,22427.41,22423.8,22426.19,1064
2025-11-26 11:40:00,22426.19,22426.48,22413.56,22414.73,6453
2025-11-26 11:45:00,22414.73,22421.94,22413.66,22421.29,10503
2025-11-26 11:50:00,22421.29,22423.09,22408.5,22410.43,15064
2025-11-26 11:55:00,22410.43,22418.95,22408.29,22417.97,797
2025-11-26 12:00:00,22417.97,22421.01,22416.28,22420.76,2507
2025-11-26 12:05:00,22420.76,22421.84,22415.93,22417.68,1093
2025-11-26 12:10:00,22417.68,22419.8,22412.2,22417.19,4026
2025-11-26 12:15:00,22417.19,22422.59,22413.29,22422.06,1761
2025-11-26 12:20:00,22422.06,22424.8,22402.14,22404.32,19596
2025-11-26 12:25:00,22404.32,22413.69,22402.05,22411.88,5041
2025-11-26 12:30:00,22411.88,22412.09,22404.16,22405.13,206
2025-11-26 12:35:00,22405.13,22405.58,22386.16,22387.29,1300
2025-11-26 12:40:00,22387.29,22395.2,22386.74,22392.85,1788
2025-11-26 12:45:00,22392.85,22399.57,22392.41,22396.85,6821
2025-11-26 12:50:00,22396.85,22406.17,22395.33,22402.3,798
2025-11-26 12:55:00,22402.3,22404.06,22399.3,22403.09,1418
2025-11-26 13:00:00,22403.09,22405.39,22398.52,22399.11,19959
2025-11-26 13:05:00,22399.11,22403.74,22396.45,22401.42,290
2025-11-26 13:10:00,22401.42,22409.1,22397.73,22406.72,10558
2025-11-26 13:15:00,22406.72,22417.18,22404.41,22416.02,10669
2025-11-26 13:20:00,22416.02,22419.58,22415.25,22419.36,4840
2025-11-26 13:25:00,22419.36,22432.22,22418.28,22429.63,10601
2025-11-26 13:30:00,22429.63,22434.67,22428.12,22433.75,368
2025-11-26 13:35:00,22433.75,22444.57,22433.18,22442.18,839
2025-11-26 13:40:00,22442.18,22446.67,22438.99,22446.61,5602
2025-11-26 13:45:00,22446.61,22448.37,22441.98,22441.98,5394
2025-11-26 13:50:00,22441.98,22443.16,22433.4,22434.32,10775
2025-11-26 13:55:00,22434.32,22449.35,22432.17,22447.74,115
2025-11-26 14:00:00,22447.74,22449.66,22435.48,22438.19,277
2025-11-26 14:05:00,22438.19,22441.92,22437.43,22441.49,8397
2025-11-26 14:10:00,22441.49,22444.93,22441.35,22443.62,502
2025-11-26 14:15:00,22443.62,22453.26,22441.75,22452.08,2282
2025-11-26 14:20:00,22452.08,22452.91,22444.09,22444.78,5026
2025-11-26 14:25:00,22444.78,22445.75,22435.44,22437.59,6276
2025-11-26 14:30:00,22437.59,22456.55,22435.31,22454.19,371
2025-11-26 14:35:00,22454.19,22460.41,22453.09,22460.31,3835
2025-11-26 14:40:00,22460.31,22468.87,22458.55,22467.87,9078
2025-11-26 14:45:00,22467.87,22468.3,22462.16,22462.77,2146
2025-11-26 14:50:00,22462.77,22470.98,22458.88,22468.9,194
2025-11-26 14:55:00,22468.9,22469.64,22462.95,22464.11,2563
2025-11-26 15:00:00,22464.11,22464.94,22463.19,22463.66,24095
2025-11-26 15:05:00,22463.66,22472.12,22461.72,22470.37,2646
2025-11-26 15:10:00,22470.37,22472.38,22467.25,22467.97,1330
2025-11-26 15:15:00,22467.97,22475.35,22464.53,22473.21,777
2025-11-26 15:20:00,22473.21,22476.55,22472.07,22474.96,10707
2025-11-26 15:25:00,22474.96,22477.87,22465.1,22465.13,1218
2025-11-26 15:30:00,22465.13,22466.75,22461.57,22462.74,968
2025-11-27 09:15:00,22438.92,22442.56,22428.37,22429.51,10377
2025-11-27 09:20:00,22429.51,22433.15,22429.5,22431.18,9662
2025-11-27 09:25:00,22431.18,22433.57,22427.63,22429.68,11829
2025-11-27 09:30:00,22429.68,22431.84,22424.77,22426.0,4001
2025-11-27 09:35:00,22426.0,22434.71,22425.98,22430.37,3778
2025-11-27 09:40:00,22430.37,22432.95,22427.3,22428.15,21274
2025-11-27 09:45:00,22428.15,22430.02,22423.15,22426.42,21322
2025-11-27 09:50:00,22426.42,22426.93,22416.99,22417.68,6209
2025-11-27 09:55:00,22417.68,22424.85,22417.55,22423.17,144
2025-11-27 10:00:00,22423.17,22435.73,22423.06,22434.71,1873
2025-11-27 10:05:00,22434.71,22449.55,22434.67,22443.88,2543
2025-11-27 10:10:00,22443.88,22447.33,22438.47,22440.25,9487
2025-11-27 10:15:00,22440.25,22445.62,22438.91,22443.1,992
2025-11-27 10:20:00,22443.1,22452.72,22440.01,22451.87,1327
2025-11-27 10:25:00,22451.87,22456.63,22450.51,22454.96,37
2025-11-27 10:30:00,22454.96,22461.58,22450.92,22459.14,42
2025-11-27 10:35:00,22459.14,22465.91,22458.69,22465.65,23945
2025-11-27 10:40:00,22465.65,22473.99,22462.87,22470.75,2830
2025-11-27 10:45:00,22470.75,22471.21,22457.32,22457.82,7630
2025-11-27 10:50:00,22457.82,22459.43,22456.41,22458.18,75538
2025-11-27 10:55:00,22458.18,22460.07,22455.17,22455.66,894
2025-11-27 11:00:00,22455.66,22468.08,22454.53,22467.52,1470
2025-11-27 11:05:00,22467.52,22473.58,22466.23,22473.26,36243
2025-11-27 11:10:00,22473.26,22473.33,22465.11,22466.41,258
2025-11-27 11:15:00,22466.41,22472.37,22464.77,22470.26,703
2025-11-27 11:20:00,22470.26,22478.01,22468.53,22475.8,4345
2025-11-27 11:25:00,22475.8,22476.95,22471.01,22473.95,1043
2025-11-27 11:30:00,22473.95,22475.28,22464.06,22465.65,716
2025-11-27 11:35:00,22465.65,22466.62,22453.94,22454.1,4292
2025-11-27 11:40:00,22454.1,22462.77,22453.72,22461.71,2214
2025-11-27 11:45:00,22461.71,22468.34,22461.46,22465.79,1474
2025-11-27 11:50:00,22465.79,22468.69,22456.52,22457.85,7093
2025-11-27 11:55:00,22457.85,22462.73,22455.04,22462.47,1442
2025-11-27 12:00:00,22462.47,22470.19,22461.25,22470.11,7250
2025-11-27 12:05:00,22470.11,22474.1,22469.95,22473.39,2816
2025-11-27 12:10:00,22473.39,22494.87,22471.94,22492.5,3525
2025-11-27 12:15:00,22492.5,22501.59,22492.44,22500.55,1890
2025-11-27 12:20:00,22500.55,22506.89,22499.49,22499.91,1432
2025-11-27 12:25:00,22499.91,22512.69,22497.53,22512.65,2766
2025-11-27 12:30:00,22512.65,22513.59,22503.7,22504.28,12541
2025-11-27 12:35:00,22504.28,22504.35,22495.22,22497.95,8537
2025-11-27 12:40:00,22497.95,22503.09,22497.95,22502.1,5553
2025-11-27 12:45:00,22502.1,22515.51,22501.83,22514.94,584
2025-11-27 12:50:00,22514.94,22515.13,22505.78,22507.99,2029
2025-11-27 12:55:00,22507.99,22508.81,22505.03,22506.1,4639
2025-11-27 13:00:00,22506.1,22508.67,22492.8,22494.13,8803
2025-11-27 13:05:00,22494.13,22495.46,22482.62,22483.97,5304
2025-11-27 13:10:00,22483.97,22484.47,22473.64,22476.01,2040
2025-11-27 13:15:00,22476.01,22485.84,22475.98,22484.25,690
2025-11-27 13:20:00,22484.25,22489.45,22479.61,22489.41,9642
2025-11-27 13:25:00,22489.41,22491.82,22487.03,22489.22,25
2025-11-27 13:30:00,22489.22,22492.03,22485.84,22491.45,686
2025-11-27 13:35:00,22491.45,22514.1,22489.99,22513.49,1123
2025-11-27 13:40:00,22513.49,22513.83,22496.24,22496.77,1636
2025-11-27 13:45:00,22496.77,22497.3,22495.55,22495.85,447
2025-11-27 13:50:00,22495.85,22503.64,22491.75,22499.74,9034
2025-11-27 13:55:00,22499.74,22503.91,22496.95,22503.8,1030
2025-11-27 14:00:00,22503.8,22506.99,22500.22,22501.7,7930
2025-11-27 14:05:00,22501.7,22513.95,22500.18,22513.11,168
2025-11-27 14:10:00,22513.11,22520.0,22512.5,22518.39,2055
2025-11-27 14:15:00,22518.39,22530.7,22517.13,22528.95,1960
2025-11-27 14:20:00,22528.95,22529.32,22526.0,22527.69,2918
2025-11-27 14:25:00,22527.69,22528.17,22527.02,22527.19,9867
2025-11-27 14:30:00,22527.19,22536.67,22525.45,22534.57,502
2025-11-27 14:35:00,22534.57,22540.52,22530.75,22539.28,3427
2025-11-27 14:40:00,22539.28,22540.79,22532.83,22535.53,1118
2025-11-27 14:45:00,22535.53,22535.68,22527.71,22529.08,2410
2025-11-27 14:50:00,22529.08,22539.47,22524.72,22538.41,1347
2025-11-27 14:55:00,22538.41,22539.37,22528.66,22533.91,136422
2025-11-27 15:00:00,22533.91,22538.46,22531.55,22538.16,100255
2025-11-27 15:05:00,22538.16,22547.03,22537.9,22545.13,2410
2025-11-27 15:10:00,22545.13,22546.78,22539.95,22541.32,393
2025-11-27 15:15:00,22541.32,22544.69,22540.33,22540.71,2822
2025-11-27 15:20:00,22540.71,22542.93,22534.56,22541.89,22929
2025-11-27 15:25:00,22541.89,22542.36,22530.72,22531.93,650
2025-11-27 15:30:00,22531.93,22532.8,22519.85,22521.21,12730
2025-11-28 09:15:00,22499.69,22512.39,22498.74,22510.68,7697
2025-11-28 09:20:00,22510.68,22512.22,22503.67,22506.89,4193
2025-11-28 09:25:00,22506.89,22513.62,22504.45,22511.97,1268
2025-11-28 09:30:00,22511.97,22514.1,22510.96,22510.98,236
2025-11-28 09:35:00,22510.98,22512.32,22500.81,22502.02,1656
2025-11-28 09:40:00,22502.02,22504.08,22493.13,22493.88,7838
2025-11-28 09:45:00,22493.88,22502.3,22491.57,22501.31,4454
2025-11-28 09:50:00,22501.31,22502.34,22492.07,22494.72,10307
2025-11-28 09:55:00,22494.72,22498.53,22494.29,22495.98,14676
2025-11-28 10:00:00,22495.98,22498.68,22490.39,22492.98,36156
2025-11-28 10:05:00,22492.98,22496.59,22490.15,22495.42,5831
2025-11-28 10:10:00,22495.42,22496.32,22490.93,22491.41,430
2025-11-28 10:15:00,22491.41,22493.6,22485.88,22490.26,29783
2025-11-28 10:20:00,22490.26,22500.16,22489.18,22499.24,2995
2025-11-28 10:25:00,22499.24,22511.05,22496.44,22509.08,7193
2025-11-28 10:30:00,22509.08,22509.25,22505.98,22507.44,41036
2025-11-28 10:35:00,22507.44,22517.24,22504.77,22515.76,1671
2025-11-28 10:40:00,22515.76,22519.71,22513.25,22519.23,9748
2025-11-28 10:45:00,22519.23,22527.64,22516.45,22526.99,2222
2025-11-28 10:50:00,22526.99,22535.57,22525.98,22535.47,1848
2025-11-28 10:55:00,22535.47,22535.72,22526.61,22527.23,1114
2025-11-28 11:00:00,22527.23,22529.11,22523.11,22525.35,1916
2025-11-28 11:05:00,22525.35,22540.03,22525.18,22536.97,656
2025-11-28 11:10:00,22536.97,22539.91,22517.53,22520.28,23569
2025-11-28 11:15:00,22520.28,22521.99,22515.84,22521.21,494
2025-11-28 11:20:00,22521.21,22528.88,22520.91,22528.3,6955
2025-11-28 11:25:00,22528.3,22541.83,22528.17,22541.39,3979
2025-11-28 11:30:00,22541.39,22564.73,22540.02,22560.53,2509
2025-11-28 11:35:00,22560.53,22566.38,22560.43,22565.06,8665
2025-11-28 11:40:00,22565.06,22591.58,22563.37,22589.96,1578
2025-11-28 11:45:00,22589.96,22593.56,22585.68,22586.34,8948
2025-11-28 11:50:00,22586.34,22588.43,22575.17,22576.14,990
2025-11-28 11:55:00,22576.14,22579.34,22573.54,22575.01,3020
2025-11-28 12:00:00,22575.01,22575.16,22572.09,22573.11,126
2025-11-28 12:05:00,22573.11,22589.76,22572.31,22589.45,2732
2025-11-28 12:10:00,22589.45,22589.82,22580.37,22583.57,90728
2025-11-28 12:15:00,22583.57,22585.63,22572.81,22573.69,20580
2025-11-28 12:20:00,22573.69,22576.28,22571.18,22573.81,8924
2025-11-28 12:25:00,22573.81,22579.55,22569.02,22578.11,79034
2025-11-28 12:30:00,22578.11,22581.36,22571.85,22572.62,6302
2025-11-28 12:35:00,22572.62,22572.96,22557.46,22559.08,10322
2025-11-28 12:40:00,22559.08,22571.8,22559.04,22567.65,16039
2025-11-28 12:45:00,22567.65,22569.11,22565.45,22566.16,4976
2025-11-28 12:50:00,22566.16,22568.59,22561.74,22563.99,8638
2025-11-28 12:55:00,22563.99,22564.42,22563.14,22564.14,1886
2025-11-28 13:00:00,22564.14,22573.19,22561.46,22572.52,9094
2025-11-28 13:05:00,22572.52,22572.58,22567.66,22570.88,2890
2025-11-28 13:10:00,22570.88,22575.55,22570.44,22573.19,7437
2025-11-28 13:15:00,22573.19,22573.59,22560.55,22560.75,3171
2025-11-28 13:20:00,22560.75,22569.72,22557.79,22569.05,671
2025-11-28 13:25:00,22569.05,22570.3,22566.91,22570.13,12511
2025-11-28 13:30:00,22570.13,22588.77,22569.12,22588.73,3383
2025-11-28 13:35:00,22588.73,22592.37,22581.61,22583.02,369
2025-11-28 13:40:00,22583.02,22596.89,22582.33,22596.66,11313
2025-11-28 13:45:00,22596.66,22598.19,22587.55,22587.68,13948
2025-11-28 13:50:00,22587.68,22592.19,22587.53,22591.69,5433
2025-11-28 13:55:00,22591.69,22595.37,22591.6,22593.31,595
2025-11-28 14:00:00,22593.31,22594.92,22588.23,22593.96,2807
2025-11-28 14:05:00,22593.96,22594.23,22581.68,22582.72,36682
2025-11-28 14:10:00,22582.72,22585.89,22576.37,22578.01,375
2025-11-28 14:15:00,22578.01,22578.52,22574.38,22574.52,8381
2025-11-28 14:20:00,22574.52,22575.07,22569.02,22569.05,3730
2025-11-28 14:25:00,22569.05,22570.7,22567.36,22569.83,5371
2025-11-28 14:30:00,22569.83,22576.62,22569.73,22573.46,6119
2025-11-28 14:35:00,22573.46,22580.68,22572.14,22579.29,1259
2025-11-28 14:40:00,22579.29,22585.65,22578.48,22583.58,11636
2025-11-28 14:45:00,22583.58,22584.82,22583.16,22584.57,9135
2025-11-28 14:50:00,22584.57,22591.73,22582.87,22587.18,6484
2025-11-28 14:55:00,22587.18,22588.91,22582.92,22582.94,3662
2025-11-28 15:00:00,22582.94,22606.66,22580.68,22606.29,4489
2025-11-28 15:05:00,22606.29,22606.47,22589.66,22589.69,9817
2025-11-28 15:10:00,22589.69,22598.49,22589.39,22597.48,944
2025-11-28 15:15:00,22597.48,22598.1,22585.91,22588.45,1600
2025-11-28 15:20:00,22588.45,22589.55,22576.89,22580.49,423
2025-11-28 15:25:00,22580.49,22580.74,22565.64,22565.67,4138
2025-11-28 15:30:00,22565.67,22566.07,22561.36,22562.1,14195
2025-12-01 09:15:00,22352.25,22352.68,22347.46,22349.3,40004
2025-12-01 09:20:00,22349.3,22349.38,22343.1,22344.21,1227
2025-12-01 09:25:00,22344.21,22345.07,22327.38,22329.44,1798
2025-12-01 09:30:00,22329.44,22331.29,22322.01,22322.67,1386
2025-12-01 09:35:00,22322.67,22325.41,22317.91,22323.86,10309
2025-12-01 09:40:00,22323.86,22334.16,22321.81,22333.14,3273
2025-12-01 09:45:00,22333.14,22336.16,22332.79,22334.0,5426
2025-12-01 09:50:00,22334.0,22337.89,22333.42,22336.88,1393
2025-12-01 09:55:00,22336.88,22339.28,22329.2,22332.77,3041
2025-12-01 10:00:00,22332.77,22334.63,22325.1,22330.97,595
2025-12-01 10:05:00,22330.97,22331.81,22326.34,22327.54,12542
2025-12-01 10:10:00,22327.54,22343.02,22325.43,22342.0,2027
2025-12-01 10:15:00,22342.0,22348.6,22339.21,22344.47,18103
2025-12-01 10:20:00,22344.47,22347.58,22344.26,22345.91,842
2025-12-01 10:25:00,22345.91,22353.22,22343.96,22351.91,2922
2025-12-01 10:30:00,22351.91,22355.03,22345.48,22347.11,5629
2025-12-01 10:35:00,22347.11,22348.19,22338.45,22339.39,322
2025-12-01 10:40:00,22339.39,22341.66,22332.02,22332.85,984
2025-12-01 10:45:00,22332.85,22336.89,22317.33,22319.83,926
2025-12-01 10:50:00,22319.83,22322.84,22317.45,22322.01,873
2025-12-01 10:55:00,22322.01,22331.84,22319.34,22330.75,8832
2025-12-01 11:00:00,22330.75,22346.25,22328.35,22341.07,8504
2025-12-01 11:05:00,22341.07,22342.64,22334.85,22337.79,448
2025-12-01 11:10:00,22337.79,22337.95,22330.3,22331.59,8011
2025-12-01 11:15:00,22331.59,22341.0,22328.35,22339.8,5562
2025-12-01 11:20:00,22339.8,22342.53,22328.86,22330.07,11679
2025-12-01 11:25:00,22330.07,22343.57,22327.07,22342.66,751
2025-12-01 11:30:00,22342.66,22353.58,22342.5,22353.24,9304
2025-12-01 11:35:00,22353.24,22359.37,22352.82,22358.81,1864
2025-12-01 11:40:00,22358.81,22366.78,22358.29,22365.67,15110
2025-12-01 11:45:00,22365.67,22367.38,22363.12,22364.64,686
2025-12-01 11:50:00,22364.64,22367.11,22360.85,22362.46,3954
2025-12-01 11:55:00,22362.46,22362.98,22354.19,22357.21,2141
2025-12-01 12:00:00,22357.21,22358.29,22355.21,22355.66,493
2025-12-01 12:05:00,22355.66,22364.75,22355.26,22364.33,2940
2025-12-01 12:10:00,22364.33,22364.77,22359.24,22360.19,216
2025-12-01 12:15:00,22360.19,22360.7,22355.37,22355.88,17853
2025-12-01 12:20:00,22355.88,22356.88,22348.68,22349.71,895
2025-12-01 12:25:00,22349.71,22351.25,22344.82,22346.93,5663
2025-12-01 12:30:00,22346.93,22348.05,22332.65,22333.31,36764
2025-12-01 12:35:00,22333.31,22337.72,22327.12,22331.11,3137
2025-12-01 12:40:00,22331.11,22336.78,22330.78,22336.02,17041
2025-12-01 12:45:00,22336.02,22337.81,22328.44,22331.71,767
2025-12-01 12:50:00,22331.71,22332.26,22317.16,22317.25,3537
2025-12-01 12:55:00,22317.25,22319.6,22316.87,22317.75,315
2025-12-01 13:00:00,22317.75,22329.26,22316.77,22328.65,32318
2025-12-01 13:05:00,22328.65,22330.9,22316.52,22318.71,2692
2025-12-01 13:10:00,22318.71,22323.65,22313.57,22322.17,102
2025-12-01 13:15:00,22322.17,22328.15,22320.99,22327.04,1176
2025-12-01 13:20:00,22327.04,22330.41,22318.08,22319.77,3086
2025-12-01 13:25:00,22319.77,22333.6,22317.11,22330.58,113
2025-12-01 13:30:00,22330.58,22330.9,22324.77,22324.98,3729
2025-12-01 13:35:00,22324.98,22326.59,22313.21,22313.69,8951
2025-12-01 13:40:00,22313.69,22314.31,22296.17,22298.55,1642
2025-12-01 13:45:00,22298.55,22303.01,22296.85,22302.82,3009
2025-12-01 13:50:00,22302.82,22305.12,22290.16,22290.57,15959
2025-12-01 13:55:00,22290.57,22291.62,22284.83,22286.36,11095
2025-12-01 14:00:00,22286.36,22287.65,22279.92,22280.68,153
2025-12-01 14:05:00,22280.68,22283.04,22276.05,22276.12,499
2025-12-01 14:10:00,22276.12,22283.71,22275.77,22283.53,7973
2025-12-01 14:15:00,22283.53,22291.28,22281.99,22291.24,208
2025-12-01 14:20:00,22291.24,22292.48,22285.54,22285.75,1776
2025-12-01 14:25:00,22285.75,22292.48,22285.64,22291.26,17605
2025-12-01 14:30:00,22291.26,22294.11,22290.05,22293.99,1153
2025-12-01 14:35:00,22293.99,22295.07,22285.67,22287.19,2137
2025-12-01 14:40:00,22287.19,22290.72,22275.75,22276.39,361
2025-12-01 14:45:00,22276.39,22276.61,22269.44,22272.85,565
2025-12-01 14:50:00,22272.85,22283.46,22271.6,22280.66,1965
2025-12-01 14:55:00,22280.66,22281.07,22272.3,22272.37,8018
2025-12-01 15:00:00,22272.37,22282.59,22268.44,22281.09,2887
2025-12-01 15:05:00,22281.09,22283.94,22280.44,22283.44,3594
2025-12-01 15:10:00,22283.44,22296.33,22282.69,22295.56,1407
2025-12-01 15:15:00,22295.56,22298.84,22293.84,22294.21,2893
2025-12-01 15:20:00,22294.21,22296.4,22286.43,22290.35,5860
2025-12-01 15:25:00,22290.35,22291.08,22285.58,22291.01,9115
2025-12-01 15:30:00,22291.01,22292.94,22289.59,22292.08,1674
2025-12-02 09:15:00,22429.45,22438.38,22425.28,22437.62,5689
2025-12-02 09:20:00,22437.62,22437.88,22426.11,22427.42,110
2025-12-02 09:25:00,22427.42,22441.62,22426.35,22440.21,3820
2025-12-02 09:30:00,22440.21,22441.18,22427.47,22429.16,615
2025-12-02 09:35:00,22429.16,22429.61,22408.62,22408.9,3653
2025-12-02 09:40:00,22408.9,22416.01,22408.38,22414.73,17913
2025-12-02 09:45:00,22414.73,22415.74,22401.33,22402.58,464
2025-12-02 09:50:00,22402.58,22404.07,22389.23,22390.56,9229
2025-12-02 09:55:00,22390.56,22392.27,22384.42,22385.64,15961
2025-12-02 10:00:00,22385.64,22386.1,22385.42,22385.74,20704
2025-12-02 10:05:00,22385.74,22388.37,22379.33,22379.75,2343
2025-12-02 10:10:00,22379.75,22401.87,22379.04,22399.76,469
2025-12-02 10:15:00,22399.76,22410.76,22396.42,22407.38,18693
2025-12-02 10:20:00,22407.38,22408.11,22402.45,22405.8,63184
2025-12-02 10:25:00,22405.8,22410.53,22403.14,22409.55,692
2025-12-02 10:30:00,22409.55,22413.15,22408.27,22412.8,2709
2025-12-02 10:35:00,22412.8,22412.95,22399.1,22401.19,2853
2025-12-02 10:40:00,22401.19,22409.49,22401.14,22407.39,1168
2025-12-02 10:45:00,22407.39,22413.43,22406.01,22413.37,15238
2025-12-02 10:50:00,22413.37,22419.45,22411.37,22418.9,2968
2025-12-02 10:55:00,22418.9,22419.59,22413.89,22414.64,685
2025-12-02 11:00:00,22414.64,22415.97,22398.59,22398.98,394
2025-12-02 11:05:00,22398.98,22402.91,22396.93,22399.1,35077
2025-12-02 11:10:00,22399.1,22404.57,22397.66,22402.23,1133
2025-12-02 11:15:00,22402.23,22404.61,22377.24,22380.32,1300
2025-12-02 11:20:00,22380.32,22381.83,22377.52,22378.29,16113
2025-12-02 11:25:00,22378.29,22379.11,22363.79,22364.35,3533
2025-12-02 11:30:00,22364.35,22368.4,22364.14,22368.02,2162
2025-12-02 11:35:00,22368.02,22376.62,22367.58,22375.78,443
2025-12-02 11:40:00,22375.78,22377.58,22372.68,22372.75,8016
2025-12-02 11:45:00,22372.75,22388.96,22372.57,22386.88,1385
2025-12-02 11:50:00,22386.88,22387.22,22365.8,22366.46,5353
2025-12-02 11:55:00,22366.46,22367.1,22361.67,22365.23,727
2025-12-02 12:00:00,22365.23,22372.47,22365.03,22369.04,4874
2025-12-02 12:05:00,22369.04,22378.28,22368.3,22376.66,981
2025-12-02 12:10:00,22376.66,22383.88,22376.06,22383.58,921
2025-12-02 12:15:00,22383.58,22393.4,22381.56,22389.23,1790
2025-12-02 12:20:00,22389.23,22392.66,22388.11,22391.09,42
2025-12-02 12:25:00,22391.09,22403.48,22387.6,22401.96,1198
2025-12-02 12:30:00,22401.96,22417.4,22400.08,22414.51,2288
2025-12-02 12:35:00,22414.51,22415.43,22412.25,22415.17,801
2025-12-02 12:40:00,22415.17,22417.19,22408.63,22408.72,23569
2025-12-02 12:45:00,22408.72,22408.83,22401.51,22403.35,3014
2025-12-02 12:50:00,22403.35,22404.33,22388.65,22391.52,8441
2025-12-02 12:55:00,22391.52,22400.72,22388.85,22397.25,126263
2025-12-02 13:00:00,22397.25,22398.91,22391.61,22397.62,412
2025-12-02 13:05:00,22397.62,22398.14,22394.93,22397.78,5113
2025-12-02 13:10:00,22397.78,22399.69,22393.11,22393.79,658
2025-12-02 13:15:00,22393.79,22395.31,22390.81,22394.18,19588
2025-12-02 13:20:00,22394.18,22396.71,22389.86,22390.2,3302
2025-12-02 13:25:00,22390.2,22390.86,22374.13,22376.22,38814
2025-12-02 13:30:00,22376.22,22381.22,22374.73,22380.42,2546
2025-12-02 13:35:00,22380.42,22385.37,22379.98,22385.32,3253
2025-12-02 13:40:00,22385.32,22386.0,22376.32,22380.49,12843
2025-12-02 13:45:00,22380.49,22384.42,22376.69,22382.88,3396
2025-12-02 13:50:00,22382.88,22384.59,22373.79,22374.59,5387
2025-12-02 13:55:00,22374.59,22375.49,22370.66,22371.18,6863
2025-12-02 14:00:00,22371.18,22372.05,22352.5,22355.94,943
2025-12-02 14:05:00,22355.94,22356.84,22348.68,22351.11,108
2025-12-02 14:10:00,22351.11,22351.38,22349.16,22349.27,2398
2025-12-02 14:15:00,22349.27,22351.66,22348.89,22349.61,1260
2025-12-02 14:20:00,22349.61,22350.77,22344.54,22347.36,1161
2025-12-02 14:25:00,22347.36,22348.83,22345.38,22348.15,3073
2025-12-02 14:30:00,22348.15,22351.69,22335.7,22336.43,1676
2025-12-02 14:35:00,22336.43,22338.08,22334.48,22338.05,2785
2025-12-02 14:40:00,22338.05,22340.83,22325.47,22328.18,2222
2025-12-02 14:45:00,22328.18,22329.32,22319.18,22319.84,1369
2025-12-02 14:50:00,22319.84,22326.73,22318.81,22326.67,684
2025-12-02 14:55:00,22326.67,22326.88,22314.79,22315.43,7628
2025-12-02 15:00:00,22315.43,22315.84,22311.55,22314.79,50648
2025-12-02 15:05:00,22314.79,22316.19,22311.81,22313.48,4731
2025-12-02 15:10:00,22313.48,22314.38,22302.34,22303.06,3114
2025-12-02 15:15:00,22303.06,22311.1,22301.69,22308.64,5919
2025-12-02 15:20:00,22308.64,22325.7,22307.46,22325.42,2539
2025-12-02 15:25:00,22325.42,22344.46,22325.24,22340.96,260
2025-12-02 15:30:00,22340.96,22341.56,22320.63,22320.91,1944
2025-12-03 09:15:00,22444.69,22469.99,22443.67,22469.48,1125
2025-12-03 09:20:00,22469.48,22472.32,22468.66,22471.84,45631
2025-12-03 09:25:00,22471.84,22481.53,22467.23,22481.26,1734
2025-12-03 09:30:00,22481.26,22503.34,22479.05,22502.88,25923
2025-12-03 09:35:00,22502.88,22506.32,22498.01,22504.63,8318
2025-12-03 09:40:00,22504.63,22504.98,22495.61,22498.11,2002
2025-12-03 09:45:00,22498.11,22498.92,22495.88,22498.38,17950
2025-12-03 09:50:00,22498.38,22501.73,22493.39,22493.61,3138
2025-12-03 09:55:00,22493.61,22497.62,22493.14,22494.89,2491
2025-12-03 10:00:00,22494.89,22496.53,22485.7,22486.07,1587
2025-12-03 10:05:00,22486.07,22488.96,22468.37,22470.83,1227
2025-12-03 10:10:00,22470.83,22476.09,22467.84,22473.7,123
2025-12-03 10:15:00,22473.7,22480.56,22467.84,22479.47,670
2025-12-03 10:20:00,22479.47,22480.6,22471.61,22472.09,1472
2025-12-03 10:25:00,22472.09,22478.95,22469.33,22476.99,200
2025-12-03 10:30:00,22476.99,22478.03,22458.6,22459.2,1156
2025-12-03 10:35:00,22459.2,22471.61,22458.53,22469.15,202
2025-12-03 10:40:00,22469.15,22470.35,22463.3,22464.62,1046
2025-12-03 10:45:00,22464.62,22465.39,22458.12,22459.39,4074
2025-12-03 10:50:00,22459.39,22464.09,22456.85,22462.27,685
2025-12-03 10:55:00,22462.27,22463.03,22447.7,22449.33,4826
2025-12-03 11:00:00,22449.33,22452.11,22428.76,22430.1,313
2025-12-03 11:05:00,22430.1,22433.45,22416.8,22418.27,852
2025-12-03 11:10:00,22418.27,22418.97,22399.69,22400.14,8718
2025-12-03 11:15:00,22400.14,22403.18,22388.05,22388.95,13495
2025-12-03 11:20:00,22388.95,22391.11,22376.31,22376.38,15332
2025-12-03 11:25:00,22376.38,22381.42,22375.51,22375.82,14621
2025-12-03 11:30:00,22375.82,22376.59,22368.32,22368.67,38
2025-12-03 11:35:00,22368.67,22383.84,22367.66,22382.04,2617
2025-12-03 11:40:00,22382.04,22392.91,22381.57,22392.1,780
2025-12-03 11:45:00,22392.1,22402.23,22390.81,22398.48,573
2025-12-03 11:50:00,22398.48,22408.82,22397.19,22408.5,3371
2025-12-03 11:55:00,22408.5,22410.22,22393.14,22394.48,3827
2025-12-03 12:00:00,22394.48,22404.74,22392.55,22403.93,903
2025-12-03 12:05:00,22403.93,22409.38,22400.58,22404.75,5782
2025-12-03 12:10:00,22404.75,22417.73,22402.26,22414.57,84731
2025-12-03 12:15:00,22414.57,22416.11,22404.0,22404.0,293
2025-12-03 12:20:00,22404.0,22409.61,22402.8,22407.95,17134
2025-12-03 12:25:00,22407.95,22410.94,22394.34,22394.61,3096
2025-12-03 12:30:00,22394.61,22396.23,22387.82,22388.88,10798
2025-12-03 12:35:00,22388.88,22390.08,22387.0,22387.89,64908
2025-12-03 12:40:00,22387.89,22392.1,22381.32,22381.39,378
2025-12-03 12:45:00,22381.39,22392.59,22379.69,22392.34,18690
2025-12-03 12:50:00,22392.34,22396.23,22390.39,22395.04,2984
2025-12-03 12:55:00,22395.04,22404.84,22394.15,22400.53,1143
2025-12-03 13:00:00,22400.53,22415.0,22400.05,22413.76,6182
2025-12-03 13:05:00,22413.76,22417.0,22401.78,22405.77,5374
2025-12-03 13:10:00,22405.77,22419.63,22404.17,22418.49,3169
2025-12-03 13:15:00,22418.49,22422.76,22417.42,22421.97,4720
2025-12-03 13:20:00,22421.97,22423.01,22412.26,22413.98,3855
2025-12-03 13:25:00,22413.98,22425.64,22413.05,22423.21,515
2025-12-03 13:30:00,22423.21,22424.47,22412.41,22414.29,1310
2025-12-03 13:35:00,22414.29,22415.97,22411.94,22412.58,276
2025-12-03 13:40:00,22412.58,22423.37,22412.46,22421.7,5824
2025-12-03 13:45:00,22421.7,22425.49,22420.74,22423.3,818
2025-12-03 13:50:00,22423.3,22441.11,22423.0,22440.73,12656
2025-12-03 13:55:00,22440.73,22443.52,22435.74,22442.72,1973
2025-12-03 14:00:00,22442.72,22442.95,22438.04,22440.18,311
2025-12-03 14:05:00,22440.18,22441.35,22421.19,22424.45,1576
2025-12-03 14:10:00,22424.45,22430.26,22421.6,22428.47,3307
2025-12-03 14:15:00,22428.47,22438.76,22426.83,22435.37,10157
2025-12-03 14:20:00,22435.37,22445.44,22430.97,22443.01,1747
2025-12-03 14:25:00,22443.01,22444.72,22443.0,22443.88,29712
2025-12-03 14:30:00,22443.88,22445.61,22430.37,22433.12,13767
2025-12-03 14:35:00,22433.12,22434.83,22429.54,22430.22,28294
2025-12-03 14:40:00,22430.22,22432.87,22424.93,22430.81,7311
2025-12-03 14:45:00,22430.81,22432.65,22430.08,22431.21,107146
2025-12-03 14:50:00,22431.21,22433.2,22429.54,22432.65,15457
2025-12-03 14:55:00,22432.65,22440.58,22431.5,22439.59,310
2025-12-03 15:00:00,22439.59,22441.97,22436.17,22441.07,938
2025-12-03 15:05:00,22441.07,22442.86,22428.17,22430.84,22136
2025-12-03 15:10:00,22430.84,22443.87,22428.4,22443.23,3644
2025-12-03 15:15:00,22443.23,22443.9,22441.85,22442.47,292
2025-12-03 15:20:00,22442.47,22444.66,22440.98,22444.58,3429
2025-12-03 15:25:00,22444.58,22446.33,22443.14,22443.28,9021
2025-12-03 15:30:00,22443.28,22443.46,22433.67,22434.13,1015
2025-12-04 09:15:00,22420.61,22424.72,22419.91,22422.45,778
2025-12-04 09:20:00,22422.45,22435.63,22420.73,22430.95,6642
2025-12-04 09:25:00,22430.95,22433.04,22422.61,22425.14,6129
2025-12-04 09:30:00,22425.14,22425.55,22416.1,22418.16,10234
2025-12-04 09:35:00,22418.16,22419.26,22410.77,22411.46,2510
2025-12-04 09:40:00,22411.46,22414.17,22411.04,22412.64,29599
2025-12-04 09:45:00,22412.64,22414.99,22403.42,22406.42,876
2025-12-04 09:50:00,22406.42,22407.02,22393.68,22394.78,49163
2025-12-04 09:55:00,22394.78,22396.66,22392.48,22395.06,15288
2025-12-04 10:00:00,22395.06,22395.14,22388.58,22390.49,1441
2025-12-04 10:05:00,22390.49,22390.52,22388.75,22390.12,7230
2025-12-04 10:10:00,22390.12,22390.25,22387.62,22388.36,324
2025-12-04 10:15:00,22388.36,22394.2,22386.59,22390.42,934
2025-12-04 10:20:00,22390.42,22391.87,22382.56,22383.45,2350
2025-12-04 10:25:00,22383.45,22383.64,22372.98,22376.11,3696
2025-12-04 10:30:00,22376.11,22385.58,22373.04,22383.08,31861
2025-12-04 10:35:00,22383.08,22385.35,22377.88,22378.19,2338
2025-12-04 10:40:00,22378.19,22383.46,22377.92,22381.69,1682
2025-12-04 10:45:00,22381.69,22382.37,22370.6,22371.13,2355
2025-12-04 10:50:00,22371.13,22374.31,22359.7,22361.45,12660
2025-12-04 10:55:00,22361.45,22364.91,22355.1,22359.01,2719
2025-12-04 11:00:00,22359.01,22359.84,22350.68,22353.02,2879
2025-12-04 11:05:00,22353.02,22365.41,22350.86,22363.24,1084
2025-12-04 11:10:00,22363.24,22376.33,22362.95,22370.9,348
2025-12-04 11:15:00,22370.9,22371.5,22366.38,22367.09,1301
2025-12-04 11:20:00,22367.09,22371.68,22354.58,22358.32,521
2025-12-04 11:25:00,22358.32,22371.77,22358.06,22370.97,2711
2025-12-04 11:30:00,22370.97,22372.94,22365.44,22365.69,1458
2025-12-04 11:35:00,22365.69,22367.48,22351.97,22355.26,3036
2025-12-04 11:40:00,22355.26,22355.79,22342.94,22345.68,18014
2025-12-04 11:45:00,22345.68,22345.86,22341.67,22345.43,6510
2025-12-04 11:50:00,22345.43,22348.28,22342.02,22342.8,10342
2025-12-04 11:55:00,22342.8,22343.39,22337.02,22337.75,2261
2025-12-04 12:00:00,22337.75,22338.19,22315.91,22317.85,1156
2025-12-04 12:05:00,22317.85,22319.78,22317.13,22318.27,2154
2025-12-04 12:10:00,22318.27,22320.93,22308.9,22310.75,1203
2025-12-04 12:15:00,22310.75,22315.81,22309.47,22314.74,234
2025-12-04 12:20:00,22314.74,22323.93,22314.02,22322.79,155877
2025-12-04 12:25:00,22322.79,22325.98,22318.38,22325.2,23972
2025-12-04 12:30:00,22325.2,22327.21,22313.78,22314.44,24949
2025-12-04 12:35:00,22314.44,22320.94,22313.83,22320.63,1211
2025-12-04 12:40:00,22320.63,22321.89,22318.69,22321.75,12717
2025-12-04 12:45:00,22321.75,22326.42,22320.26,22325.7,2596
2025-12-04 12:50:00,22325.7,22326.5,22316.87,22317.04,11676
2025-12-04 12:55:00,22317.04,22319.46,22315.46,22315.57,3533
2025-12-04 13:00:00,22315.57,22318.9,22313.54,22317.06,1222
2025-12-04 13:05:00,22317.06,22319.14,22310.73,22312.13,26192
2025-12-04 13:10:00,22312.13,22312.61,22306.68,22309.61,6363
2025-12-04 13:15:00,22309.61,22315.48,22308.25,22313.1,739
2025-12-04 13:20:00,22313.1,22313.79,22302.86,22304.03,2137
2025-12-04 13:25:00,22304.03,22305.95,22290.25,22292.5,160
2025-12-04 13:30:00,22292.5,22301.95,22290.79,22300.33,2690
2025-12-04 13:35:00,22300.33,22300.93,22297.9,22300.56,464
2025-12-04 13:40:00,22300.56,22307.62,22299.13,22305.42,97445
2025-12-04 13:45:00,22305.42,22307.34,22300.98,22301.19,18960
2025-12-04 13:50:00,22301.19,22301.97,22298.52,22301.13,1426
2025-12-04 13:55:00,22301.13,22302.16,22288.59,22289.83,24054
2025-12-04 14:00:00,22289.83,22293.35,22287.11,22290.72,1533
2025-12-04 14:05:00,22290.72,22290.94,22288.24,22288.41,8403
2025-12-04 14:10:00,22288.41,22288.68,22284.76,22284.85,743
2025-12-04 14:15:00,22284.85,22285.14,22283.61,22283.94,3126
2025-12-04 14:20:00,22283.94,22285.41,22281.39,22284.54,515
2025-12-04 14:25:00,22284.54,22290.1,22276.7,22278.78,391
2025-12-04 14:30:00,22278.78,22288.81,22278.31,22284.65,74513
2025-12-04 14:35:00,22284.65,22288.62,22269.29,22272.29,11470
2025-12-04 14:40:00,22272.29,22282.32,22270.93,22281.29,23989
2025-12-04 14:45:00,22281.29,22296.08,22276.69,22295.59,870
2025-12-04 14:50:00,22295.59,22296.11,22291.8,22292.18,15967
2025-12-04 14:55:00,22292.18,22302.71,22289.98,22302.37,5097
2025-12-04 15:00:00,22302.37,22304.7,22302.23,22302.89,65298
2025-12-04 15:05:00,22302.89,22303.92,22291.13,22291.38,5762
2025-12-04 15:10:00,22291.38,22301.57,22288.54,22301.52,10548
2025-12-04 15:15:00,22301.52,22311.45,22301.52,22307.56,274
2025-12-04 15:20:00,22307.56,22309.37,22300.63,22302.25,3551
2025-12-04 15:25:00,22302.25,22304.01,22289.09,22291.96,4891
2025-12-04 15:30:00,22291.96,22292.69,22284.44,22285.45,6517
2025-12-05 09:15:00,22516.85,22517.46,22515.31,22516.19,3916
2025-12-05 09:20:00,22516.19,22519.9,22512.58,22519.71,4901
2025-12-05 09:25:00,22519.71,22523.98,22517.14,22522.62,27277
2025-12-05 09:30:00,22522.62,22527.01,22520.35,22526.55,868
2025-12-05 09:35:00,22526.55,22537.25,22525.45,22536.98,6403
2025-12-05 09:40:00,22536.98,22539.98,22527.75,22530.46,1480
2025-12-05 09:45:00,22530.46,22535.7,22522.47,22525.43,399
2025-12-05 09:50:00,22525.43,22527.16,22522.74,22526.51,1955
2025-12-05 09:55:00,22526.51,22531.61,22522.71,22530.55,2459
2025-12-05 10:00:00,22530.55,22532.36,22517.92,22519.49,775
2025-12-05 10:05:00,22519.49,22520.41,22508.85,22513.36,4934
2025-12-05 10:10:00,22513.36,22515.3,22508.98,22511.18,1177
2025-12-05 10:15:00,22511.18,22513.19,22496.76,22499.12,13279
2025-12-05 10:20:00,22499.12,22499.37,22492.78,22493.54,443
2025-12-05 10:25:00,22493.54,22494.74,22489.78,22492.19,10033
2025-12-05 10:30:00,22492.19,22493.16,22484.33,22485.39,1101
2025-12-05 10:35:00,22485.39,22486.32,22485.14,22485.7,83
2025-12-05 10:40:00,22485.7,22486.93,22468.98,22471.06,760
2025-12-05 10:45:00,22471.06,22471.65,22467.72,22469.11,142
2025-12-05 10:50:00,22469.11,22469.77,22460.61,22462.02,126455
2025-12-05 10:55:00,22462.02,22464.83,22459.39,22460.19,21622
2025-12-05 11:00:00,22460.19,22462.87,22458.28,22461.06,8065
2025-12-05 11:05:00,22461.06,22461.82,22450.85,22452.85,17550
2025-12-05 11:10:00,22452.85,22453.56,22449.86,22452.32,485
2025-12-05 11:15:00,22452.32,22458.57,22450.19,22455.83,2024
2025-12-05 11:20:00,22455.83,22466.96,22453.38,22465.97,25259
2025-12-05 11:25:00,22465.97,22480.15,22464.45,22478.38,1883
2025-12-05 11:30:00,22478.38,22480.95,22475.0,22479.55,3701
2025-12-05 11:35:00,22479.55,22480.23,22457.22,22457.92,2664
2025-12-05 11:40:00,22457.92,22459.53,22452.73,22454.97,4557
2025-12-05 11:45:00,22454.97,22455.05,22452.22,22452.26,894
2025-12-05 11:50:00,22452.26,22457.81,22449.18,22456.89,19594
2025-12-05 11:55:00,22456.89,22458.53,22449.5,22451.4,8466
2025-12-05 12:00:00,22451.4,22453.45,22446.71,22447.27,53
2025-12-05 12:05:00,22447.27,22447.63,22433.1,22433.26,1713
2025-12-05 12:10:00,22433.26,22434.9,22419.84,22420.63,7134
2025-12-05 12:15:00,22420.63,22422.94,22419.7,22420.5,971
2025-12-05 12:20:00,22420.5,22423.3,22418.04,22418.25,15806
2025-12-05 12:25:00,22418.25,22426.54,22417.65,22423.74,22452
2025-12-05 12:30:00,22423.74,22426.68,22422.15,22422.19,8611
2025-12-05 12:35:00,22422.19,22434.38,22421.75,22433.99,20605
2025-12-05 12:40:00,22433.99,22436.63,22428.64,22432.93,1473
2025-12-05 12:45:00,22432.93,22436.51,22431.71,22434.2,657
2025-12-05 12:50:00,22434.2,22439.81,22433.62,22436.23,4305
2025-12-05 12:55:00,22436.23,22439.31,22430.88,22434.07,3481
2025-12-05 13:00:00,22434.07,22446.04,22432.31,22445.52,4463
2025-12-05 13:05:00,22445.52,22447.87,22440.85,22443.79,1172
2025-12-05 13:10:00,22443.79,22446.45,22428.06,22429.07,1197
2025-12-05 13:15:00,22429.07,22432.55,22412.37,22414.94,3254
2025-12-05 13:20:00,22414.94,22423.09,22414.82,22422.25,232
2025-12-05 13:25:00,22422.25,22422.62,22414.19,22415.77,4044
2025-12-05 13:30:00,22415.77,22423.15,22413.31,22421.22,80416
2025-12-05 13:35:00,22421.22,22427.36,22419.04,22427.36,103581
2025-12-05 13:40:00,22427.36,22427.81,22411.09,22415.85,3979
2025-12-05 13:45:00,22415.85,22418.85,22414.54,22418.77,137
2025-12-05 13:50:00,22418.77,22424.67,22417.59,22421.76,5768
2025-12-05 13:55:00,22421.76,22422.68,22408.43,22409.22,949
2025-12-05 14:00:00,22409.22,22410.0,22402.37,22403.13,416
2025-12-05 14:05:00,22403.13,22403.22,22397.76,22399.96,44134
2025-12-05 14:10:00,22399.96,22401.3,22391.17,22393.13,44254
2025-12-05 14:15:00,22393.13,22399.43,22390.92,22397.55,4028
2025-12-05 14:20:00,22397.55,22400.3,22396.05,22399.61,4947
2025-12-05 14:25:00,22399.61,22403.24,22392.71,22395.25,29858
2025-12-05 14:30:00,22395.25,22395.85,22392.69,22394.36,1158
2025-12-05 14:35:00,22394.36,22406.69,22392.92,22401.27,745
2025-12-05 14:40:00,22401.27,22401.7,22390.47,22391.25,8552
2025-12-05 14:45:00,22391.25,22394.5,22390.51,22393.17,3591
2025-12-05 14:50:00,22393.17,22402.22,22393.11,22400.66,775
2025-12-05 14:55:00,22400.66,22401.76,22394.81,22395.44,4456
2025-12-05 15:00:00,22395.44,22401.26,22395.41,22401.16,3695
2025-12-05 15:05:00,22401.16,22403.01,22393.52,22397.03,1050
2025-12-05 15:10:00,22397.03,22402.22,22396.56,22400.82,6000
2025-12-05 15:15:00,22400.82,22407.14,22398.82,22404.98,16171
2025-12-05 15:20:00,22404.98,22406.63,22393.56,22395.94,2391
2025-12-05 15:25:00,22395.94,22398.74,22377.69,22378.19,520
2025-12-05 15:30:00,22378.19,22378.25,22371.95,22374.88,1928
2025-12-08 09:15:00,22503.63,22517.93,22503.06,22515.06,156
2025-12-08 09:20:00,22515.06,22520.84,22514.9,22518.74,40817
2025-12-08 09:25:00,22518.74,22526.76,22516.57,22525.62,4915
2025-12-08 09:30:00,22525.62,22526.62,22503.29,22505.68,887
2025-12-08 09:35:00,22505.68,22507.77,22500.32,22503.89,37132
2025-12-08 09:40:00,22503.89,22504.19,22495.46,22496.82,7498
2025-12-08 09:45:00,22496.82,22502.52,22496.16,22500.9,243557
2025-12-08 09:50:00,22500.9,22504.32,22491.89,22492.68,283
2025-12-08 09:55:00,22492.68,22494.68,22478.89,22480.74,711
2025-12-08 10:00:00,22480.74,22485.89,22480.38,22484.88,11399
2025-12-08 10:05:00,22484.88,22485.41,22478.02,22478.75,162
2025-12-08 10:10:00,22478.75,22479.44,22458.69,22459.67,65928
2025-12-08 10:15:00,22459.67,22462.58,22459.28,22460.94,4655
2025-12-08 10:20:00,22460.94,22478.52,22460.11,22474.27,73378
2025-12-08 10:25:00,22474.27,22479.83,22473.02,22476.53,2841
2025-12-08 10:30:00,22476.53,22481.23,22474.19,22476.8,575
2025-12-08 10:35:00,22476.8,22485.12,22476.15,22483.38,10261
2025-12-08 10:40:00,22483.38,22485.78,22482.04,22482.06,3251
2025-12-08 10:45:00,22482.06,22483.43,22479.1,22479.94,12895
2025-12-08 10:50:00,22479.94,22482.14,22469.51,22470.88,2610
2025-12-08 10:55:00,22470.88,22472.66,22466.03,22467.25,2207
2025-12-08 11:00:00,22467.25,22481.52,22464.1,22478.44,1952
2025-12-08 11:05:00,22478.44,22490.19,22476.63,22488.29,87
2025-12-08 11:10:00,22488.29,22503.4,22488.04,22501.67,760
2025-12-08 11:15:00,22501.67,22507.98,22499.06,22507.23,5781
2025-12-08 11:20:00,22507.23,22508.91,22491.55,22495.76,352
2025-12-08 11:25:00,22495.76,22501.12,22492.8,22497.19,2970
2025-12-08 11:30:00,22497.19,22501.18,22489.17,22492.84,810
2025-12-08 11:35:00,22492.84,22498.8,22491.65,22497.3,316
2025-12-08 11:40:00,22497.3,22497.65,22496.33,22497.2,5787
2025-12-08 11:45:00,22497.2,22499.51,22490.98,22491.2,5318
2025-12-08 11:50:00,22491.2,22493.05,22478.24,22481.78,1252
2025-12-08 11:55:00,22481.78,22483.05,22478.59,22479.72,49345
2025-12-08 12:00:00,22479.72,22484.6,22472.04,22472.91,3422
2025-12-08 12:05:00,22472.91,22481.78,22470.92,22476.72,555
2025-12-08 12:10:00,22476.72,22476.79,22467.23,22470.68,3082
2025-12-08 12:15:00,22470.68,22484.53,22470.1,22484.23,1179
2025-12-08 12:20:00,22484.23,22493.07,22480.54,22491.42,54178
2025-12-08 12:25:00,22491.42,22493.5,22489.36,22493.47,15401
2025-12-08 12:30:00,22493.47,22494.53,22484.38,22487.02,5506
2025-12-08 12:35:00,22487.02,22495.06,22486.11,22492.36,395
2025-12-08 12:40:00,22492.36,22493.46,22483.7,22485.17,1898
2025-12-08 12:45:00,22485.17,22485.54,22472.06,22472.15,998
2025-12-08 12:50:00,22472.15,22472.51,22469.01,22470.64,325
2025-12-08 12:55:00,22470.64,22486.35,22470.44,22485.08,13578
2025-12-08 13:00:00,22485.08,22515.8,22484.18,22513.31,1031
2025-12-08 13:05:00,22513.31,22514.75,22506.75,22509.0,2801
2025-12-08 13:10:00,22509.0,22510.9,22497.1,22497.21,5617
2025-12-08 13:15:00,22497.21,22497.94,22492.9,22493.48,520
2025-12-08 13:20:00,22493.48,22495.2,22488.83,22490.61,125
2025-12-08 13:25:00,22490.61,22502.7,22488.29,22501.33,14811
2025-12-08 13:30:00,22501.33,22503.51,22485.92,22491.04,41208
2025-12-08 13:35:00,22491.04,22491.56,22489.53,22490.79,5701
2025-12-08 13:40:00,22490.79,22494.85,22482.41,22485.05,3076
2025-12-08 13:45:00,22485.05,22485.19,22473.85,22476.0,921
2025-12-08 13:50:00,22476.0,22483.32,22475.98,22482.83,11141
2025-12-08 13:55:00,22482.83,22489.57,22481.91,22486.67,1564
2025-12-08 14:00:00,22486.67,22487.53,22474.33,22476.26,20951
2025-12-08 14:05:00,22476.26,22487.53,22474.1,22483.95,189
2025-12-08 14:10:00,22483.95,22491.87,22482.54,22491.13,403
2025-12-08 14:15:00,22491.13,22503.43,22489.79,22500.5,667
2025-12-08 14:20:00,22500.5,22500.69,22482.85,22486.47,162813
2025-12-08 14:25:00,22486.47,22489.48,22486.0,22487.24,6300
2025-12-08 14:30:00,22487.24,22487.63,22483.43,22484.51,1251
2025-12-08 14:35:00,22484.51,22484.62,22482.23,22483.89,602
2025-12-08 14:40:00,22483.89,22487.71,22481.15,22483.47,22556
2025-12-08 14:45:00,22483.47,22484.31,22481.47,22483.67,30957
2025-12-08 14:50:00,22483.67,22486.3,22465.44,22468.06,1967
2025-12-08 14:55:00,22468.06,22470.56,22461.57,22462.68,363
2025-12-08 15:00:00,22462.68,22479.46,22462.57,22479.41,7202
2025-12-08 15:05:00,22479.41,22489.0,22477.26,22487.11,1157
2025-12-08 15:10:00,22487.11,22488.65,22483.67,22484.73,2958
2025-12-08 15:15:00,22484.73,22489.49,22481.17,22487.92,8709
2025-12-08 15:20:00,22487.92,22489.33,22484.49,22486.05,33252
2025-12-08 15:25:00,22486.05,22499.57,22483.16,22496.88,4615
2025-12-08 15:30:00,22496.88,22498.88,22495.41,22497.13,1875
2025-12-09 09:15:00,22470.24,22471.95,22467.38,22469.96,3238
2025-12-09 09:20:00,22469.96,22489.6,22468.85,22486.35,3130
2025-12-09 09:25:00,22486.35,22496.25,22485.73,22495.45,549
2025-12-09 09:30:00,22495.45,22496.09,22483.47,22486.19,1342
2025-12-09 09:35:00,22486.19,22492.17,22482.98,22490.2,18693
2025-12-09 09:40:00,22490.2,22492.07,22473.06,22477.63,921
2025-12-09 09:45:00,22477.63,22484.59,22476.71,22483.76,303
2025-12-09 09:50:00,22483.76,22491.25,22483.74,22490.14,2593
2025-12-09 09:55:00,22490.14,22492.45,22478.04,22479.97,5423
2025-12-09 10:00:00,22479.97,22489.02,22479.69,22488.37,223
2025-12-09 10:05:00,22488.37,22488.43,22482.3,22486.21,8353
2025-12-09 10:10:00,22486.21,22499.69,22484.79,22498.5,3553
2025-12-09 10:15:00,22498.5,22502.27,22497.73,22500.39,2189
2025-12-09 10:20:00,22500.39,22517.39,22497.98,22513.23,731
2025-12-09 10:25:00,22513.23,22515.59,22500.79,22502.26,19570
2025-12-09 10:30:00,22502.26,22512.78,22501.14,22508.66,2357
2025-12-09 10:35:00,22508.66,22513.89,22507.1,22511.41,1121
2025-12-09 10:40:00,22511.41,22515.61,22508.66,22508.93,176
2025-12-09 10:45:00,22508.93,22511.09,22507.98,22509.36,36889
2025-12-09 10:50:00,22509.36,22511.74,22496.32,22497.67,227
2025-12-09 10:55:00,22497.67,22519.49,22495.92,22519.36,361
2025-12-09 11:00:00,22519.36,22519.62,22517.39,22517.6,1907
2025-12-09 11:05:00,22517.6,22523.44,22513.73,22522.67,2382
2025-12-09 11:10:00,22522.67,22523.37,22501.77,22503.73,3808
2025-12-09 11:15:00,22503.73,22516.14,22501.6,22514.24,1556
2025-12-09 11:20:00,22514.24,22528.99,22512.56,22528.26,8357
2025-12-09 11:25:00,22528.26,22529.95,22523.82,22524.78,2788
2025-12-09 11:30:00,22524.78,22539.38,22524.73,22535.52,7611
2025-12-09 11:35:00,22535.52,22539.68,22535.37,22537.06,2260
2025-12-09 11:40:00,22537.06,22542.0,22536.28,22541.8,6465
2025-12-09 11:45:00,22541.8,22543.02,22535.53,22536.58,22688
2025-12-09 11:50:00,22536.58,22537.37,22510.74,22510.81,239
2025-12-09 11:55:00,22510.81,22514.24,22509.63,22513.29,55
2025-12-09 12:00:00,22513.29,22525.7,22511.92,22524.22,9059
2025-12-09 12:05:00,22524.22,22525.54,22516.44,22517.21,133
2025-12-09 12:10:00,22517.21,22528.1,22515.5,22526.55,1628
2025-12-09 12:15:00,22526.55,22528.84,22525.45,22528.73,399
2025-12-09 12:20:00,22528.73,22528.96,22518.99,22522.79,2513
2025-12-09 12:25:00,22522.79,22531.55,22521.82,22531.47,2058
2025-12-09 12:30:00,22531.47,22532.68,22527.37,22530.12,5112
2025-12-09 12:35:00,22530.12,22541.55,22529.29,22539.62,1005
2025-12-09 12:40:00,22539.62,22542.85,22538.16,22542.14,737
2025-12-09 12:45:00,22542.14,22543.85,22538.01,22542.48,71857
2025-12-09 12:50:00,22542.48,22546.53,22539.9,22540.22,3134
2025-12-09 12:55:00,22540.22,22542.2,22538.06,22539.56,4660
2025-12-09 13:00:00,22539.56,22543.37,22536.01,22543.16,324
2025-12-09 13:05:00,22543.16,22544.41,22541.53,22544.28,840
2025-12-09 13:10:00,22544.28,22544.59,22529.77,22530.33,27844
2025-12-09 13:15:00,22530.33,22532.64,22515.43,22520.17,1691
2025-12-09 13:20:00,22520.17,22520.98,22509.81,22509.84,6944
2025-12-09 13:25:00,22509.84,22512.95,22502.88,22505.11,219
2025-12-09 13:30:00,22505.11,22518.51,22504.7,22513.96,320142
2025-12-09 13:35:00,22513.96,22516.2,22513.75,22513.86,2762
2025-12-09 13:40:00,22513.86,22516.47,22511.79,22515.15,37470
2025-12-09 13:45:00,22515.15,22518.56,22513.89,22517.11,20528
2025-12-09 13:50:00,22517.11,22517.67,22513.19,22515.05,668
2025-12-09 13:55:00,22515.05,22521.45,22513.35,22520.56,1135
2025-12-09 14:00:00,22520.56,22527.41,22520.32,22526.15,3048
2025-12-09 14:05:00,22526.15,22529.09,22510.14,22510.81,986
2025-12-09 14:10:00,22510.81,22521.2,22509.37,22519.27,45691
2025-12-09 14:15:00,22519.27,22520.56,22517.43,22518.6,118013
2025-12-09 14:20:00,22518.6,22534.49,22517.83,22534.47,22901
2025-12-09 14:25:00,22534.47,22535.78,22531.55,22533.29,3353
2025-12-09 14:30:00,22533.29,22536.43,22529.86,22534.76,4248
2025-12-09 14:35:00,22534.76,22542.45,22531.88,22542.0,1037
2025-12-09 14:40:00,22542.0,22542.13,22533.39,22533.56,9461
2025-12-09 14:45:00,22533.56,22536.3,22523.43,22527.36,2810
2025-12-09 14:50:00,22527.36,22539.47,22525.21,22537.36,14341
2025-12-09 14:55:00,22537.36,22544.3,22531.45,22544.27,1138
2025-12-09 15:00:00,22544.27,22546.22,22539.01,22539.26,1590
2025-12-09 15:05:00,22539.26,22541.38,22531.23,22532.66,16030
2025-12-09 15:10:00,22532.66,22533.69,22526.46,22527.37,4956
2025-12-09 15:15:00,22527.37,22537.11,22525.33,22531.02,25707
2025-12-09 15:20:00,22531.02,22532.97,22521.72,22522.62,959
2025-12-09 15:25:00,22522.62,22528.31,22520.39,22524.41,29995
2025-12-09 15:30:00,22524.41,22526.9,22516.28,22516.99,197
2025-12-10 09:15:00,22481.77,22482.68,22480.34,22480.83,6075
2025-12-10 09:20:00,22480.83,22488.84,22480.01,22486.49,378
2025-12-10 09:25:00,22486.49,22492.37,22481.25,22482.7,104185
2025-12-10 09:30:00,22482.7,22494.34,22482.09,22493.86,2821
2025-12-10 09:35:00,22493.86,22493.9,22477.54,22479.96,1212
2025-12-10 09:40:00,22479.96,22484.96,22478.14,22483.25,1514
2025-12-10 09:45:00,22483.25,22484.9,22472.53,22475.11,772
2025-12-10 09:50:00,22475.11,22488.3,22474.86,22486.47,1402
2025-12-10 09:55:00,22486.47,22498.52,22484.74,22495.9,4718
2025-12-10 10:00:00,22495.9,22498.28,22490.16,22494.05,953
2025-12-10 10:05:00,22494.05,22501.48,22492.94,22499.36,14143
2025-12-10 10:10:00,22499.36,22508.93,22498.42,22505.47,433
2025-12-10 10:15:00,22505.47,22505.89,22501.31,22501.43,1652
2025-12-10 10:20:00,22501.43,22502.37,22482.21,22486.15,5981
2025-12-10 10:25:00,22486.15,22492.17,22485.36,22491.03,12058
2025-12-10 10:30:00,22491.03,22494.81,22489.43,22494.19,2051
2025-12-10 10:35:00,22494.19,22497.33,22493.56,22496.7,5760
2025-12-10 10:40:00,22496.7,22505.93,22496.55,22503.37,419
2025-12-10 10:45:00,22503.37,22503.46,22496.94,22500.61,23932
2025-12-10 10:50:00,22500.61,22502.51,22497.88,22501.75,1158
2025-12-10 10:55:00,22501.75,22506.56,22501.38,22506.34,936
2025-12-10 11:00:00,22506.34,22520.41,22504.94,22519.66,179
2025-12-10 11:05:00,22519.66,22531.21,22519.47,22529.1,2120
2025-12-10 11:10:00,22529.1,22536.88,22525.58,22532.3,9633
2025-12-10 11:15:00,22532.3,22532.34,22524.51,22525.01,1567
2025-12-10 11:20:00,22525.01,22527.28,22522.87,22524.93,202
2025-12-10 11:25:00,22524.93,22529.9,22522.58,22529.24,4038
2025-12-10 11:30:00,22529.24,22529.32,22513.94,22516.79,5954
2025-12-10 11:35:00,22516.79,22517.69,22508.81,22509.39,935
2025-12-10 11:40:00,22509.39,22512.42,22507.67,22508.93,42081
2025-12-10 11:45:00,22508.93,22531.45,22507.35,22531.27,206
2025-12-10 11:50:00,22531.27,22544.84,22530.3,22543.29,19068
2025-12-10 11:55:00,22543.29,22544.21,22540.3,22541.25,604
2025-12-10 12:00:00,22541.25,22551.54,22539.15,22549.43,761
2025-12-10 12:05:00,22549.43,22556.74,22546.73,22555.5,1201
2025-12-10 12:10:00,22555.5,22557.87,22552.94,22555.25,70752
2025-12-10 12:15:00,22555.25,22555.89,22547.63,22548.36,1584
2025-12-10 12:20:00,22548.36,22555.23,22547.75,22553.33,466
2025-12-10 12:25:00,22553.33,22563.72,22549.87,22563.53,102
2025-12-10 12:30:00,22563.53,22568.93,22562.82,22565.09,2125
2025-12-10 12:35:00,22565.09,22568.57,22564.47,22567.46,1795
2025-12-10 12:40:00,22567.46,22569.91,22561.51,22562.44,4341
2025-12-10 12:45:00,22562.44,22569.43,22560.89,22568.91,1207
2025-12-10 12:50:00,22568.91,22571.04,22567.9,22568.92,1374
2025-12-10 12:55:00,22568.92,22591.46,22568.56,22585.92,39677
2025-12-10 13:00:00,22585.92,22588.4,22585.72,22586.89,1095
2025-12-10 13:05:00,22586.89,22587.3,22567.4,22568.96,897
2025-12-10 13:10:00,22568.96,22572.45,22560.15,22564.96,4129
2025-12-10 13:15:00,22564.96,22567.32,22560.31,22561.25,43232
2025-12-10 13:20:00,22561.25,22566.0,22557.93,22559.27,13070
2025-12-10 13:25:00,22559.27,22559.62,22545.68,22546.58,2671
2025-12-10 13:30:00,22546.58,22548.61,22539.45,22540.25,321
2025-12-10 13:35:00,22540.25,22542.78,22522.62,22523.86,3401
2025-12-10 13:40:00,22523.86,22524.92,22518.18,22520.34,1560
2025-12-10 13:45:00,22520.34,22521.81,22502.75,22503.38,7441
2025-12-10 13:50:00,22503.38,22504.96,22500.36,22503.06,14577
2025-12-10 13:55:00,22503.06,22506.84,22501.09,22506.82,9044
2025-12-10 14:00:00,22506.82,22520.94,22502.99,22520.26,302
2025-12-10 14:05:00,22520.26,22521.97,22510.5,22511.02,21389
2025-12-10 14:10:00,22511.02,22512.76,22510.47,22510.9,299
2025-12-10 14:15:00,22510.9,22512.85,22500.13,22501.87,5138
2025-12-10 14:20:00,22501.87,22502.59,22485.65,22488.1,17409
2025-12-10 14:25:00,22488.1,22490.27,22483.37,22483.43,1141
2025-12-10 14:30:00,22483.43,22496.77,22480.64,22495.3,117
2025-12-10 14:35:00,22495.3,22496.43,22492.2,22495.06,17744
2025-12-10 14:40:00,22495.06,22500.45,22492.33,22500.4,8053
2025-12-10 14:45:00,22500.4,22502.47,22492.18,22493.81,5402
2025-12-10 14:50:00,22493.81,22496.86,22492.6,22495.17,959
2025-12-10 14:55:00,22495.17,22498.06,22493.03,22494.35,281
2025-12-10 15:00:00,22494.35,22496.34,22485.42,22485.93,2456
2025-12-10 15:05:00,22485.93,22486.9,22480.16,22481.86,4714
2025-12-10 15:10:00,22481.86,22483.66,22474.74,22476.01,1697
2025-12-10 15:15:00,22476.01,22476.48,22468.24,22475.62,887
2025-12-10 15:20:00,22475.62,22478.63,22470.33,22472.49,3805
2025-12-10 15:25:00,22472.49,22487.07,22471.7,22484.45,894
2025-12-10 15:30:00,22484.45,22486.05,22478.95,22480.41,176816
2025-12-11 09:15:00,22492.22,22502.02,22489.01,22501.04,5390
2025-12-11 09:20:00,22501.04,22511.33,22499.11,22509.62,8574
2025-12-11 09:25:00,22509.62,22525.27,22507.42,22524.44,1732
2025-12-11 09:30:00,22524.44,22539.58,22520.3,22535.92,3408
2025-12-11 09:35:00,22535.92,22535.94,22530.49,22532.38,1301
2025-12-11 09:40:00,22532.38,22536.47,22515.4,22517.4,608
2025-12-11 09:45:00,22517.4,22526.99,22517.27,22526.23,6149
2025-12-11 09:50:00,22526.23,22535.56,22523.19,22534.89,121
2025-12-11 09:55:00,22534.89,22542.65,22532.15,22540.97,3688
2025-12-11 10:00:00,22540.97,22542.3,22533.8,22535.59,7807
2025-12-11 10:05:00,22535.59,22536.56,22527.34,22527.35,2802
2025-12-11 10:10:00,22527.35,22537.38,22526.68,22533.35,1929
2025-12-11 10:15:00,22533.35,22534.84,22526.21,22526.64,13
2025-12-11 10:20:00,22526.64,22528.39,22519.97,22521.03,890
2025-12-11 10:25:00,22521.03,22524.12,22517.32,22519.31,11538
2025-12-11 10:30:00,22519.31,22520.4,22514.84,22515.31,2221
2025-12-11 10:35:00,22515.31,22519.78,22512.33,22518.59,2344
2025-12-11 10:40:00,22518.59,22526.45,22516.53,22523.54,360
2025-12-11 10:45:00,22523.54,22528.8,22521.75,22527.1,561
2025-12-11 10:50:00,22527.1,22529.08,22520.32,22521.84,1901
2025-12-11 10:55:00,22521.84,22534.54,22520.39,22534.45,799
2025-12-11 11:00:00,22534.45,22539.77,22533.95,22537.11,4914
2025-12-11 11:05:00,22537.11,22548.84,22535.68,22547.5,17459
2025-12-11 11:10:00,22547.5,22549.97,22544.76,22545.11,25777
2025-12-11 11:15:00,22545.11,22546.45,22541.83,22546.43,348
2025-12-11 11:20:00,22546.43,22549.66,22535.4,22536.14,3826
2025-12-11 11:25:00,22536.14,22548.97,22535.33,22548.48,2988
2025-12-11 11:30:00,22548.48,22552.77,22543.06,22549.43,6501
2025-12-11 11:35:00,22549.43,22552.34,22548.01,22551.11,2414
2025-12-11 11:40:00,22551.11,22552.3,22545.28,22546.06,884
2025-12-11 11:45:00,22546.06,22557.99,22544.6,22557.41,24049
2025-12-11 11:50:00,22557.41,22558.22,22555.79,22557.58,1004
2025-12-11 11:55:00,22557.58,22558.27,22555.67,22558.02,96418
2025-12-11 12:00:00,22558.02,22560.61,22544.13,22546.76,8689
2025-12-11 12:05:00,22546.76,22547.97,22535.61,22538.55,2848
2025-12-11 12:10:00,22538.55,22562.79,22537.16,22559.34,17150
2025-12-11 12:15:00,22559.34,22566.88,22558.76,22566.47,5803
2025-12-11 12:20:00,22566.47,22574.2,22564.39,22573.0,646
2025-12-11 12:25:00,22573.0,22574.88,22570.4,22571.17,13668
2025-12-11 12:30:00,22571.17,22577.25,22570.79,22572.04,3260
2025-12-11 12:35:00,22572.04,22574.16,22571.92,22572.89,16182
2025-12-11 12:40:00,22572.89,22575.39,22571.04,22573.8,1517
2025-12-11 12:45:00,22573.8,22576.78,22571.12,22574.39,1845
2025-12-11 12:50:00,22574.39,22579.21,22572.72,22575.55,1075
2025-12-11 12:55:00,22575.55,22575.93,22568.86,22569.18,1296
2025-12-11 13:00:00,22569.18,22576.05,22565.9,22572.6,166
2025-12-11 13:05:00,22572.6,22577.57,22572.29,22577.22,1640
2025-12-11 13:10:00,22577.22,22578.46,22576.06,22578.16,777
2025-12-11 13:15:00,22578.16,22578.63,22573.37,22574.57,10721
2025-12-11 13:20:00,22574.57,22575.14,22568.69,22570.62,17126
2025-12-11 13:25:00,22570.62,22571.06,22569.76,22570.14,531
2025-12-11 13:30:00,22570.14,22571.63,22567.31,22568.6,1987
2025-12-11 13:35:00,22568.6,22571.99,22567.19,22570.34,2652
2025-12-11 13:40:00,22570.34,22571.06,22568.0,22568.13,1522
2025-12-11 13:45:00,22568.13,22574.19,22564.94,22573.4,26844
2025-12-11 13:50:00,22573.4,22573.53,22564.96,22566.26,1826
2025-12-11 13:55:00,22566.26,22582.9,22565.54,22582.28,6714
2025-12-11 14:00:00,22582.28,22583.99,22571.87,22574.28,789
2025-12-11 14:05:00,22574.28,22575.37,22547.37,22551.48,3720
2025-12-11 14:10:00,22551.48,22552.76,22539.23,22540.15,647
2025-12-11 14:15:00,22540.15,22548.65,22537.84,22547.03,8845
2025-12-11 14:20:00,22547.03,22563.05,22541.3,22559.24,770
2025-12-11 14:25:00,22559.24,22582.54,22558.06,22581.84,4868
2025-12-11 14:30:00,22581.84,22582.63,22574.54,22577.18,2083
2025-12-11 14:35:00,22577.18,22587.58,22576.9,22587.46,6080
2025-12-11 14:40:00,22587.46,22600.14,22586.3,22596.83,1993
2025-12-11 14:45:00,22596.83,22600.28,22594.44,22598.16,652
2025-12-11 14:50:00,22598.16,22599.26,22580.02,22582.68,2487
2025-12-11 14:55:00,22582.68,22583.65,22568.98,22571.96,551
2025-12-11 15:00:00,22571.96,22577.42,22569.73,22575.07,2679
2025-12-11 15:05:00,22575.07,22576.31,22573.52,22575.75,9650
2025-12-11 15:10:00,22575.75,22579.56,22575.33,22578.43,6723
2025-12-11 15:15:00,22578.43,22578.44,22575.18,22575.73,1501
2025-12-11 15:20:00,22575.73,22576.67,22567.6,22570.22,17268
2025-12-11 15:25:00,22570.22,22572.8,22559.53,22560.17,7340
2025-12-11 15:30:00,22560.17,22560.45,22552.29,22552.92,321
2025-12-12 09:15:00,22480.41,22491.53,22477.69,22491.18,2242
2025-12-12 09:20:00,22491.18,22502.41,22486.34,22497.98,28090
2025-12-12 09:25:00,22497.98,22501.92,22495.12,22495.7,341
2025-12-12 09:30:00,22495.7,22500.08,22493.82,22499.26,16017
2025-12-12 09:35:00,22499.26,22507.66,22499.24,22505.7,356
2025-12-12 09:40:00,22505.7,22514.07,22502.92,22513.53,22653
2025-12-12 09:45:00,22513.53,22530.4,22509.21,22530.32,3418
2025-12-12 09:50:00,22530.32,22531.58,22524.0,22527.28,924
2025-12-12 09:55:00,22527.28,22534.28,22526.36,22533.16,13979
2025-12-12 10:00:00,22533.16,22533.97,22527.85,22530.12,32731
2025-12-12 10:05:00,22530.12,22536.59,22529.1,22535.28,3360
2025-12-12 10:10:00,22535.28,22539.82,22533.83,22537.85,3388
2025-12-12 10:15:00,22537.85,22539.7,22523.11,22524.12,2672
2025-12-12 10:20:00,22524.12,22539.71,22522.44,22539.23,4150
2025-12-12 10:25:00,22539.23,22539.88,22535.26,22536.42,18285
2025-12-12 10:30:00,22536.42,22539.7,22534.41,22536.22,1031
2025-12-12 10:35:00,22536.22,22554.56,22534.55,22553.9,35573
2025-12-12 10:40:00,22553.9,22570.59,22552.89,22570.52,2301
2025-12-12 10:45:00,22570.52,22578.8,22569.38,22576.24,3472
2025-12-12 10:50:00,22576.24,22588.85,22574.18,22588.23,1935
2025-12-12 10:55:00,22588.23,22591.9,22588.11,22591.67,1692
2025-12-12 11:00:00,22591.67,22603.9,22590.19,22602.43,71789
2025-12-12 11:05:00,22602.43,22615.03,22601.3,22610.26,196
2025-12-12 11:10:00,22610.26,22616.53,22602.38,22602.65,537
2025-12-12 11:15:00,22602.65,22606.38,22602.48,22603.13,1599
2025-12-12 11:20:00,22603.13,22617.97,22601.56,22615.15,1826
2025-12-12 11:25:00,22615.15,22634.13,22612.34,22631.03,2628
2025-12-12 11:30:00,22631.03,22649.47,22630.66,22649.06,342
2025-12-12 11:35:00,22649.06,22658.53,22647.48,22656.63,1159
2025-12-12 11:40:00,22656.63,22659.21,22650.81,22650.97,589
2025-12-12 11:45:00,22650.97,22651.82,22640.58,22641.55,1330
2025-12-12 11:50:00,22641.55,22645.44,22640.98,22645.29,3922
2025-12-12 11:55:00,22645.29,22645.5,22637.05,22637.35,312
2025-12-12 12:00:00,22637.35,22647.08,22637.17,22645.32,17096
2025-12-12 12:05:00,22645.32,22652.79,22644.59,22652.73,12348
2025-12-12 12:10:00,22652.73,22659.36,22651.14,22658.12,133
2025-12-12 12:15:00,22658.12,22659.52,22655.85,22659.35,5108
2025-12-12 12:20:00,22659.35,22671.42,22657.08,22670.03,1348
2025-12-12 12:25:00,22670.03,22679.17,22669.56,22676.25,151
2025-12-12 12:30:00,22676.25,22677.13,22673.07,22674.11,616
2025-12-12 12:35:00,22674.11,22681.09,22673.13,22680.88,3174
2025-12-12 12:40:00,22680.88,22704.28,22678.56,22701.97,5729
2025-12-12 12:45:00,22701.97,22708.1,22700.62,22703.31,1449
2025-12-12 12:50:00,22703.31,22705.62,22684.35,22688.31,2814
2025-12-12 12:55:00,22688.31,22697.07,22687.48,22694.86,702
2025-12-12 13:00:00,22694.86,22698.37,22676.86,22679.4,785
2025-12-12 13:05:00,22679.4,22681.43,22677.45,22678.12,2103
2025-12-12 13:10:00,22678.12,22680.49,22675.76,22678.21,5586
2025-12-12 13:15:00,22678.21,22678.87,22676.33,22678.1,11142
2025-12-12 13:20:00,22678.1,22678.46,22669.96,22670.52,1979
2025-12-12 13:25:00,22670.52,22675.77,22666.86,22675.2,300
2025-12-12 13:30:00,22675.2,22677.02,22673.02,22674.22,263
2025-12-12 13:35:00,22674.22,22678.26,22672.76,22676.99,340
2025-12-12 13:40:00,22676.99,22679.16,22673.22,22673.27,7642
2025-12-12 13:45:00,22673.27,22687.12,22672.16,22686.59,6008
2025-12-12 13:50:00,22686.59,22687.6,22679.2,22682.24,11960
2025-12-12 13:55:00,22682.24,22682.6,22677.08,22679.15,5732
2025-12-12 14:00:00,22679.15,22679.43,22671.3,22673.05,9760
2025-12-12 14:05:00,22673.05,22676.59,22666.89,22672.88,40896
2025-12-12 14:10:00,22672.88,22680.17,22672.65,22678.66,1319
2025-12-12 14:15:00,22678.66,22689.29,22677.09,22688.77,1471
2025-12-12 14:20:00,22688.77,22700.94,22685.71,22697.74,9279
2025-12-12 14:25:00,22697.74,22704.22,22695.12,22695.72,2972
2025-12-12 14:30:00,22695.72,22696.95,22693.07,22696.84,6878
2025-12-12 14:35:00,22696.84,22703.26,22694.94,22701.9,7376
2025-12-12 14:40:00,22701.9,22702.04,22698.43,22698.62,3503
2025-12-12 14:45:00,22698.62,22707.89,22694.46,22706.6,81609
2025-12-12 14:50:00,22706.6,22714.91,22704.13,22707.24,1325
2025-12-12 14:55:00,22707.24,22708.04,22699.93,22700.83,7468
2025-12-12 15:00:00,22700.83,22702.98,22687.66,22688.35,7588
2025-12-12 15:05:00,22688.35,22695.06,22686.39,22693.48,1394
2025-12-12 15:10:00,22693.48,22698.37,22689.39,22695.4,2140
2025-12-12 15:15:00,22695.4,22698.71,22682.81,22684.74,6747
2025-12-12 15:20:00,22684.74,22690.18,22683.78,22688.34,1557
2025-12-12 15:25:00,22688.34,22706.32,22686.87,22705.82,3009
2025-12-12 15:30:00,22705.82,22709.91,22689.88,22691.04,14532
2025-12-15 09:15:00,22489.41,22498.7,22486.18,22496.73,701
2025-12-15 09:20:00,22496.73,22498.45,22496.38,22498.43,22200
2025-12-15 09:25:00,22498.43,22501.13,22492.75,22492.79,1636
2025-12-15 09:30:00,22492.79,22521.16,22491.97,22519.81,611
2025-12-15 09:35:00,22519.81,22521.86,22504.54,22504.77,25361
2025-12-15 09:40:00,22504.77,22514.2,22504.12,22513.74,4461
2025-12-15 09:45:00,22513.74,22517.18,22509.21,22509.59,2618
2025-12-15 09:50:00,22509.59,22509.98,22490.19,22491.86,600
2025-12-15 09:55:00,22491.86,22493.45,22482.9,22485.86,14569
2025-12-15 10:00:00,22485.86,22486.63,22479.35,22481.6,5255
2025-12-15 10:05:00,22481.6,22502.84,22479.87,22501.28,16373
2025-12-15 10:10:00,22501.28,22504.03,22497.13,22498.75,36
2025-12-15 10:15:00,22498.75,22500.63,22490.41,22490.71,641
2025-12-15 10:20:00,22490.71,22494.53,22485.47,22485.64,82128
2025-12-15 10:25:00,22485.64,22496.47,22483.88,22492.08,13921
2025-12-15 10:30:00,22492.08,22508.63,22491.71,22507.88,14030
2025-12-15 10:35:00,22507.88,22520.47,22506.43,22519.51,3671
2025-12-15 10:40:00,22519.51,22527.76,22516.66,22526.16,52439
2025-12-15 10:45:00,22526.16,22526.69,22519.22,22521.03,170671
2025-12-15 10:50:00,22521.03,22524.67,22519.3,22522.97,9449
2025-12-15 10:55:00,22522.97,22524.65,22519.81,22521.47,1423
2025-12-15 11:00:00,22521.47,22524.11,22501.77,22505.38,34966
2025-12-15 11:05:00,22505.38,22509.24,22505.06,22505.91,2069
2025-12-15 11:10:00,22505.91,22506.61,22505.48,22506.36,16565
2025-12-15 11:15:00,22506.36,22508.99,22504.3,22507.56,5336
2025-12-15 11:20:00,22507.56,22510.27,22499.5,22499.8,2305
2025-12-15 11:25:00,22499.8,22500.53,22494.63,22500.5,405
2025-12-15 11:30:00,22500.5,22501.16,22483.83,22484.58,4789
2025-12-15 11:35:00,22484.58,22491.82,22481.57,22489.25,1293
2025-12-15 11:40:00,22489.25,22494.22,22484.86,22492.68,12500
2025-12-15 11:45:00,22492.68,22494.46,22491.1,22492.23,1225
2025-12-15 11:50:00,22492.23,22497.98,22489.58,22497.47,1550
2025-12-15 11:55:00,22497.47,22505.19,22496.33,22504.49,5294
2025-12-15 12:00:00,22504.49,22517.97,22503.72,22517.5,754
2025-12-15 12:05:00,22517.5,22524.38,22517.13,22519.5,2189
2025-12-15 12:10:00,22519.5,22521.35,22506.96,22508.58,4213
2025-12-15 12:15:00,22508.58,22510.01,22508.4,22509.4,19231
2025-12-15 12:20:00,22509.4,22513.3,22506.14,22510.38,5195
2025-12-15 12:25:00,22510.38,22512.89,22504.88,22505.67,2500
2025-12-15 12:30:00,22505.67,22518.95,22503.99,22518.26,11426
2025-12-15 12:35:00,22518.26,22526.0,22516.91,22525.66,2817
2025-12-15 12:40:00,22525.66,22529.87,22524.41,22527.54,2312
2025-12-15 12:45:00,22527.54,22543.08,22523.43,22538.35,230
2025-12-15 12:50:00,22538.35,22538.44,22533.05,22533.34,13488
2025-12-15 12:55:00,22533.34,22533.86,22523.72,22524.88,4641
2025-12-15 13:00:00,22524.88,22525.06,22523.26,22524.36,1387
2025-12-15 13:05:00,22524.36,22528.54,22523.16,22526.66,809
2025-12-15 13:10:00,22526.66,22531.63,22524.99,22531.56,766
2025-12-15 13:15:00,22531.56,22532.63,22515.79,22517.33,2648
2025-12-15 13:20:00,22517.33,22518.81,22511.66,22512.23,3735
2025-12-15 13:25:00,22512.23,22513.88,22512.18,22513.49,6411
2025-12-15 13:30:00,22513.49,22516.29,22506.66,22507.13,416
2025-12-15 13:35:00,22507.13,22510.34,22505.8,22508.63,81994
2025-12-15 13:40:00,22508.63,22509.3,22498.83,22502.34,5889
2025-12-15 13:45:00,22502.34,22503.59,22493.05,22495.25,8939
2025-12-15 13:50:00,22495.25,22503.36,22493.53,22503.31,32347
2025-12-15 13:55:00,22503.31,22507.64,22496.39,22497.31,568
2025-12-15 14:00:00,22497.31,22505.98,22496.1,22505.22,24397
2025-12-15 14:05:00,22505.22,22506.35,22495.4,22495.55,29921
2025-12-15 14:10:00,22495.55,22496.74,22489.32,22490.28,1254
2025-12-15 14:15:00,22490.28,22494.6,22485.85,22491.5,394
2025-12-15 14:20:00,22491.5,22491.57,22485.1,22488.93,408
2025-12-15 14:25:00,22488.93,22506.31,22488.09,22504.8,680
2025-12-15 14:30:00,22504.8,22510.81,22502.26,22509.37,694
2025-12-15 14:35:00,22509.37,22510.48,22506.49,22508.46,9063
2025-12-15 14:40:00,22508.46,22515.16,22504.9,22512.74,14709
2025-12-15 14:45:00,22512.74,22533.69,22508.95,22532.79,2008
2025-12-15 14:50:00,22532.79,22533.4,22519.71,22521.81,847
2025-12-15 14:55:00,22521.81,22523.0,22517.0,22517.01,7164
2025-12-15 15:00:00,22517.01,22519.87,22516.14,22518.91,4220
2025-12-15 15:05:00,22518.91,22521.49,22510.22,22511.49,16208
2025-12-15 15:10:00,22511.49,22511.89,22508.63,22509.62,649
2025-12-15 15:15:00,22509.62,22511.73,22495.01,22495.66,4096
2025-12-15 15:20:00,22495.66,22504.64,22493.9,22503.75,342
2025-12-15 15:25:00,22503.75,22510.35,22501.21,22507.59,8646
2025-12-15 15:30:00,22507.59,22516.09,22506.92,22512.69,7857
2025-12-16 09:15:00,22433.96,22435.33,22423.05,22423.06,3265
2025-12-16 09:20:00,22423.06,22438.64,22420.71,22438.47,1552
2025-12-16 09:25:00,22438.47,22441.13,22434.5,22435.98,6571
2025-12-16 09:30:00,22435.98,22437.93,22435.62,22436.04,1756
2025-12-16 09:35:00,22436.04,22453.42,22433.72,22453.23,1633
2025-12-16 09:40:00,22453.23,22460.76,22452.81,22458.9,87
2025-12-16 09:45:00,22458.9,22461.51,22457.85,22459.05,5818
2025-12-16 09:50:00,22459.05,22460.49,22444.45,22445.27,5516
2025-12-16 09:55:00,22445.27,22455.28,22444.46,22454.99,3055
2025-12-16 10:00:00,22454.99,22459.5,22446.23,22447.09,3869
2025-12-16 10:05:00,22447.09,22450.33,22440.89,22442.15,2000
2025-12-16 10:10:00,22442.15,22450.33,22437.87,22446.6,1043
2025-12-16 10:15:00,22446.6,22449.51,22441.66,22444.93,54382
2025-12-16 10:20:00,22444.93,22446.21,22444.53,22446.02,1549
2025-12-16 10:25:00,22446.02,22456.54,22445.33,22454.4,1675
2025-12-16 10:30:00,22454.4,22459.57,22447.47,22448.3,7479
2025-12-16 10:35:00,22448.3,22460.25,22444.8,22457.41,69
2025-12-16 10:40:00,22457.41,22458.32,22450.09,22451.26,4138
2025-12-16 10:45:00,22451.26,22451.28,22447.97,22449.92,315
2025-12-16 10:50:00,22449.92,22457.12,22446.75,22455.73,911
2025-12-16 10:55:00,22455.73,22461.84,22453.35,22461.28,13807
2025-12-16 11:00:00,22461.28,22463.64,22459.35,22462.97,7866
2025-12-16 11:05:00,22462.97,22465.62,22456.91,22457.49,28944
2025-12-16 11:10:00,22457.49,22468.89,22455.15,22466.66,20171
2025-12-16 11:15:00,22466.66,22467.68,22456.35,22457.58,33710
2025-12-16 11:20:00,22457.58,22459.86,22451.04,22451.41,4351
2025-12-16 11:25:00,22451.41,22455.82,22435.21,22435.65,4317
2025-12-16 11:30:00,22435.65,22437.83,22425.53,22426.65,6934
2025-12-16 11:35:00,22426.65,22428.21,22423.2,22425.55,1747
2025-12-16 11:40:00,22425.55,22438.87,22425.3,22438.73,94742
2025-12-16 11:45:00,22438.73,22440.32,22424.21,22427.54,1831
2025-12-16 11:50:00,22427.54,22436.38,22426.16,22434.41,5310
2025-12-16 11:55:00,22434.41,22443.04,22431.27,22440.8,2694
2025-12-16 12:00:00,22440.8,22451.04,22439.0,22450.35,4069
2025-12-16 12:05:00,22450.35,22454.76,22447.14,22453.92,552
2025-12-16 12:10:00,22453.92,22458.11,22452.25,22454.74,11018
2025-12-16 12:15:00,22454.74,22459.6,22451.98,22457.35,63311
2025-12-16 12:20:00,22457.35,22459.55,22456.95,22458.53,6604
2025-12-16 12:25:00,22458.53,22458.6,22455.76,22457.57,100552
2025-12-16 12:30:00,22457.57,22457.78,22444.01,22446.37,32468
2025-12-16 12:35:00,22446.37,22449.26,22440.39,22441.67,40801
2025-12-16 12:40:00,22441.67,22447.39,22440.85,22446.98,24890
2025-12-16 12:45:00,22446.98,22447.2,22439.08,22439.99,517
2025-12-16 12:50:00,22439.99,22442.2,22436.23,22437.36,7835
2025-12-16 12:55:00,22437.36,22439.58,22435.76,22438.53,1873
2025-12-16 13:00:00,22438.53,22440.62,22437.89,22440.07,2422
2025-12-16 13:05:00,22440.07,22446.38,22435.23,22437.05,5539
2025-12-16 13:10:00,22437.05,22437.95,22434.92,22435.18,4625
2025-12-16 13:15:00,22435.18,22438.32,22418.87,22420.14,4067
2025-12-16 13:20:00,22420.14,22423.1,22415.26,22418.22,965
2025-12-16 13:25:00,22418.22,22430.65,22416.45,22430.39,64658
2025-12-16 13:30:00,22430.39,22430.58,22424.29,22424.83,158
2025-12-16 13:35:00,22424.83,22426.6,22421.27,22422.35,7544
2025-12-16 13:40:00,22422.35,22423.66,22416.81,22419.35,1413
2025-12-16 13:45:00,22419.35,22422.03,22416.42,22421.7,12798
2025-12-16 13:50:00,22421.7,22424.08,22410.18,22411.34,2706
2025-12-16 13:55:00,22411.34,22413.37,22407.32,22407.7,3224
2025-12-16 14:00:00,22407.7,22414.69,22404.56,22413.94,914
2025-12-16 14:05:00,22413.94,22422.06,22411.18,22419.19,1781
2025-12-16 14:10:00,22419.19,22430.64,22418.85,22428.33,990
2025-12-16 14:15:00,22428.33,22438.34,22426.0,22435.98,489
2025-12-16 14:20:00,22435.98,22439.04,22435.38,22437.78,8258
2025-12-16 14:25:00,22437.78,22442.01,22431.25,22432.1,3277
2025-12-16 14:30:00,22432.1,22434.41,22426.26,22429.89,1378
2025-12-16 14:35:00,22429.89,22439.58,22427.51,22437.07,876
2025-12-16 14:40:00,22437.07,22438.06,22426.57,22427.84,5433
2025-12-16 14:45:00,22427.84,22429.58,22411.67,22411.73,6190
2025-12-16 14:50:00,22411.73,22418.16,22411.07,22417.87,3385
2025-12-16 14:55:00,22417.87,22423.98,22417.74,22423.35,1993
2025-12-16 15:00:00,22423.35,22424.97,22422.82,22424.0,5277
2025-12-16 15:05:00,22424.0,22435.28,22422.71,22434.74,11219
2025-12-16 15:10:00,22434.74,22436.91,22423.14,22423.82,6467
2025-12-16 15:15:00,22423.82,22424.58,22412.64,22413.85,1436
2025-12-16 15:20:00,22413.85,22422.82,22413.82,22421.4,1314
2025-12-16 15:25:00,22421.4,22424.24,22409.42,22410.61,1032
2025-12-16 15:30:00,22410.61,22416.5,22410.03,22416.36,5726
2025-12-17 09:15:00,22412.93,22413.17,22409.18,22410.18,8132
2025-12-17 09:20:00,22410.18,22426.64,22406.84,22425.13,148
2025-12-17 09:25:00,22425.13,22426.45,22423.51,22423.92,3636
2025-12-17 09:30:00,22423.92,22427.55,22410.51,22411.1,3652
2025-12-17 09:35:00,22411.1,22414.41,22406.75,22407.69,20087
2025-12-17 09:40:00,22407.69,22411.61,22407.6,22409.92,384
2025-12-17 09:45:00,22409.92,22418.54,22406.38,22418.38,1898
2025-12-17 09:50:00,22418.38,22422.75,22417.83,22422.09,475
2025-12-17 09:55:00,22422.09,22427.91,22417.77,22426.62,1708
2025-12-17 10:00:00,22426.62,22435.24,22423.14,22434.47,5672
2025-12-17 10:05:00,22434.47,22437.43,22434.33,22437.18,2007
2025-12-17 10:10:00,22437.18,22438.24,22432.89,22434.76,593
2025-12-17 10:15:00,22434.76,22438.85,22424.71,22425.77,4706
2025-12-17 10:20:00,22425.77,22427.02,22417.08,22417.31,4110
2025-12-17 10:25:00,22417.31,22417.63,22408.65,22409.5,945
2025-12-17 10:30:00,22409.5,22418.45,22408.37,22415.37,8322
2025-12-17 10:35:00,22415.37,22417.01,22407.89,22408.34,4550
2025-12-17 10:40:00,22408.34,22409.2,22403.59,22407.11,1391
2025-12-17 10:45:00,22407.11,22408.77,22390.03,22393.39,5373
2025-12-17 10:50:00,22393.39,22393.64,22382.45,22384.69,7818
2025-12-17 10:55:00,22384.69,22385.29,22371.87,22373.88,3605
2025-12-17 11:00:00,22373.88,22374.23,22370.9,22370.95,678
2025-12-17 11:05:00,22370.95,22376.06,22368.97,22375.96,85938
2025-12-17 11:10:00,22375.96,22380.08,22373.13,22379.78,47227
2025-12-17 11:15:00,22379.78,22380.47,22376.64,22378.61,2390
2025-12-17 11:20:00,22378.61,22378.98,22376.35,22377.02,6903
2025-12-17 11:25:00,22377.02,22381.34,22375.14,22378.92,1313
2025-12-17 11:30:00,22378.92,22381.02,22374.34,22376.66,1743
2025-12-17 11:35:00,22376.66,22384.89,22375.74,22384.29,2417
2025-12-17 11:40:00,22384.29,22386.8,22382.95,22386.34,293
2025-12-17 11:45:00,22386.34,22386.93,22382.37,22383.43,27985
2025-12-17 11:50:00,22383.43,22386.39,22378.99,22380.31,21872
2025-12-17 11:55:00,22380.31,22388.67,22379.69,22386.85,2760
2025-12-17 12:00:00,22386.85,22392.3,22386.23,22391.85,23240
2025-12-17 12:05:00,22391.85,22393.5,22390.61,22391.06,36315
2025-12-17 12:10:00,22391.06,22392.29,22382.59,22385.63,1529
2025-12-17 12:15:00,22385.63,22400.23,22385.33,22398.44,196
2025-12-17 12:20:00,22398.44,22398.65,22395.95,22398.29,32295
2025-12-17 12:25:00,22398.29,22399.89,22391.28,22392.81,14914
2025-12-17 12:30:00,22392.81,22400.68,22392.5,22396.8,526
2025-12-17 12:35:00,22396.8,22398.76,22394.57,22395.18,16682
2025-12-17 12:40:00,22395.18,22400.51,22390.14,22397.91,3726
2025-12-17 12:45:00,22397.91,22399.87,22392.8,22396.2,990
2025-12-17 12:50:00,22396.2,22397.53,22394.27,22394.64,33259
2025-12-17 12:55:00,22394.64,22396.41,22386.26,22386.36,8450
2025-12-17 13:00:00,22386.36,22388.5,22382.28,22382.87,1075
2025-12-17 13:05:00,22382.87,22383.35,22381.79,22382.77,507
2025-12-17 13:10:00,22382.77,22383.56,22382.47,22382.54,22480
2025-12-17 13:15:00,22382.54,22388.74,22382.1,22388.73,4644
2025-12-17 13:20:00,22388.73,22395.61,22388.13,22391.95,321
2025-12-17 13:25:00,22391.95,22402.3,22391.57,22402.18,11443
2025-12-17 13:30:00,22402.18,22407.82,22402.04,22405.56,1803
2025-12-17 13:35:00,22405.56,22406.94,22391.24,22391.6,2508
2025-12-17 13:40:00,22391.6,22393.91,22379.54,22379.75,3153
2025-12-17 13:45:00,22379.75,22384.53,22378.83,22382.95,1718
2025-12-17 13:50:00,22382.95,22384.1,22372.79,22375.78,8841
2025-12-17 13:55:00,22375.78,22384.2,22372.58,22383.16,27867
2025-12-17 14:00:00,22383.16,22402.68,22382.49,22399.6,527
2025-12-17 14:05:00,22399.6,22402.97,22390.86,22391.07,33140
2025-12-17 14:10:00,22391.07,22391.68,22387.19,22389.94,1625
2025-12-17 14:15:00,22389.94,22410.21,22389.68,22406.22,1253
2025-12-17 14:20:00,22406.22,22412.5,22403.91,22411.8,20370
2025-12-17 14:25:00,22411.8,22421.84,22409.28,22421.53,471
2025-12-17 14:30:00,22421.53,22423.39,22420.85,22422.39,13807
2025-12-17 14:35:00,22422.39,22431.01,22420.41,22428.26,1781
2025-12-17 14:40:00,22428.26,22435.22,22425.19,22434.33,5601
2025-12-17 14:45:00,22434.33,22450.19,22432.2,22449.11,1834
2025-12-17 14:50:00,22449.11,22451.05,22445.89,22449.23,8900
2025-12-17 14:55:00,22449.23,22451.98,22444.18,22448.56,353
2025-12-17 15:00:00,22448.56,22454.04,22447.35,22454.01,3283
2025-12-17 15:05:00,22454.01,22460.21,22452.87,22458.58,13248
2025-12-17 15:10:00,22458.58,22472.37,22458.09,22468.35,4495
2025-12-17 15:15:00,22468.35,22469.41,22455.78,22456.16,14407
2025-12-17 15:20:00,22456.16,22457.75,22451.27,22451.27,2285
2025-12-17 15:25:00,22451.27,22454.05,22450.42,22453.26,231
2025-12-17 15:30:00,22453.26,22454.22,22450.25,22451.28,5570
2025-12-18 09:15:00,22482.93,22486.78,22481.78,22484.79,1914
2025-12-18 09:20:00,22484.79,22485.41,22479.94,22481.09,24264
2025-12-18 09:25:00,22481.09,22491.7,22480.88,22490.62,8156
2025-12-18 09:30:00,22490.62,22501.04,22490.49,22499.16,454
2025-12-18 09:35:00,22499.16,22499.7,22490.48,22491.17,573
2025-12-18 09:40:00,22491.17,22492.79,22488.87,22491.52,15638
2025-12-18 09:45:00,22491.52,22494.04,22487.44,22488.5,639
2025-12-18 09:50:00,22488.5,22488.69,22484.06,22484.84,2155
2025-12-18 09:55:00,22484.84,22487.85,22484.71,22487.51,229
2025-12-18 10:00:00,22487.51,22490.82,22484.29,22490.64,728
2025-12-18 10:05:00,22490.64,22491.88,22475.49,22476.18,656
2025-12-18 10:10:00,22476.18,22479.25,22461.11,22463.94,71
2025-12-18 10:15:00,22463.94,22467.27,22459.32,22460.27,1428
2025-12-18 10:20:00,22460.27,22462.52,22454.6,22458.01,14455
2025-12-18 10:25:00,22458.01,22458.51,22441.5,22443.27,338
2025-12-18 10:30:00,22443.27,22445.7,22434.81,22435.87,1180
2025-12-18 10:35:00,22435.87,22447.91,22435.34,22445.49,772
2025-12-18 10:40:00,22445.49,22446.07,22441.81,22442.19,12190
2025-12-18 10:45:00,22442.19,22445.17,22429.59,22429.95,1426
2025-12-18 10:50:00,22429.95,22433.48,22424.89,22424.93,2754
2025-12-18 10:55:00,22424.93,22430.3,22424.67,22430.16,17422
2025-12-18 11:00:00,22430.16,22431.23,22416.32,22419.66,847
2025-12-18 11:05:00,22419.66,22421.22,22409.83,22409.96,2921
2025-12-18 11:10:00,22409.96,22410.56,22399.58,22401.1,5298
2025-12-18 11:15:00,22401.1,22403.76,22389.82,22393.17,889
2025-12-18 11:20:00,22393.17,22407.46,22390.55,22406.59,4140
2025-12-18 11:25:00,22406.59,22408.26,22400.6,22402.79,189578
2025-12-18 11:30:00,22402.79,22406.64,22397.79,22400.78,7454
2025-12-18 11:35:00,22400.78,22402.64,22393.3,22394.65,2058
2025-12-18 11:40:00,22394.65,22398.22,22378.37,22379.24,28095
2025-12-18 11:45:00,22379.24,22391.47,22377.17,22389.46,1121
2025-12-18 11:50:00,22389.46,22390.31,22373.74,22374.53,1489
2025-12-18 11:55:00,22374.53,22376.82,22371.86,22372.07,841
2025-12-18 12:00:00,22372.07,22378.09,22367.03,22377.69,5667
2025-12-18 12:05:00,22377.69,22380.87,22375.91,22380.83,1087
2025-12-18 12:10:00,22380.83,22386.65,22380.01,22383.52,55803
2025-12-18 12:15:00,22383.52,22385.04,22374.14,22375.56,3622
2025-12-18 12:20:00,22375.56,22376.4,22365.36,22367.05,6644
2025-12-18 12:25:00,22367.05,22369.04,22351.03,22352.91,10355
2025-12-18 12:30:00,22352.91,22356.33,22350.84,22355.89,53384
2025-12-18 12:35:00,22355.89,22358.05,22348.09,22348.27,2454
2025-12-18 12:40:00,22348.27,22348.84,22333.98,22335.97,1486
2025-12-18 12:45:00,22335.97,22336.87,22326.38,22327.19,3446
2025-12-18 12:50:00,22327.19,22330.08,22313.55,22314.27,901
2025-12-18 12:55:00,22314.27,22323.32,22313.06,22322.87,24736
2025-12-18 13:00:00,22322.87,22324.02,22318.65,22320.39,6401
2025-12-18 13:05:00,22320.39,22323.17,22318.47,22318.89,3131
2025-12-18 13:10:00,22318.89,22320.93,22318.73,22319.06,24224
2025-12-18 13:15:00,22319.06,22322.68,22318.74,22322.62,4896
2025-12-18 13:20:00,22322.62,22329.84,22321.96,22328.62,4852
2025-12-18 13:25:00,22328.62,22334.47,22328.28,22332.46,116
2025-12-18 13:30:00,22332.46,22337.64,22330.96,22336.32,1648
2025-12-18 13:35:00,22336.32,22341.64,22333.49,22338.79,2853
2025-12-18 13:40:00,22338.79,22342.13,22335.79,22339.9,1836
2025-12-18 13:45:00,22339.9,22352.54,22339.17,22350.59,311
2025-12-18 13:50:00,22350.59,22351.77,22349.53,22350.19,885
2025-12-18 13:55:00,22350.19,22354.32,22339.54,22341.98,1636
2025-12-18 14:00:00,22341.98,22343.25,22339.85,22343.24,450
2025-12-18 14:05:00,22343.24,22344.69,22334.47,22335.2,903
2025-12-18 14:10:00,22335.2,22351.22,22333.58,22349.17,2491
2025-12-18 14:15:00,22349.17,22361.72,22349.11,22361.28,3846
2025-12-18 14:20:00,22361.28,22368.17,22360.33,22366.9,1340
2025-12-18 14:25:00,22366.9,22373.45,22366.11,22372.02,275
2025-12-18 14:30:00,22372.02,22373.27,22366.75,22370.36,494
2025-12-18 14:35:00,22370.36,22371.14,22364.24,22366.95,2828
2025-12-18 14:40:00,22366.95,22368.06,22358.88,22359.69,475
2025-12-18 14:45:00,22359.69,22363.16,22351.78,22352.55,3503
2025-12-18 14:50:00,22352.55,22353.13,22349.99,22350.55,4620
2025-12-18 14:55:00,22350.55,22353.2,22350.5,22351.47,687
2025-12-18 15:00:00,22351.47,22355.42,22342.51,22346.57,10874
2025-12-18 15:05:00,22346.57,22347.13,22338.65,22339.93,30146
2025-12-18 15:10:00,22339.93,22340.16,22328.35,22328.57,10303
2025-12-18 15:15:00,22328.57,22332.08,22327.23,22327.74,693
2025-12-18 15:20:00,22327.74,22331.24,22324.26,22328.37,897
2025-12-18 15:25:00,22328.37,22329.13,22322.47,22323.95,2297
2025-12-18 15:30:00,22323.95,22328.53,22323.49,22327.28,9572
2025-12-19 09:15:00,22413.39,22419.74,22411.29,22419.64,2203
2025-12-19 09:20:00,22419.64,22422.77,22419.44,22422.69,4395
2025-12-19 09:25:00,22422.69,22429.48,22419.82,22426.98,183
2025-12-19 09:30:00,22426.98,22427.17,22420.68,22421.5,31705
2025-12-19 09:35:00,22421.5,22422.52,22402.38,22406.64,3125
2025-12-19 09:40:00,22406.64,22411.99,22406.39,22408.81,14271
2025-12-19 09:45:00,22408.81,22414.35,22405.99,22413.48,4503
2025-12-19 09:50:00,22413.48,22416.07,22401.22,22401.54,17903
2025-12-19 09:55:00,22401.54,22402.08,22397.28,22397.7,2786
2025-12-19 10:00:00,22397.7,22398.49,22392.39,22394.24,485
2025-12-19 10:05:00,22394.24,22405.64,22394.11,22404.18,36232
2025-12-19 10:10:00,22404.18,22406.83,22401.69,22402.04,640
2025-12-19 10:15:00,22402.04,22418.81,22401.8,22416.82,8872
2025-12-19 10:20:00,22416.82,22418.48,22408.81,22413.6,645
2025-12-19 10:25:00,22413.6,22421.93,22413.18,22421.43,395
2025-12-19 10:30:00,22421.43,22438.59,22421.03,22436.21,1624
2025-12-19 10:35:00,22436.21,22448.41,22434.3,22444.45,77474
2025-12-19 10:40:00,22444.45,22446.09,22434.69,22437.07,5782
2025-12-19 10:45:00,22437.07,22438.78,22435.45,22438.47,18929
2025-12-19 10:50:00,22438.47,22439.67,22424.63,22426.27,1477
2025-12-19 10:55:00,22426.27,22428.31,22417.3,22419.88,1896
2025-12-19 11:00:00,22419.88,22423.66,22418.32,22422.51,1269
2025-12-19 11:05:00,22422.51,22434.03,22421.17,22433.78,9127
2025-12-19 11:10:00,22433.78,22437.89,22428.04,22428.76,3322
2025-12-19 11:15:00,22428.76,22433.66,22427.9,22433.21,60639
2025-12-19 11:20:00,22433.21,22434.68,22420.28,22421.43,1801
2025-12-19 11:25:00,22421.43,22423.04,22417.75,22418.89,24003
2025-12-19 11:30:00,22418.89,22422.86,22416.92,22422.65,6471
2025-12-19 11:35:00,22422.65,22440.66,22421.9,22439.9,1284
2025-12-19 11:40:00,22439.9,22445.39,22435.18,22435.99,838
2025-12-19 11:45:00,22435.99,22437.49,22420.94,22423.11,1793
2025-12-19 11:50:00,22423.11,22437.66,22420.04,22434.84,4464
2025-12-19 11:55:00,22434.84,22447.18,22434.02,22444.03,7125
2025-12-19 12:00:00,22444.03,22445.63,22425.81,22427.56,1867
2025-12-19 12:05:00,22427.56,22439.85,22427.35,22437.58,1514
2025-12-19 12:10:00,22437.58,22437.65,22428.66,22429.8,1833
2025-12-19 12:15:00,22429.8,22432.33,22411.84,22412.22,1686
2025-12-19 12:20:00,22412.22,22422.12,22406.61,22419.07,5718
2025-12-19 12:25:00,22419.07,22420.07,22407.4,22407.66,7735
2025-12-19 12:30:00,22407.66,22411.41,22402.77,22403.67,5487
2025-12-19 12:35:00,22403.67,22414.13,22401.61,22411.79,1127
2025-12-19 12:40:00,22411.79,22415.71,22411.43,22414.69,11359
2025-12-19 12:45:00,22414.69,22416.05,22404.5,22404.87,109357
2025-12-19 12:50:00,22404.87,22408.95,22393.96,22397.97,2576
2025-12-19 12:55:00,22397.97,22399.35,22395.45,22395.58,361
2025-12-19 13:00:00,22395.58,22398.58,22393.75,22394.97,2077
2025-12-19 13:05:00,22394.97,22395.72,22380.83,22381.36,3279
2025-12-19 13:10:00,22381.36,22381.95,22378.62,22379.63,2854
2025-12-19 13:15:00,22379.63,22382.58,22377.38,22382.15,8229
2025-12-19 13:20:00,22382.15,22386.73,22381.31,22383.69,21108
2025-12-19 13:25:00,22383.69,22392.23,22381.08,22388.55,3651
2025-12-19 13:30:00,22388.55,22389.11,22387.44,22388.13,4190
2025-12-19 13:35:00,22388.13,22390.68,22383.17,22383.4,1679
2025-12-19 13:40:00,22383.4,22383.93,22375.62,22376.0,5338
2025-12-19 13:45:00,22376.0,22379.2,22366.53,22367.78,27638
2025-12-19 13:50:00,22367.78,22370.96,22359.0,22359.57,2949
2025-12-19 13:55:00,22359.57,22362.34,22354.41,22356.39,931
2025-12-19 14:00:00,22356.39,22358.37,22346.38,22350.15,303
2025-12-19 14:05:00,22350.15,22350.74,22349.03,22350.0,1895
2025-12-19 14:10:00,22350.0,22370.7,22349.54,22370.25,901
2025-12-19 14:15:00,22370.25,22372.47,22367.84,22371.24,319
2025-12-19 14:20:00,22371.24,22372.13,22368.1,22369.27,3010
2025-12-19 14:25:00,22369.27,22375.23,22366.15,22373.61,13212
2025-12-19 14:30:00,22373.61,22375.76,22360.76,22362.85,8241
2025-12-19 14:35:00,22362.85,22363.51,22351.66,22352.57,2699
2025-12-19 14:40:00,22352.57,22356.78,22351.38,22354.64,1188
2025-12-19 14:45:00,22354.64,22355.12,22351.84,22352.05,3090
2025-12-19 14:50:00,22352.05,22352.65,22346.04,22346.04,378
2025-12-19 14:55:00,22346.04,22346.82,22339.79,22342.34,16896
2025-12-19 15:00:00,22342.34,22354.99,22339.63,22352.5,2403
2025-12-19 15:05:00,22352.5,22356.84,22350.65,22355.85,5481
2025-12-19 15:10:00,22355.85,22358.18,22346.41,22349.33,3951
2025-12-19 15:15:00,22349.33,22355.21,22349.1,22353.91,525
2025-12-19 15:20:00,22353.91,22356.22,22347.49,22348.46,3696
2025-12-19 15:25:00,22348.46,22349.13,22338.94,22339.85,14329
2025-12-19 15:30:00,22339.85,22347.03,22339.6,22346.04,1304
2025-12-22 09:15:00,22379.03,22379.42,22371.52,22372.17,3724
2025-12-22 09:20:00,22372.17,22374.03,22369.63,22369.75,8560
2025-12-22 09:25:00,22369.75,22377.6,22355.0,22355.56,351
2025-12-22 09:30:00,22355.56,22356.17,22350.69,22353.87,5431
2025-12-22 09:35:00,22353.87,22356.87,22353.13,22355.19,1500
2025-12-22 09:40:00,22355.19,22365.98,22354.55,22363.76,292
2025-12-22 09:45:00,22363.76,22365.78,22360.41,22365.4,285
2025-12-22 09:50:00,22365.4,22367.04,22359.92,22360.59,3906
2025-12-22 09:55:00,22360.59,22361.77,22350.45,22352.94,2759
2025-12-22 10:00:00,22352.94,22356.17,22350.57,22355.94,12097
2025-12-22 10:05:00,22355.94,22364.58,22353.91,22359.97,10237
2025-12-22 10:10:00,22359.97,22360.28,22347.52,22349.48,133
2025-12-22 10:15:00,22349.48,22350.6,22346.43,22347.84,5312
2025-12-22 10:20:00,22347.84,22357.07,22347.43,22356.8,3538
2025-12-22 10:25:00,22356.8,22358.99,22354.58,22356.82,4641
2025-12-22 10:30:00,22356.82,22361.59,22355.9,22359.98,2288
2025-12-22 10:35:00,22359.98,22363.35,22346.5,22347.7,6527
2025-12-22 10:40:00,22347.7,22349.74,22340.85,22342.48,1505
2025-12-22 10:45:00,22342.48,22346.81,22337.54,22339.65,13865
2025-12-22 10:50:00,22339.65,22350.99,22337.2,22348.99,566
2025-12-22 10:55:00,22348.99,22360.77,22346.49,22359.67,1561
2025-12-22 11:00:00,22359.67,22360.21,22357.26,22357.76,860
2025-12-22 11:05:00,22357.76,22364.53,22357.45,22363.25,8351
2025-12-22 11:10:00,22363.25,22364.39,22356.93,22358.11,823
2025-12-22 11:15:00,22358.11,22359.22,22350.93,22355.03,7391
2025-12-22 11:20:00,22355.03,22359.88,22352.89,22358.82,3545
2025-12-22 11:25:00,22358.82,22359.46,22358.34,22358.58,5268
2025-12-22 11:30:00,22358.58,22358.69,22353.63,22356.09,1844
2025-12-22 11:35:00,22356.09,22367.85,22356.04,22367.21,51235
2025-12-22 11:40:00,22367.21,22369.43,22352.9,22356.33,3193
2025-12-22 11:45:00,22356.33,22358.72,22353.49,22354.38,6745
2025-12-22 11:50:00,22354.38,22354.67,22344.96,22345.63,4376
2025-12-22 11:55:00,22345.63,22348.13,22334.84,22336.67,1728
2025-12-22 12:00:00,22336.67,22336.95,22333.39,22334.94,1532
2025-12-22 12:05:00,22334.94,22338.17,22330.89,22332.78,12112
2025-12-22 12:10:00,22332.78,22337.98,22332.7,22335.74,12781
2025-12-22 12:15:00,22335.74,22337.01,22321.03,22325.67,14657
2025-12-22 12:20:00,22325.67,22337.42,22323.74,22336.99,1015
2025-12-22 12:25:00,22336.99,22344.66,22336.41,22343.35,21461
2025-12-22 12:30:00,22343.35,22343.73,22338.85,22339.04,636
2025-12-22 12:35:00,22339.04,22344.3,22336.95,22340.86,3196
2025-12-22 12:40:00,22340.86,22342.53,22336.22,22336.69,8369
2025-12-22 12:45:00,22336.69,22342.48,22335.0,22341.07,7985
2025-12-22 12:50:00,22341.07,22341.19,22335.05,22335.29,4760
2025-12-22 12:55:00,22335.29,22344.69,22331.47,22342.16,1272
2025-12-22 13:00:00,22342.16,22360.62,22338.5,22356.57,2231
2025-12-22 13:05:00,22356.57,22361.26,22341.09,22342.32,2214
2025-12-22 13:10:00,22342.32,22354.46,22341.86,22352.72,784
2025-12-22 13:15:00,22352.72,22353.23,22343.64,22345.04,5365
2025-12-22 13:20:00,22345.04,22346.34,22335.91,22336.76,598
2025-12-22 13:25:00,22336.76,22338.14,22330.01,22330.48,32329
2025-12-22 13:30:00,22330.48,22335.47,22330.46,22334.49,3278
2025-12-22 13:35:00,22334.49,22336.32,22327.26,22328.67,10592
2025-12-22 13:40:00,22328.67,22336.53,22327.58,22333.5,36732
2025-12-22 13:45:00,22333.5,22335.52,22322.77,22326.29,1527
2025-12-22 13:50:00,22326.29,22327.34,22321.77,22322.26,497
2025-12-22 13:55:00,22322.26,22323.0,22315.57,22319.12,684
2025-12-22 14:00:00,22319.12,22321.98,22312.57,22312.95,8048
2025-12-22 14:05:00,22312.95,22315.34,22298.36,22300.96,148
2025-12-22 14:10:00,22300.96,22301.95,22294.03,22295.32,1077
2025-12-22 14:15:00,22295.32,22296.51,22292.65,22292.87,17957
2025-12-22 14:20:00,22292.87,22294.88,22285.14,22286.71,835
2025-12-22 14:25:00,22286.71,22295.1,22285.0,22293.26,414
2025-12-22 14:30:00,22293.26,22294.9,22289.44,22289.53,595
2025-12-22 14:35:00,22289.53,22294.62,22285.94,22293.19,30250
2025-12-22 14:40:00,22293.19,22300.75,22293.06,22298.03,9397
2025-12-22 14:45:00,22298.03,22310.34,22297.52,22309.85,231
2025-12-22 14:50:00,22309.85,22311.5,22307.29,22309.18,6352
2025-12-22 14:55:00,22309.18,22313.14,22303.86,22304.85,1888
2025-12-22 15:00:00,22304.85,22306.09,22298.38,22302.35,3587
2025-12-22 15:05:00,22302.35,22302.87,22300.37,22300.62,860
2025-12-22 15:10:00,22300.62,22302.48,22300.2,22301.58,5921
2025-12-22 15:15:00,22301.58,22308.59,22300.3,22305.05,1089
2025-12-22 15:20:00,22305.05,22307.26,22295.41,22296.28,2134
2025-12-22 15:25:00,22296.28,22297.24,22279.95,22282.83,3676
2025-12-22 15:30:00,22282.83,22286.5,22279.26,22284.73,384
2025-12-23 09:15:00,22447.38,22448.24,22444.73,22445.17,1756
2025-12-23 09:20:00,22445.17,22447.4,22439.66,22441.64,5936
2025-12-23 09:25:00,22441.64,22449.6,22440.32,22448.98,591
2025-12-23 09:30:00,22448.98,22453.93,22445.28,22451.85,419
2025-12-23 09:35:00,22451.85,22457.17,22450.65,22454.04,3879
2025-12-23 09:40:00,22454.04,22456.8,22444.75,22446.29,28544
2025-12-23 09:45:00,22446.29,22448.57,22437.87,22442.78,684
2025-12-23 09:50:00,22442.78,22445.98,22440.53,22441.87,4710
2025-12-23 09:55:00,22441.87,22443.04,22435.86,22438.67,4028
2025-12-23 10:00:00,22438.67,22440.02,22420.14,22421.85,1313
2025-12-23 10:05:00,22421.85,22426.57,22421.7,22426.35,21379
2025-12-23 10:10:00,22426.35,22430.08,22419.44,22420.78,3407
2025-12-23 10:15:00,22420.78,22421.03,22417.64,22418.53,5714
2025-12-23 10:20:00,22418.53,22420.78,22407.5,22412.51,1442
2025-12-23 10:25:00,22412.51,22421.32,22411.95,22418.1,2463
2025-12-23 10:30:00,22418.1,22427.33,22417.77,22421.88,531
2025-12-23 10:35:00,22421.88,22426.55,22420.17,22424.48,1977
2025-12-23 10:40:00,22424.48,22425.43,22413.67,22416.06,190
2025-12-23 10:45:00,22416.06,22426.8,22415.7,22424.2,9221
2025-12-23 10:50:00,22424.2,22425.85,22418.83,22419.28,15945
2025-12-23 10:55:00,22419.28,22419.59,22406.47,22409.93,1652
2025-12-23 11:00:00,22409.93,22411.91,22409.02,22410.2,360
2025-12-23 11:05:00,22410.2,22412.93,22408.01,22410.82,1171
2025-12-23 11:10:00,22410.82,22417.27,22407.83,22414.84,2314
2025-12-23 11:15:00,22414.84,22417.31,22409.89,22417.11,6321
2025-12-23 11:20:00,22417.11,22429.49,22415.04,22429.26,1380
2025-12-23 11:25:00,22429.26,22445.24,22427.98,22443.42,5087
2025-12-23 11:30:00,22443.42,22443.82,22437.98,22438.13,6797
2025-12-23 11:35:00,22438.13,22452.44,22435.29,22450.2,4171
2025-12-23 11:40:00,22450.2,22457.33,22448.94,22456.1,235900
2025-12-23 11:45:00,22456.1,22458.26,22445.41,22445.88,71339
2025-12-23 11:50:00,22445.88,22446.41,22437.04,22439.19,2902
2025-12-23 11:55:00,22439.19,22440.32,22435.97,22436.51,13983
2025-12-23 12:00:00,22436.51,22447.46,22435.93,22446.85,4109
2025-12-23 12:05:00,22446.85,22450.87,22446.84,22450.76,17942
2025-12-23 12:10:00,22450.76,22465.9,22450.74,22462.89,1060
2025-12-23 12:15:00,22462.89,22463.69,22459.06,22460.4,2519
2025-12-23 12:20:00,22460.4,22462.33,22443.3,22445.09,48
2025-12-23 12:25:00,22445.09,22455.63,22442.46,22454.59,2213
2025-12-23 12:30:00,22454.59,22455.45,22435.55,22438.1,11933
2025-12-23 12:35:00,22438.1,22438.27,22431.73,22432.8,872
2025-12-23 12:40:00,22432.8,22442.84,22431.01,22440.44,569
2025-12-23 12:45:00,22440.44,22440.74,22426.2,22428.52,2259
2025-12-23 12:50:00,22428.52,22430.2,22413.1,22416.47,1130
2025-12-23 12:55:00,22416.47,22417.51,22409.4,22412.65,1366
2025-12-23 13:00:00,22412.65,22413.91,22400.39,22401.99,3008
2025-12-23 13:05:00,22401.99,22403.98,22396.47,22397.52,941
2025-12-23 13:10:00,22397.52,22400.62,22396.15,22397.91,2011
2025-12-23 13:15:00,22397.91,22397.98,22394.35,22394.43,11411
2025-12-23 13:20:00,22394.43,22399.47,22392.9,22399.16,5437
2025-12-23 13:25:00,22399.16,22399.41,22395.45,22395.74,6360
2025-12-23 13:30:00,22395.74,22396.53,22388.87,22392.81,12205
2025-12-23 13:35:00,22392.81,22393.95,22386.49,22386.72,5363
2025-12-23 13:40:00,22386.72,22390.2,22386.03,22387.82,2715
2025-12-23 13:45:00,22387.82,22396.63,22387.58,22396.16,4774
2025-12-23 13:50:00,22396.16,22396.18,22394.24,22395.41,966
2025-12-23 13:55:00,22395.41,22398.19,22385.66,22387.42,2295
2025-12-23 14:00:00,22387.42,22388.79,22382.71,22388.25,31630
2025-12-23 14:05:00,22388.25,22397.83,22384.43,22396.94,688
2025-12-23 14:10:00,22396.94,22413.97,22396.46,22412.04,441
2025-12-23 14:15:00,22412.04,22412.93,22411.73,22412.16,8697
2025-12-23 14:20:00,22412.16,22413.99,22411.02,22412.95,10060
2025-12-23 14:25:00,22412.95,22414.78,22405.27,22407.72,243
2025-12-23 14:30:00,22407.72,22420.9,22407.22,22416.78,7321
2025-12-23 14:35:00,22416.78,22425.63,22416.42,22425.08,415
2025-12-23 14:40:00,22425.08,22427.18,22424.05,22426.19,14737
2025-12-23 14:45:00,22426.19,22427.25,22416.2,22419.99,2379
2025-12-23 14:50:00,22419.99,22421.72,22418.35,22421.59,34040
2025-12-23 14:55:00,22421.59,22423.84,22416.47,22417.37,148
2025-12-23 15:00:00,22417.37,22419.3,22410.92,22412.16,1085
2025-12-23 15:05:00,22412.16,22422.06,22410.6,22419.26,2157
2025-12-23 15:10:00,22419.26,22423.44,22418.99,22420.39,820
2025-12-23 15:15:00,22420.39,22431.09,22419.39,22425.94,150
2025-12-23 15:20:00,22425.94,22426.19,22422.88,22423.05,996
2025-12-23 15:25:00,22423.05,22427.5,22421.16,22425.02,7853
2025-12-23 15:30:00,22425.02,22426.09,22414.15,22416.89,42076
2025-12-24 09:15:00,22411.29,22411.95,22408.37,22409.5,3696
2025-12-24 09:20:00,22409.5,22416.02,22407.91,22414.1,2303
2025-12-24 09:25:00,22414.1,22418.8,22411.03,22412.93,747
2025-12-24 09:30:00,22412.93,22414.4,22412.66,22413.73,471
2025-12-24 09:35:00,22413.73,22417.35,22409.27,22410.43,71
2025-12-24 09:40:00,22410.43,22422.34,22409.71,22420.17,8742
2025-12-24 09:45:00,22420.17,22421.11,22410.29,22413.29,1983
2025-12-24 09:50:00,22413.29,22413.42,22398.18,22398.33,17989
2025-12-24 09:55:00,22398.33,22399.29,22396.24,22398.45,3573
2025-12-24 10:00:00,22398.45,22400.76,22392.06,22392.45,2994
2025-12-24 10:05:00,22392.45,22396.01,22391.39,22393.87,2997
2025-12-24 10:10:00,22393.87,22396.41,22391.88,22392.31,10746
2025-12-24 10:15:00,22392.31,22394.5,22391.52,22392.39,3041
2025-12-24 10:20:00,22392.39,22394.3,22391.27,22392.28,2806
2025-12-24 10:25:00,22392.28,22394.49,22385.77,22388.27,1581
2025-12-24 10:30:00,22388.27,22397.12,22388.17,22396.49,4343
2025-12-24 10:35:00,22396.49,22400.96,22395.79,22397.92,33684
2025-12-24 10:40:00,22397.92,22398.56,22391.56,22392.65,2616
2025-12-24 10:45:00,22392.65,22393.62,22387.59,22387.98,9512
2025-12-24 10:50:00,22387.98,22388.66,22379.12,22379.58,5904
2025-12-24 10:55:00,22379.58,22381.41,22370.86,22373.23,676
2025-12-24 11:00:00,22373.23,22374.29,22364.04,22369.3,1564
2025-12-24 11:05:00,22369.3,22385.26,22367.32,22382.72,1064
2025-12-24 11:10:00,22382.72,22383.26,22374.54,22375.96,872
2025-12-24 11:15:00,22375.96,22387.67,22374.06,22385.23,6542
2025-12-24 11:20:00,22385.23,22386.96,22383.32,22385.97,5138
2025-12-24 11:25:00,22385.97,22387.96,22374.27,22376.58,51584
2025-12-24 11:30:00,22376.58,22381.94,22376.09,22379.73,400
2025-12-24 11:35:00,22379.73,22385.76,22379.58,22384.62,2072
2025-12-24 11:40:00,22384.62,22394.29,22383.08,22392.32,657
2025-12-24 11:45:00,22392.32,22395.18,22390.95,22393.0,1034
2025-12-24 11:50:00,22393.0,22395.97,22390.74,22390.92,19359
2025-12-24 11:55:00,22390.92,22395.08,22388.25,22392.0,9572
2025-12-24 12:00:00,22392.0,22392.64,22390.47,22392.6,1656
2025-12-24 12:05:00,22392.6,22393.58,22375.27,22377.54,704
2025-12-24 12:10:00,22377.54,22377.73,22374.71,22377.54,3820
2025-12-24 12:15:00,22377.54,22387.52,22374.99,22385.27,287
2025-12-24 12:20:00,22385.27,22403.03,22384.98,22402.21,174
2025-12-24 12:25:00,22402.21,22402.66,22401.54,22401.71,1280
2025-12-24 12:30:00,22401.71,22403.97,22394.07,22394.14,30065
2025-12-24 12:35:00,22394.14,22395.01,22388.29,22389.92,261
2025-12-24 12:40:00,22389.92,22392.12,22377.87,22380.22,194
2025-12-24 12:45:00,22380.22,22397.95,22379.85,22395.17,3306
2025-12-24 12:50:00,22395.17,22395.7,22371.78,22372.68,5071
2025-12-24 12:55:00,22372.68,22380.68,22371.26,22379.91,1059
2025-12-24 13:00:00,22379.91,22382.5,22365.7,22368.62,13553
2025-12-24 13:05:00,22368.62,22369.17,22355.98,22356.51,2555
2025-12-24 13:10:00,22356.51,22368.29,22355.28,22367.42,3153
2025-12-24 13:15:00,22367.42,22372.02,22363.32,22366.2,20613
2025-12-24 13:20:00,22366.2,22372.41,22362.94,22371.45,186
2025-12-24 13:25:00,22371.45,22373.87,22366.45,22367.28,561
2025-12-24 13:30:00,22367.28,22371.12,22366.32,22370.74,5339
2025-12-24 13:35:00,22370.74,22372.92,22362.99,22368.59,1435
2025-12-24 13:40:00,22368.59,22370.28,22348.32,22350.85,10292
2025-12-24 13:45:00,22350.85,22354.22,22350.11,22353.43,1960
2025-12-24 13:50:00,22353.43,22353.59,22348.79,22350.46,4935
2025-12-24 13:55:00,22350.46,22355.46,22348.69,22354.46,4592
2025-12-24 14:00:00,22354.46,22359.71,22353.13,22357.33,825
2025-12-24 14:05:00,22357.33,22357.7,22344.14,22347.84,5962
2025-12-24 14:10:00,22347.84,22350.11,22345.63,22346.97,2197
2025-12-24 14:15:00,22346.97,22358.71,22345.61,22355.95,3915
2025-12-24 14:20:00,22355.95,22359.05,22355.42,22358.3,20375
2025-12-24 14:25:00,22358.3,22359.14,22342.29,22343.18,5918
2025-12-24 14:30:00,22343.18,22356.4,22342.61,22354.01,20948
2025-12-24 14:35:00,22354.01,22355.87,22344.67,22348.29,18442
2025-12-24 14:40:00,22348.29,22349.8,22345.24,22349.14,4749
2025-12-24 14:45:00,22349.14,22350.73,22337.84,22340.22,1494
2025-12-24 14:50:00,22340.22,22340.77,22338.79,22339.99,14822
2025-12-24 14:55:00,22339.99,22341.57,22337.88,22338.33,56688
2025-12-24 15:00:00,22338.33,22341.74,22335.27,22341.01,2144
2025-12-24 15:05:00,22341.01,22343.67,22337.68,22342.89,832
2025-12-24 15:10:00,22342.89,22357.39,22341.12,22354.53,8177
2025-12-24 15:15:00,22354.53,22357.33,22344.61,22345.1,12387
2025-12-24 15:20:00,22345.1,22346.45,22331.36,22331.38,10698
2025-12-24 15:25:00,22331.38,22338.83,22330.18,22338.7,9600
2025-12-24 15:30:00,22338.7,22340.44,22336.37,22338.21,325
2025-12-25 09:15:00,22424.49,22433.66,22423.43,22433.31,9969
2025-12-25 09:20:00,22433.31,22433.5,22426.29,22426.65,9592
2025-12-25 09:25:00,22426.65,22428.35,22410.75,22414.03,2019
2025-12-25 09:30:00,22414.03,22424.73,22413.01,22423.72,11021
2025-12-25 09:35:00,22423.72,22432.45,22422.35,22432.27,592
2025-12-25 09:40:00,22432.27,22447.59,22431.23,22443.29,130
2025-12-25 09:45:00,22443.29,22444.52,22437.98,22438.83,20096
2025-12-25 09:50:00,22438.83,22444.95,22438.76,22443.53,779
2025-12-25 09:55:00,22443.53,22444.64,22439.72,22442.07,71254
2025-12-25 10:00:00,22442.07,22445.92,22430.13,22430.62,305
2025-12-25 10:05:00,22430.62,22432.49,22427.63,22430.99,4032
2025-12-25 10:10:00,22430.99,22434.95,22429.39,22429.45,3317
2025-12-25 10:15:00,22429.45,22435.98,22428.58,22434.56,324
2025-12-25 10:20:00,22434.56,22436.78,22413.09,22416.23,4939
2025-12-25 10:25:00,22416.23,22417.3,22410.11,22412.08,23
2025-12-25 10:30:00,22412.08,22426.15,22411.26,22424.15,336
2025-12-25 10:35:00,22424.15,22432.21,22422.5,22431.92,1655
2025-12-25 10:40:00,22431.92,22445.5,22431.56,22445.35,726
2025-12-25 10:45:00,22445.35,22445.67,22429.54,22430.19,15512
2025-12-25 10:50:00,22430.19,22432.44,22411.04,22412.21,2965
2025-12-25 10:55:00,22412.21,22412.45,22410.23,22411.05,768
2025-12-25 11:00:00,22411.05,22419.39,22410.41,22418.52,32904
2025-12-25 11:05:00,22418.52,22432.84,22412.48,22430.97,31838
2025-12-25 11:10:00,22430.97,22441.34,22428.49,22437.33,31809
2025-12-25 11:15:00,22437.33,22447.05,22433.34,22444.36,4125
2025-12-25 11:20:00,22444.36,22444.97,22431.0,22431.78,3335
2025-12-25 11:25:00,22431.78,22435.04,22420.32,22421.81,10012
2025-12-25 11:30:00,22421.81,22436.28,22419.69,22434.45,2640
2025-12-25 11:35:00,22434.45,22435.36,22420.0,22420.51,1414
2025-12-25 11:40:00,22420.51,22421.83,22418.81,22420.95,1964
2025-12-25 11:45:00,22420.95,22421.92,22405.63,22405.72,18661
2025-12-25 11:50:00,22405.72,22406.75,22400.6,22401.18,3183
2025-12-25 11:55:00,22401.18,22409.94,22400.03,22408.62,2928
2025-12-25 12:00:00,22408.62,22409.64,22402.07,22403.5,4185
2025-12-25 12:05:00,22403.5,22403.93,22401.78,22402.7,1792
2025-12-25 12:10:00,22402.7,22403.87,22402.69,22403.47,38485
2025-12-25 12:15:00,22403.47,22403.6,22392.39,22395.54,5208
2025-12-25 12:20:00,22395.54,22396.1,22385.88,22386.62,4542
2025-12-25 12:25:00,22386.62,22387.81,22379.33,22382.2,4568
2025-12-25 12:30:00,22382.2,22382.7,22374.42,22377.71,2094
2025-12-25 12:35:00,22377.71,22379.08,22371.1,22372.19,1222
2025-12-25 12:40:00,22372.19,22374.44,22360.3,22361.96,7239
2025-12-25 12:45:00,22361.96,22362.37,22356.37,22358.91,20795
2025-12-25 12:50:00,22358.91,22360.17,22354.92,22356.65,8426
2025-12-25 12:55:00,22356.65,22357.42,22353.39,22355.01,939
2025-12-25 13:00:00,22355.01,22360.2,22353.02,22357.57,1338
2025-12-25 13:05:00,22357.57,22360.25,22356.35,22356.38,1821
2025-12-25 13:10:00,22356.38,22359.32,22355.62,22355.98,905
2025-12-25 13:15:00,22355.98,22357.17,22347.69,22350.29,4549
2025-12-25 13:20:00,22350.29,22357.01,22347.45,22355.79,160
2025-12-25 13:25:00,22355.79,22363.1,22353.12,22361.13,789
2025-12-25 13:30:00,22361.13,22362.59,22353.36,22354.33,4289
2025-12-25 13:35:00,22354.33,22363.41,22352.65,22361.25,839
2025-12-25 13:40:00,22361.25,22373.07,22361.09,22371.78,6063
2025-12-25 13:45:00,22371.78,22372.83,22370.87,22371.54,4461
2025-12-25 13:50:00,22371.54,22372.92,22358.1,22359.46,1700
2025-12-25 13:55:00,22359.46,22360.52,22349.01,22352.04,6788
2025-12-25 14:00:00,22352.04,22355.45,22349.71,22351.38,4938
2025-12-25 14:05:00,22351.38,22352.78,22346.89,22347.04,4991
2025-12-25 14:10:00,22347.04,22348.14,22333.95,22335.55,2901
2025-12-25 14:15:00,22335.55,22336.6,22333.22,22335.27,1941
2025-12-25 14:20:00,22335.27,22350.99,22331.88,22348.27,2019
2025-12-25 14:25:00,22348.27,22350.72,22346.73,22348.55,1401
2025-12-25 14:30:00,22348.55,22348.97,22339.37,22340.19,47866
2025-12-25 14:35:00,22340.19,22340.39,22330.36,22330.86,598
2025-12-25 14:40:00,22330.86,22337.15,22325.87,22336.35,8020
2025-12-25 14:45:00,22336.35,22338.45,22326.04,22327.42,1770
2025-12-25 14:50:00,22327.42,22337.18,22326.13,22334.76,9797
2025-12-25 14:55:00,22334.76,22339.22,22327.33,22328.71,13892
2025-12-25 15:00:00,22328.71,22336.1,22327.37,22335.47,2375
2025-12-25 15:05:00,22335.47,22335.91,22317.54,22318.24,3641
2025-12-25 15:10:00,22318.24,22320.77,22292.95,22294.45,4616
2025-12-25 15:15:00,22294.45,22297.11,22293.18,22296.76,639
2025-12-25 15:20:00,22296.76,22302.6,22296.01,22301.65,2268
2025-12-25 15:25:00,22301.65,22317.28,22299.71,22316.29,4326
2025-12-25 15:30:00,22316.29,22323.49,22314.11,22322.31,5287
2025-12-26 09:15:00,22332.88,22336.09,22331.8,22335.27,12287
2025-12-26 09:20:00,22335.27,22340.17,22334.92,22336.83,7610
2025-12-26 09:25:00,22336.83,22343.47,22335.28,22343.27,1221
2025-12-26 09:30:00,22343.27,22345.9,22339.41,22339.89,4855
2025-12-26 09:35:00,22339.89,22350.91,22339.32,22349.33,509
2025-12-26 09:40:00,22349.33,22355.01,22347.82,22352.79,15164
2025-12-26 09:45:00,22352.79,22353.72,22349.62,22351.1,2741
2025-12-26 09:50:00,22351.1,22351.51,22350.21,22350.47,2439
2025-12-26 09:55:00,22350.47,22352.35,22344.1,22344.25,2294
2025-12-26 10:00:00,22344.25,22346.92,22335.66,22338.27,6849
2025-12-26 10:05:00,22338.27,22339.8,22323.44,22325.28,3592
2025-12-26 10:10:00,22325.28,22338.5,22322.45,22338.07,5155
2025-12-26 10:15:00,22338.07,22341.23,22336.92,22340.03,244
2025-12-26 10:20:00,22340.03,22349.71,22338.06,22347.95,2513
2025-12-26 10:25:00,22347.95,22351.74,22346.47,22351.41,1395
2025-12-26 10:30:00,22351.41,22351.86,22340.2,22342.35,2961
2025-12-26 10:35:00,22342.35,22352.14,22341.17,22349.23,2253
2025-12-26 10:40:00,22349.23,22369.48,22345.88,22366.6,5327
2025-12-26 10:45:00,22366.6,22368.25,22365.11,22366.6,846
2025-12-26 10:50:00,22366.6,22367.74,22359.56,22361.19,506
2025-12-26 10:55:00,22361.19,22364.77,22354.2,22356.21,20061
2025-12-26 11:00:00,22356.21,22356.81,22352.69,22353.59,27220
2025-12-26 11:05:00,22353.59,22358.26,22350.36,22356.86,559
2025-12-26 11:10:00,22356.86,22358.76,22356.47,22357.45,1300
2025-12-26 11:15:00,22357.45,22359.8,22345.86,22348.98,11310
2025-12-26 11:20:00,22348.98,22363.91,22348.12,22362.83,21698
2025-12-26 11:25:00,22362.83,22363.27,22362.48,22362.56,35
2025-12-26 11:30:00,22362.56,22376.38,22361.9,22375.4,2717
2025-12-26 11:35:00,22375.4,22377.9,22374.17,22376.71,419
2025-12-26 11:40:00,22376.71,22379.32,22376.31,22378.2,5199
2025-12-26 11:45:00,22378.2,22380.13,22369.79,22370.27,8248
2025-12-26 11:50:00,22370.27,22371.31,22354.18,22355.27,2232
2025-12-26 11:55:00,22355.27,22356.97,22342.62,22344.55,3131
2025-12-26 12:00:00,22344.55,22344.78,22340.51,22341.49,5771
2025-12-26 12:05:00,22341.49,22343.67,22338.95,22340.89,5541
2025-12-26 12:10:00,22340.89,22342.64,22340.26,22341.33,14635
2025-12-26 12:15:00,22341.33,22350.56,22339.15,22348.52,1041
2025-12-26 12:20:00,22348.52,22359.48,22347.73,22356.33,5134
2025-12-26 12:25:00,22356.33,22365.99,22353.64,22365.63,706
2025-12-26 12:30:00,22365.63,22366.71,22355.81,22356.18,518
2025-12-26 12:35:00,22356.18,22370.59,22353.48,22367.94,17636
2025-12-26 12:40:00,22367.94,22376.52,22367.26,22375.13,438
2025-12-26 12:45:00,22375.13,22382.56,22374.31,22382.42,475
2025-12-26 12:50:00,22382.42,22384.49,22360.37,22362.6,1629
2025-12-26 12:55:00,22362.6,22363.91,22357.63,22361.24,21753
2025-12-26 13:00:00,22361.24,22365.13,22348.74,22353.46,89633
2025-12-26 13:05:00,22353.46,22357.51,22351.54,22354.97,2535
2025-12-26 13:10:00,22354.97,22356.76,22353.4,22354.07,503
2025-12-26 13:15:00,22354.07,22355.39,22350.45,22351.47,4416
2025-12-26 13:20:00,22351.47,22359.66,22351.11,22358.94,18
2025-12-26 13:25:00,22358.94,22360.46,22354.56,22355.34,1481
2025-12-26 13:30:00,22355.34,22357.34,22345.91,22347.01,10281
2025-12-26 13:35:00,22347.01,22347.33,22332.64,22333.2,1956
2025-12-26 13:40:00,22333.2,22333.89,22326.57,22328.27,169
2025-12-26 13:45:00,22328.27,22343.45,22328.18,22342.49,11617
2025-12-26 13:50:00,22342.49,22343.82,22330.63,22330.87,23117
2025-12-26 13:55:00,22330.87,22331.77,22329.32,22330.5,6187
2025-12-26 14:00:00,22330.5,22345.91,22330.34,22343.92,8211
2025-12-26 14:05:00,22343.92,22349.55,22341.69,22348.54,15626
2025-12-26 14:10:00,22348.54,22349.82,22346.75,22347.52,746
2025-12-26 14:15:00,22347.52,22347.67,22342.04,22345.36,10834
2025-12-26 14:20:00,22345.36,22350.79,22320.22,22323.23,2015
2025-12-26 14:25:00,22323.23,22323.91,22322.05,22323.3,3979
2025-12-26 14:30:00,22323.3,22323.49,22321.79,22322.15,415
2025-12-26 14:35:00,22322.15,22322.79,22321.89,22322.47,2156
2025-12-26 14:40:00,22322.47,22332.28,22322.01,22331.57,20867
2025-12-26 14:45:00,22331.57,22332.0,22330.74,22330.93,19073
2025-12-26 14:50:00,22330.93,22333.5,22328.67,22328.87,821
2025-12-26 14:55:00,22328.87,22334.92,22327.63,22334.31,49
2025-12-26 15:00:00,22334.31,22335.27,22332.18,22334.35,1300
2025-12-26 15:05:00,22334.35,22334.44,22327.02,22329.76,4790
2025-12-26 15:10:00,22329.76,22341.25,22328.14,22340.69,15395
2025-12-26 15:15:00,22340.69,22354.32,22339.69,22350.58,1014
2025-12-26 15:20:00,22350.58,22358.27,22349.03,22356.85,50712
2025-12-26 15:25:00,22356.85,22357.79,22354.89,22356.94,73348
2025-12-26 15:30:00,22356.94,22357.56,22353.55,22354.25,1133
2025-12-29 09:15:00,22413.53,22416.26,22407.77,22409.34,55461
2025-12-29 09:20:00,22409.34,22417.08,22406.98,22415.22,46686
2025-12-29 09:25:00,22415.22,22417.68,22399.44,22401.05,1473
2025-12-29 09:30:00,22401.05,22401.95,22398.21,22398.65,3143
2025-12-29 09:35:00,22398.65,22403.0,22390.88,22392.87,1307
2025-12-29 09:40:00,22392.87,22395.12,22389.91,22390.89,546
2025-12-29 09:45:00,22390.89,22393.03,22388.18,22389.88,418
2025-12-29 09:50:00,22389.88,22391.61,22386.84,22388.65,5479
2025-12-29 09:55:00,22388.65,22390.25,22387.33,22388.1,8400
2025-12-29 10:00:00,22388.1,22392.44,22387.18,22389.24,11735
2025-12-29 10:05:00,22389.24,22391.66,22387.64,22390.31,1498
2025-12-29 10:10:00,22390.31,22393.78,22389.29,22393.1,15530
2025-12-29 10:15:00,22393.1,22395.05,22381.24,22381.7,1005
2025-12-29 10:20:00,22381.7,22409.75,22381.54,22408.72,1375
2025-12-29 10:25:00,22408.72,22408.78,22404.66,22404.88,1502
2025-12-29 10:30:00,22404.88,22407.57,22399.93,22402.7,4350
2025-12-29 10:35:00,22402.7,22403.77,22388.86,22391.97,23264
2025-12-29 10:40:00,22391.97,22400.69,22391.86,22397.84,7647
2025-12-29 10:45:00,22397.84,22398.43,22389.74,22392.4,1231
2025-12-29 10:50:00,22392.4,22392.59,22385.05,22385.5,7892
2025-12-29 10:55:00,22385.5,22388.94,22379.3,22381.88,19547
2025-12-29 11:00:00,22381.88,22385.47,22375.28,22375.76,2034
2025-12-29 11:05:00,22375.76,22379.12,22366.87,22366.88,12884
2025-12-29 11:10:00,22366.88,22371.67,22365.92,22371.56,2861
2025-12-29 11:15:00,22371.56,22374.4,22359.72,22360.12,2342
2025-12-29 11:20:00,22360.12,22368.45,22358.91,22366.93,1957
2025-12-29 11:25:00,22366.93,22367.76,22354.84,22355.89,82
2025-12-29 11:30:00,22355.89,22357.27,22348.97,22349.21,893
2025-12-29 11:35:00,22349.21,22349.63,22348.59,22348.91,1017
2025-12-29 11:40:00,22348.91,22351.07,22343.03,22343.79,7020
2025-12-29 11:45:00,22343.79,22346.84,22337.0,22337.63,29592
2025-12-29 11:50:00,22337.63,22341.68,22331.69,22332.49,4327
2025-12-29 11:55:00,22332.49,22334.05,22332.42,22332.77,1384
2025-12-29 12:00:00,22332.77,22334.45,22329.98,22330.35,7442
2025-12-29 12:05:00,22330.35,22331.03,22326.19,22328.49,1711
2025-12-29 12:10:00,22328.49,22329.67,22301.76,22301.93,6943
2025-12-29 12:15:00,22301.93,22302.62,22295.42,22299.78,2737
2025-12-29 12:20:00,22299.78,22302.19,22285.97,22286.34,20219
2025-12-29 12:25:00,22286.34,22289.35,22286.3,22289.31,1022
2025-12-29 12:30:00,22289.31,22290.16,22282.19,22284.96,7255
2025-12-29 12:35:00,22284.96,22286.61,22279.93,22281.85,242
2025-12-29 12:40:00,22281.85,22283.56,22273.57,22277.2,633
2025-12-29 12:45:00,22277.2,22297.95,22273.36,22296.73,10338
2025-12-29 12:50:00,22296.73,22297.49,22289.62,22290.79,5746
2025-12-29 12:55:00,22290.79,22293.81,22279.6,22286.17,2412
2025-12-29 13:00:00,22286.17,22286.4,22283.08,22283.57,3583
2025-12-29 13:05:00,22283.57,22294.11,22281.24,22293.86,2339
2025-12-29 13:10:00,22293.86,22296.71,22287.81,22290.15,3502
2025-12-29 13:15:00,22290.15,22292.6,22279.89,22279.92,4936
2025-12-29 13:20:00,22279.92,22280.88,22275.74,22276.92,2878
2025-12-29 13:25:00,22276.92,22279.12,22256.6,22257.86,18237
2025-12-29 13:30:00,22257.86,22258.22,22250.9,22251.35,20886
2025-12-29 13:35:00,22251.35,22261.56,22250.4,22261.45,1101
2025-12-29 13:40:00,22261.45,22262.32,22258.41,22259.52,5599
2025-12-29 13:45:00,22259.52,22266.77,22255.79,22264.25,3593
2025-12-29 13:50:00,22264.25,22273.75,22261.88,22273.05,14650
2025-12-29 13:55:00,22273.05,22281.31,22271.71,22281.12,368
2025-12-29 14:00:00,22281.12,22284.18,22280.18,22280.8,9678
2025-12-29 14:05:00,22280.8,22288.12,22278.16,22287.55,37
2025-12-29 14:10:00,22287.55,22289.38,22276.13,22277.77,4936
2025-12-29 14:15:00,22277.77,22280.88,22276.57,22280.09,716
2025-12-29 14:20:00,22280.09,22280.88,22269.08,22270.34,282
2025-12-29 14:25:00,22270.34,22280.9,22267.23,22278.11,3946
2025-12-29 14:30:00,22278.11,22285.86,22276.83,22283.12,15772
2025-12-29 14:35:00,22283.12,22287.15,22282.75,22285.32,20834
2025-12-29 14:40:00,22285.32,22290.08,22282.42,22287.11,719
2025-12-29 14:45:00,22287.11,22297.32,22284.76,22297.14,16352
2025-12-29 14:50:00,22297.14,22301.59,22296.29,22300.58,145
2025-12-29 14:55:00,22300.58,22303.76,22300.23,22301.52,536
2025-12-29 15:00:00,22301.52,22304.73,22289.91,22292.04,2962
2025-12-29 15:05:00,22292.04,22294.02,22290.9,22293.52,1081
2025-12-29 15:10:00,22293.52,22301.98,22292.68,22301.47,3079
2025-12-29 15:15:00,22301.47,22302.13,22295.67,22296.74,6019
2025-12-29 15:20:00,22296.74,22307.91,22296.48,22306.47,5955
2025-12-29 15:25:00,22306.47,22307.4,22301.87,22302.98,15136
2025-12-29 15:30:00,22302.98,22304.87,22297.52,22298.14,698
2025-12-30 09:15:00,22478.22,22482.89,22466.34,22468.93,3037
2025-12-30 09:20:00,22468.93,22479.14,22463.88,22475.87,1229
2025-12-30 09:25:00,22475.87,22479.58,22473.93,22474.91,567
2025-12-30 09:30:00,22474.91,22476.81,22472.75,22475.72,891
2025-12-30 09:35:00,22475.72,22480.09,22474.22,22477.53,8061
2025-12-30 09:40:00,22477.53,22499.3,22475.69,22498.35,1718
2025-12-30 09:45:00,22498.35,22499.3,22496.54,22498.6,4130
2025-12-30 09:50:00,22498.6,22506.49,22495.95,22505.86,2322
2025-12-30 09:55:00,22505.86,22510.22,22494.44,22498.09,984
2025-12-30 10:00:00,22498.09,22503.11,22489.46,22493.08,28026
2025-12-30 10:05:00,22493.08,22497.93,22489.69,22490.43,12911
2025-12-30 10:10:00,22490.43,22491.97,22489.93,22491.87,2176
2025-12-30 10:15:00,22491.87,22497.47,22491.8,22496.74,28689
2025-12-30 10:20:00,22496.74,22497.76,22471.57,22473.0,16654
2025-12-30 10:25:00,22473.0,22473.42,22470.51,22472.48,27910
2025-12-30 10:30:00,22472.48,22473.02,22466.72,22470.08,123
2025-12-30 10:35:00,22470.08,22473.01,22462.37,22464.56,6526
2025-12-30 10:40:00,22464.56,22466.32,22459.79,22460.97,30394
2025-12-30 10:45:00,22460.97,22461.17,22454.43,22455.94,10552
2025-12-30 10:50:00,22455.94,22456.14,22448.27,22451.63,265
2025-12-30 10:55:00,22451.63,22454.34,22447.42,22451.69,135
2025-12-30 11:00:00,22451.69,22451.73,22444.56,22445.29,568
2025-12-30 11:05:00,22445.29,22447.27,22437.06,22437.63,55708
2025-12-30 11:10:00,22437.63,22440.62,22436.61,22438.25,15847
2025-12-30 11:15:00,22438.25,22438.86,22413.24,22415.85,1264
2025-12-30 11:20:00,22415.85,22432.92,22414.91,22429.95,1401
2025-12-30 11:25:00,22429.95,22431.21,22419.38,22421.84,5671
2025-12-30 11:30:00,22421.84,22423.05,22408.94,22410.19,246
2025-12-30 11:35:00,22410.19,22423.62,22408.7,22422.59,955
2025-12-30 11:40:00,22422.59,22429.83,22422.4,22427.57,60047
2025-12-30 11:45:00,22427.57,22430.21,22426.99,22427.92,7174
2025-12-30 11:50:00,22427.92,22428.67,22413.08,22414.55,837
2025-12-30 11:55:00,22414.55,22428.93,22412.55,22428.51,1739
2025-12-30 12:00:00,22428.51,22431.37,22416.71,22418.1,6594
2025-12-30 12:05:00,22418.1,22429.95,22417.04,22428.95,635
2025-12-30 12:10:00,22428.95,22450.39,22428.57,22448.52,935
2025-12-30 12:15:00,22448.52,22449.2,22443.7,22447.61,474
2025-12-30 12:20:00,22447.61,22448.72,22447.37,22448.68,2532
2025-12-30 12:25:00,22448.68,22450.43,22446.54,22447.76,5587
2025-12-30 12:30:00,22447.76,22448.36,22420.17,22423.48,7859
2025-12-30 12:35:00,22423.48,22437.13,22422.96,22435.28,1213
2025-12-30 12:40:00,22435.28,22445.35,22431.82,22445.16,5544
2025-12-30 12:45:00,22445.16,22447.24,22443.53,22447.1,219
2025-12-30 12:50:00,22447.1,22447.93,22445.65,22447.79,2249
2025-12-30 12:55:00,22447.79,22447.8,22437.31,22439.48,166
2025-12-30 13:00:00,22439.48,22446.45,22438.54,22445.29,21044
2025-12-30 13:05:00,22445.29,22448.16,22439.83,22439.97,1770
2025-12-30 13:10:00,22439.97,22440.13,22432.01,22433.23,189
2025-12-30 13:15:00,22433.23,22435.51,22429.24,22429.71,1114
2025-12-30 13:20:00,22429.71,22441.81,22428.35,22438.6,291
2025-12-30 13:25:00,22438.6,22453.79,22438.56,22450.64,21685
2025-12-30 13:30:00,22450.64,22454.37,22444.71,22446.23,39892
2025-12-30 13:35:00,22446.23,22446.23,22434.23,22434.3,1380
2025-12-30 13:40:00,22434.3,22434.44,22429.63,22430.75,353
2025-12-30 13:45:00,22430.75,22434.62,22429.01,22432.47,884
2025-12-30 13:50:00,22432.47,22433.04,22419.32,22422.46,7851
2025-12-30 13:55:00,22422.46,22429.87,22421.62,22428.09,3572
2025-12-30 14:00:00,22428.09,22434.48,22425.26,22433.39,8817
2025-12-30 14:05:00,22433.39,22445.53,22431.75,22443.29,37091
2025-12-30 14:10:00,22443.29,22444.93,22443.03,22443.27,1305
2025-12-30 14:15:00,22443.27,22444.14,22435.13,22438.34,341
2025-12-30 14:20:00,22438.34,22438.54,22437.65,22438.49,49654
2025-12-30 14:25:00,22438.49,22440.53,22436.54,22439.33,9432
2025-12-30 14:30:00,22439.33,22439.47,22434.9,22435.12,14037
2025-12-30 14:35:00,22435.12,22439.69,22424.21,22424.64,6019
2025-12-30 14:40:00,22424.64,22428.32,22423.77,22425.86,1279
2025-12-30 14:45:00,22425.86,22426.33,22405.2,22407.25,1655
2025-12-30 14:50:00,22407.25,22408.32,22405.22,22407.48,7592
2025-12-30 14:55:00,22407.48,22420.92,22405.22,22420.58,2697
2025-12-30 15:00:00,22420.58,22421.25,22401.88,22402.78,36807
2025-12-30 15:05:00,22402.78,22403.6,22399.51,22401.23,1746
2025-12-30 15:10:00,22401.23,22401.62,22388.42,22389.03,4669
2025-12-30 15:15:00,22389.03,22389.2,22383.37,22384.04,1813
2025-12-30 15:20:00,22384.04,22384.76,22382.52,22384.68,2487
2025-12-30 15:25:00,22384.68,22385.05,22380.46,22381.88,1737
2025-12-30 15:30:00,22381.88,22399.96,22381.33,22398.13,1666
2025-12-31 09:15:00,22437.64,22438.2,22431.57,22434.99,14125
2025-12-31 09:20:00,22434.99,22442.54,22430.45,22440.05,688
2025-12-31 09:25:00,22440.05,22445.21,22437.02,22438.11,198
2025-12-31 09:30:00,22438.11,22438.22,22432.09,22432.59,414
2025-12-31 09:35:00,22432.59,22434.03,22429.31,22431.51,4400
2025-12-31 09:40:00,22431.51,22439.39,22430.36,22437.7,1413
2025-12-31 09:45:00,22437.7,22444.04,22437.44,22443.42,1190
2025-12-31 09:50:00,22443.42,22443.57,22434.57,22439.45,4683
2025-12-31 09:55:00,22439.45,22441.11,22433.57,22434.56,78115
2025-12-31 10:00:00,22434.56,22436.37,22430.61,22431.36,4410
2025-12-31 10:05:00,22431.36,22438.84,22430.08,22437.7,35893
2025-12-31 10:10:00,22437.7,22447.15,22436.12,22445.57,5939
2025-12-31 10:15:00,22445.57,22461.8,22444.42,22461.72,338
2025-12-31 10:20:00,22461.72,22464.12,22452.57,22455.12,64
2025-12-31 10:25:00,22455.12,22461.1,22450.23,22451.9,1427
2025-12-31 10:30:00,22451.9,22463.77,22450.23,22462.98,14749
2025-12-31 10:35:00,22462.98,22463.19,22460.57,22463.12,675
2025-12-31 10:40:00,22463.12,22463.21,22456.36,22456.52,30216
2025-12-31 10:45:00,22456.52,22465.01,22455.99,22459.6,338
2025-12-31 10:50:00,22459.6,22461.22,22450.54,22451.87,378
2025-12-31 10:55:00,22451.87,22456.32,22451.16,22453.5,85430
2025-12-31 11:00:00,22453.5,22454.07,22437.82,22442.86,1898
2025-12-31 11:05:00,22442.86,22449.45,22442.71,22448.01,11315
2025-12-31 11:10:00,22448.01,22471.8,22446.96,22468.37,338
2025-12-31 11:15:00,22468.37,22470.27,22464.22,22465.12,506
2025-12-31 11:20:00,22465.12,22466.8,22464.34,22464.54,720
2025-12-31 11:25:00,22464.54,22477.7,22463.89,22473.94,2800
2025-12-31 11:30:00,22473.94,22474.43,22472.72,22474.07,2826
2025-12-31 11:35:00,22474.07,22474.88,22469.9,22471.12,9713
2025-12-31 11:40:00,22471.12,22472.82,22465.91,22465.95,1363
2025-12-31 11:45:00,22465.95,22472.35,22464.67,22470.9,4101
2025-12-31 11:50:00,22470.9,22471.96,22465.03,22466.13,16920
2025-12-31 11:55:00,22466.13,22474.84,22463.87,22473.86,117345
2025-12-31 12:00:00,22473.86,22475.76,22461.77,22462.63,512
2025-12-31 12:05:00,22462.63,22462.79,22459.02,22461.63,1022
2025-12-31 12:10:00,22461.63,22466.31,22456.07,22459.54,598
2025-12-31 12:15:00,22459.54,22462.36,22459.34,22462.15,10044
2025-12-31 12:20:00,22462.15,22476.03,22460.84,22475.52,4882
2025-12-31 12:25:00,22475.52,22484.59,22473.37,22483.66,15768
2025-12-31 12:30:00,22483.66,22493.64,22483.33,22492.32,4269
2025-12-31 12:35:00,22492.32,22495.51,22481.33,22481.36,4563
2025-12-31 12:40:00,22481.36,22484.01,22475.53,22476.74,4141
2025-12-31 12:45:00,22476.74,22482.45,22476.05,22482.13,1798
2025-12-31 12:50:00,22482.13,22489.06,22480.72,22486.1,10039
2025-12-31 12:55:00,22486.1,22491.46,22484.01,22488.45,5897
2025-12-31 13:00:00,22488.45,22489.33,22485.01,22488.36,8857
2025-12-31 13:05:00,22488.36,22498.62,22486.75,22498.43,2733
2025-12-31 13:10:00,22498.43,22501.55,22490.42,22492.0,6507
2025-12-31 13:15:00,22492.0,22505.92,22490.82,22501.88,417
2025-12-31 13:20:00,22501.88,22502.51,22500.5,22501.83,4197
2025-12-31 13:25:00,22501.83,22513.79,22500.41,22512.59,3802
2025-12-31 13:30:00,22512.59,22514.42,22499.2,22499.5,15810
2025-12-31 13:35:00,22499.5,22505.55,22499.22,22503.21,61494
2025-12-31 13:40:00,22503.21,22504.76,22502.23,22504.1,9368
2025-12-31 13:45:00,22504.1,22505.11,22499.8,22500.45,8769
2025-12-31 13:50:00,22500.45,22502.78,22498.94,22501.81,869
2025-12-31 13:55:00,22501.81,22509.54,22501.24,22509.38,1882
2025-12-31 14:00:00,22509.38,22517.78,22509.11,22516.57,9691
2025-12-31 14:05:00,22516.57,22527.0,22512.65,22525.95,4768
2025-12-31 14:10:00,22525.95,22526.69,22516.84,22517.61,5716
2025-12-31 14:15:00,22517.61,22517.75,22515.44,22517.26,13162
2025-12-31 14:20:00,22517.26,22519.48,22507.28,22508.01,33000
2025-12-31 14:25:00,22508.01,22509.42,22503.05,22505.19,10117
2025-12-31 14:30:00,22505.19,22507.38,22498.29,22502.7,2009
2025-12-31 14:35:00,22502.7,22514.38,22501.3,22512.13,716
2025-12-31 14:40:00,22512.13,22514.39,22510.81,22512.98,3849
2025-12-31 14:45:00,22512.98,22514.39,22509.19,22509.66,3244
2025-12-31 14:50:00,22509.66,22523.45,22508.28,22522.12,2620
2025-12-31 14:55:00,22522.12,22522.28,22516.47,22521.52,5199
2025-12-31 15:00:00,22521.52,22522.6,22501.36,22505.23,1817
2025-12-31 15:05:00,22505.23,22506.97,22486.29,22489.33,5304
2025-12-31 15:10:00,22489.33,22489.94,22489.12,22489.33,368
2025-12-31 15:15:00,22489.33,22497.29,22488.52,22493.44,1573
2025-12-31 15:20:00,22493.44,22495.26,22481.11,22482.02,14908
2025-12-31 15:25:00,22482.02,22485.71,22480.6,22484.11,6372
2025-12-31 15:30:00,22484.11,22484.45,22477.14,22478.84,3059
2026-01-01 09:15:00,22466.54,22482.59,22465.58,22479.97,27497
2026-01-01 09:20:00,22479.97,22487.71,22478.8,22486.04,20899
2026-01-01 09:25:00,22486.04,22488.82,22477.33,22477.34,116
2026-01-01 09:30:00,22477.34,22489.63,22476.48,22487.19,1709
2026-01-01 09:35:00,22487.19,22487.29,22486.36,22486.61,6886
2026-01-01 09:40:00,22486.61,22488.5,22484.34,22485.23,1199
2026-01-01 09:45:00,22485.23,22498.63,22485.05,22495.91,12712
2026-01-01 09:50:00,22495.91,22496.53,22489.04,22490.13,819
2026-01-01 09:55:00,22490.13,22490.44,22488.44,22489.55,94137
2026-01-01 10:00:00,22489.55,22491.56,22482.66,22483.44,584
2026-01-01 10:05:00,22483.44,22485.56,22481.6,22484.26,31051
2026-01-01 10:10:00,22484.26,22508.33,22482.94,22507.83,5879
2026-01-01 10:15:00,22507.83,22509.68,22503.1,22505.7,104036
2026-01-01 10:20:00,22505.7,22515.91,22504.28,22512.54,10138
2026-01-01 10:25:00,22512.54,22524.5,22511.12,22521.96,160
2026-01-01 10:30:00,22521.96,22524.18,22520.14,22521.24,310
2026-01-01 10:35:00,22521.24,22523.62,22519.98,22522.41,789
2026-01-01 10:40:00,22522.41,22526.45,22515.89,22516.23,2341
2026-01-01 10:45:00,22516.23,22516.62,22504.67,22506.72,2157
2026-01-01 10:50:00,22506.72,22509.41,22504.31,22508.87,65178
2026-01-01 10:55:00,22508.87,22510.18,22503.56,22505.1,2417
2026-01-01 11:00:00,22505.1,22510.45,22502.27,22509.96,1810
2026-01-01 11:05:00,22509.96,22510.88,22502.45,22505.05,16149
2026-01-01 11:10:00,22505.05,22519.83,22502.51,22517.87,1777
2026-01-01 11:15:00,22517.87,22519.43,22511.49,22512.78,4190
2026-01-01 11:20:00,22512.78,22515.37,22511.35,22512.16,847
2026-01-01 11:25:00,22512.16,22513.53,22504.63,22506.72,6819
2026-01-01 11:30:00,22506.72,22525.16,22505.83,22521.89,847
2026-01-01 11:35:00,22521.89,22522.67,22509.9,22511.41,46164
2026-01-01 11:40:00,22511.41,22517.09,22510.92,22514.75,7586
2026-01-01 11:45:00,22514.75,22525.3,22513.92,22521.34,12388
2026-01-01 11:50:00,22521.34,22525.93,22516.48,22523.53,1722
2026-01-01 11:55:00,22523.53,22525.3,22522.67,22522.96,6371
2026-01-01 12:00:00,22522.96,22533.04,22520.33,22528.33,1887
2026-01-01 12:05:00,22528.33,22533.88,22527.38,22532.9,1677
2026-01-01 12:10:00,22532.9,22534.36,22528.75,22530.28,749
2026-01-01 12:15:00,22530.28,22537.5,22530.19,22537.08,1113
2026-01-01 12:20:00,22537.08,22538.38,22525.58,22526.24,85
2026-01-01 12:25:00,22526.24,22528.09,22523.52,22524.66,1416
2026-01-01 12:30:00,22524.66,22526.15,22524.36,22525.03,30036
2026-01-01 12:35:00,22525.03,22533.82,22524.05,22532.78,9181
2026-01-01 12:40:00,22532.78,22533.29,22518.12,22519.29,9051
2026-01-01 12:45:00,22519.29,22525.24,22518.9,22524.65,6680
2026-01-01 12:50:00,22524.65,22526.34,22516.9,22517.02,3865
2026-01-01 12:55:00,22517.02,22517.93,22500.87,22502.42,2654
2026-01-01 13:00:00,22502.42,22522.78,22501.7,22521.41,1648
2026-01-01 13:05:00,22521.41,22522.07,22517.99,22520.81,1313
2026-01-01 13:10:00,22520.81,22523.26,22515.62,22520.02,22097
2026-01-01 13:15:00,22520.02,22521.42,22513.5,22513.82,43340
2026-01-01 13:20:00,22513.82,22516.48,22511.5,22512.5,9279
2026-01-01 13:25:00,22512.5,22518.42,22511.13,22518.02,98
2026-01-01 13:30:00,22518.02,22520.57,22516.35,22518.85,850
2026-01-01 13:35:00,22518.85,22522.03,22502.48,22503.92,4279
2026-01-01 13:40:00,22503.92,22511.77,22503.61,22508.75,1327
2026-01-01 13:45:00,22508.75,22512.7,22508.41,22510.13,711
2026-01-01 13:50:00,22510.13,22512.57,22496.08,22497.81,1842
2026-01-01 13:55:00,22497.81,22499.24,22492.78,22492.95,2081
2026-01-01 14:00:00,22492.95,22495.64,22487.68,22490.76,266
2026-01-01 14:05:00,22490.76,22494.94,22490.26,22493.38,4740
2026-01-01 14:10:00,22493.38,22493.84,22490.33,22491.68,4637
2026-01-01 14:15:00,22491.68,22492.94,22483.63,22486.51,828
2026-01-01 14:20:00,22486.51,22503.79,22484.12,22502.2,4816
2026-01-01 14:25:00,22502.2,22502.59,22498.5,22501.32,6793
2026-01-01 14:30:00,22501.32,22502.17,22496.07,22497.08,11071
2026-01-01 14:35:00,22497.08,22500.67,22494.52,22494.61,297
2026-01-01 14:40:00,22494.61,22514.02,22494.29,22512.09,4390
2026-01-01 14:45:00,22512.09,22512.67,22508.93,22509.78,29416
2026-01-01 14:50:00,22509.78,22518.88,22507.69,22515.92,4798
2026-01-01 14:55:00,22515.92,22517.86,22513.17,22517.16,2140
2026-01-01 15:00:00,22517.16,22518.23,22510.36,22513.92,2089
2026-01-01 15:05:00,22513.92,22515.76,22510.73,22512.84,605
2026-01-01 15:10:00,22512.84,22513.43,22509.05,22511.76,2934
2026-01-01 15:15:00,22511.76,22520.65,22511.51,22519.24,581
2026-01-01 15:20:00,22519.24,22519.46,22506.68,22507.77,11835
2026-01-01 15:25:00,22507.77,22514.1,22505.45,22513.74,6413
2026-01-01 15:30:00,22513.74,22515.25,22503.63,22505.59,2421
2026-01-02 09:15:00,22508.51,22509.4,22505.42,22508.47,6823
2026-01-02 09:20:00,22508.47,22508.7,22501.52,22502.23,10480
2026-01-02 09:25:00,22502.23,22502.34,22500.0,22500.97,70291
2026-01-02 09:30:00,22500.97,22508.25,22500.96,22508.08,1356
2026-01-02 09:35:00,22508.08,22509.18,22498.93,22500.48,7943
2026-01-02 09:40:00,22500.48,22503.14,22490.4,22491.91,3074
2026-01-02 09:45:00,22491.91,22493.02,22491.37,22491.91,15247
2026-01-02 09:50:00,22491.91,22494.98,22484.88,22486.28,4849
2026-01-02 09:55:00,22486.28,22487.75,22475.6,22477.32,1005
2026-01-02 10:00:00,22477.32,22477.86,22473.43,22474.73,955
2026-01-02 10:05:00,22474.73,22475.07,22472.27,22472.9,16949
2026-01-02 10:10:00,22472.9,22480.15,22471.85,22476.97,7393
2026-01-02 10:15:00,22476.97,22479.96,22473.47,22473.49,2946
2026-01-02 10:20:00,22473.49,22476.39,22464.34,22464.52,2101
2026-01-02 10:25:00,22464.52,22464.68,22458.97,22461.18,1552
2026-01-02 10:30:00,22461.18,22466.14,22457.83,22465.44,1466
2026-01-02 10:35:00,22465.44,22465.98,22456.25,22456.88,247
2026-01-02 10:40:00,22456.88,22465.18,22453.76,22462.96,2770
2026-01-02 10:45:00,22462.96,22465.24,22452.29,22452.98,1657
2026-01-02 10:50:00,22452.98,22456.21,22450.81,22452.21,3261
2026-01-02 10:55:00,22452.21,22464.11,22449.0,22463.57,6361
2026-01-02 11:00:00,22463.57,22466.38,22452.62,22454.27,256341
2026-01-02 11:05:00,22454.27,22467.6,22454.23,22466.0,9232
2026-01-02 11:10:00,22466.0,22473.16,22463.5,22472.27,2478
2026-01-02 11:15:00,22472.27,22472.97,22467.62,22469.34,5155
2026-01-02 11:20:00,22469.34,22473.26,22465.24,22471.67,4746
2026-01-02 11:25:00,22471.67,22476.76,22468.61,22473.42,30815
2026-01-02 11:30:00,22473.42,22475.0,22470.07,22474.02,6912
2026-01-02 11:35:00,22474.02,22477.71,22473.06,22477.23,2856
2026-01-02 11:40:00,22477.23,22477.31,22466.83,22471.5,5673
2026-01-02 11:45:00,22471.5,22472.17,22470.09,22470.53,347
2026-01-02 11:50:00,22470.53,22486.17,22470.24,22485.96,700
2026-01-02 11:55:00,22485.96,22488.93,22483.89,22486.15,10739
2026-01-02 12:00:00,22486.15,22491.24,22483.25,22490.52,2204
2026-01-02 12:05:00,22490.52,22492.62,22488.02,22488.64,33472
2026-01-02 12:10:00,22488.64,22499.13,22485.05,22498.22,23821
2026-01-02 12:15:00,22498.22,22511.82,22495.2,22509.09,5287
2026-01-02 12:20:00,22509.09,22513.61,22506.4,22510.38,7918
2026-01-02 12:25:00,22510.38,22515.4,22509.58,22514.16,2744
2026-01-02 12:30:00,22514.16,22514.83,22506.21,22506.94,1149
2026-01-02 12:35:00,22506.94,22508.69,22505.94,22508.04,261
2026-01-02 12:40:00,22508.04,22508.3,22506.51,22507.13,2301
2026-01-02 12:45:00,22507.13,22507.84,22493.15,22494.45,6249
2026-01-02 12:50:00,22494.45,22503.16,22493.49,22502.76,3767
2026-01-02 12:55:00,22502.76,22511.41,22500.97,22508.26,32220
2026-01-02 13:00:00,22508.26,22508.54,22486.23,22488.58,2591
2026-01-02 13:05:00,22488.58,22488.84,22484.63,22485.34,3122
2026-01-02 13:10:00,22485.34,22487.55,22477.02,22479.87,2440
2026-01-02 13:15:00,22479.87,22480.92,22468.41,22468.78,6363
2026-01-02 13:20:00,22468.78,22470.32,22459.69,22460.71,12189
2026-01-02 13:25:00,22460.71,22463.38,22449.17,22455.74,9652
2026-01-02 13:30:00,22455.74,22457.48,22453.36,22453.6,10946
2026-01-02 13:35:00,22453.6,22455.06,22453.38,22454.88,339
2026-01-02 13:40:00,22454.88,22472.27,22452.16,22470.38,2166
2026-01-02 13:45:00,22470.38,22470.49,22461.32,22462.69,13265
2026-01-02 13:50:00,22462.69,22469.82,22462.59,22469.21,5496
2026-01-02 13:55:00,22469.21,22470.35,22452.23,22455.15,63609
2026-01-02 14:00:00,22455.15,22455.52,22450.37,22451.91,1158
2026-01-02 14:05:00,22451.91,22471.99,22448.81,22470.1,28461
2026-01-02 14:10:00,22470.1,22480.21,22469.49,22479.65,2914
2026-01-02 14:15:00,22479.65,22497.02,22479.36,22495.43,1568
2026-01-02 14:20:00,22495.43,22499.81,22481.6,22483.97,4147
2026-01-02 14:25:00,22483.97,22484.77,22469.2,22470.04,865
2026-01-02 14:30:00,22470.04,22475.27,22467.72,22474.74,22986
2026-01-02 14:35:00,22474.74,22474.89,22469.68,22470.04,7547
2026-01-02 14:40:00,22470.04,22470.54,22469.56,22470.16,3543
2026-01-02 14:45:00,22470.16,22481.83,22468.75,22480.54,8818
2026-01-02 14:50:00,22480.54,22481.18,22477.14,22479.31,19994
2026-01-02 14:55:00,22479.31,22479.48,22454.76,22457.05,385
2026-01-02 15:00:00,22457.05,22461.61,22456.31,22460.24,12319
2026-01-02 15:05:00,22460.24,22465.9,22458.29,22461.83,12874
2026-01-02 15:10:00,22461.83,22468.92,22458.46,22465.42,1784
2026-01-02 15:15:00,22465.42,22485.5,22463.5,22485.45,1152
2026-01-02 15:20:00,22485.45,22488.66,22464.2,22467.39,649
2026-01-02 15:25:00,22467.39,22467.58,22463.65,22465.57,214
2026-01-02 15:30:00,22465.57,22466.21,22463.11,22463.89,4163
2026-01-05 09:15:00,22521.48,22521.82,22517.6,22519.05,6844
2026-01-05 09:20:00,22519.05,22519.24,22513.04,22514.14,548
2026-01-05 09:25:00,22514.14,22527.11,22512.69,22524.24,3985
2026-01-05 09:30:00,22524.24,22530.47,22523.28,22529.38,3808
2026-01-05 09:35:00,22529.38,22530.3,22515.44,22517.64,12195
2026-01-05 09:40:00,22517.64,22517.96,22509.52,22512.27,6276
2026-01-05 09:45:00,22512.27,22514.3,22502.43,22503.63,5388
2026-01-05 09:50:00,22503.63,22508.19,22501.3,22506.5,4547
2026-01-05 09:55:00,22506.5,22510.81,22504.97,22505.05,45314
2026-01-05 10:00:00,22505.05,22508.19,22493.44,22495.68,17742
2026-01-05 10:05:00,22495.68,22511.3,22494.76,22509.73,516
2026-01-05 10:10:00,22509.73,22511.17,22494.79,22495.24,3028
2026-01-05 10:15:00,22495.24,22498.52,22483.03,22484.04,6637
2026-01-05 10:20:00,22484.04,22484.42,22471.82,22472.4,4868
2026-01-05 10:25:00,22472.4,22474.63,22470.14,22473.64,4008
2026-01-05 10:30:00,22473.64,22475.01,22473.49,22474.55,441
2026-01-05 10:35:00,22474.55,22478.98,22462.37,22464.01,10316
2026-01-05 10:40:00,22464.01,22471.37,22459.74,22470.75,639
2026-01-05 10:45:00,22470.75,22472.39,22470.31,22472.12,5184
2026-01-05 10:50:00,22472.12,22472.45,22470.84,22472.21,13004
2026-01-05 10:55:00,22472.21,22474.87,22467.22,22468.76,1767
2026-01-05 11:00:00,22468.76,22476.8,22468.39,22476.72,458
2026-01-05 11:05:00,22476.72,22484.3,22476.52,22483.0,27454
2026-01-05 11:10:00,22483.0,22490.33,22479.46,22487.07,2706
2026-01-05 11:15:00,22487.07,22488.37,22477.28,22477.37,3820
2026-01-05 11:20:00,22477.37,22480.85,22466.03,22471.71,1962
2026-01-05 11:25:00,22471.71,22474.73,22471.2,22474.54,855
2026-01-05 11:30:00,22474.54,22476.81,22465.05,22465.86,1367
2026-01-05 11:35:00,22465.86,22466.75,22445.16,22445.23,22471
2026-01-05 11:40:00,22445.23,22451.18,22440.77,22448.22,1013
2026-01-05 11:45:00,22448.22,22450.1,22443.2,22443.22,16326
2026-01-05 11:50:00,22443.22,22445.15,22431.18,22432.62,144
2026-01-05 11:55:00,22432.62,22443.39,22431.83,22443.2,814
2026-01-05 12:00:00,22443.2,22455.77,22441.53,22453.4,10207
2026-01-05 12:05:00,22453.4,22457.37,22445.14,22445.61,7949
2026-01-05 12:10:00,22445.61,22449.84,22430.94,22433.39,13867
2026-01-05 12:15:00,22433.39,22434.63,22423.86,22425.43,13923
2026-01-05 12:20:00,22425.43,22427.61,22413.17,22415.26,730
2026-01-05 12:25:00,22415.26,22430.97,22414.01,22428.05,6115
2026-01-05 12:30:00,22428.05,22428.58,22420.74,22421.22,2251
2026-01-05 12:35:00,22421.22,22428.34,22420.76,22427.88,16642
2026-01-05 12:40:00,22427.88,22435.78,22425.58,22434.21,6549
2026-01-05 12:45:00,22434.21,22436.77,22427.04,22427.18,767
2026-01-05 12:50:00,22427.18,22435.13,22423.37,22433.5,860
2026-01-05 12:55:00,22433.5,22434.43,22420.92,22421.83,2072
2026-01-05 13:00:00,22421.83,22424.43,22412.5,22417.11,19059
2026-01-05 13:05:00,22417.11,22417.26,22411.7,22412.75,30161
2026-01-05 13:10:00,22412.75,22412.78,22401.85,22402.91,265
2026-01-05 13:15:00,22402.91,22403.2,22393.77,22395.55,877
2026-01-05 13:20:00,22395.55,22396.85,22392.06,22392.75,15027
2026-01-05 13:25:00,22392.75,22395.25,22380.91,22384.77,1111
2026-01-05 13:30:00,22384.77,22388.25,22372.13,22374.28,1786
2026-01-05 13:35:00,22374.28,22374.6,22370.22,22372.25,2277
2026-01-05 13:40:00,22372.25,22391.27,22370.13,22391.0,9975
2026-01-05 13:45:00,22391.0,22392.18,22390.05,22390.71,6407
2026-01-05 13:50:00,22390.71,22391.04,22383.66,22386.13,66497
2026-01-05 13:55:00,22386.13,22396.69,22384.87,22392.96,8542
2026-01-05 14:00:00,22392.96,22405.46,22391.99,22403.67,40410
2026-01-05 14:05:00,22403.67,22406.35,22392.82,22395.87,17946
2026-01-05 14:10:00,22395.87,22399.42,22394.99,22399.33,4550
2026-01-05 14:15:00,22399.33,22412.44,22394.99,22411.97,775
2026-01-05 14:20:00,22411.97,22412.71,22409.64,22411.81,2369
2026-01-05 14:25:00,22411.81,22416.2,22407.47,22415.15,5983
2026-01-05 14:30:00,22415.15,22424.48,22411.79,22424.35,108844
2026-01-05 14:35:00,22424.35,22430.58,22423.25,22428.6,4550
2026-01-05 14:40:00,22428.6,22433.65,22427.68,22432.25,3012
2026-01-05 14:45:00,22432.25,22433.05,22423.45,22427.16,13765
2026-01-05 14:50:00,22427.16,22433.5,22426.42,22431.44,1390
2026-01-05 14:55:00,22431.44,22431.69,22424.61,22425.46,18258
2026-01-05 15:00:00,22425.46,22427.06,22417.77,22421.65,1514
2026-01-05 15:05:00,22421.65,22423.78,22419.38,22422.88,19019
2026-01-05 15:10:00,22422.88,22431.09,22421.52,22427.98,3458
2026-01-05 15:15:00,22427.98,22428.82,22425.07,22428.29,3520
2026-01-05 15:20:00,22428.29,22429.01,22412.62,22416.88,185
2026-01-05 15:25:00,22416.88,22424.52,22414.91,22423.43,20055
2026-01-05 15:30:00,22423.43,22427.79,22423.1,22426.05,165950
2026-01-06 09:15:00,22419.77,22433.85,22416.47,22433.73,6150
2026-01-06 09:20:00,22433.73,22438.35,22431.89,22436.25,2872
2026-01-06 09:25:00,22436.25,22443.99,22434.14,22439.05,1419
2026-01-06 09:30:00,22439.05,22440.93,22428.35,22428.39,18476
2026-01-06 09:35:00,22428.39,22431.9,22428.09,22431.9,6149
2026-01-06 09:40:00,22431.9,22433.6,22427.37,22428.59,2400
2026-01-06 09:45:00,22428.59,22431.04,22428.36,22428.86,3048
2026-01-06 09:50:00,22428.86,22429.72,22423.36,22424.06,11512
2026-01-06 09:55:00,22424.06,22424.97,22417.84,22419.43,4351
2026-01-06 10:00:00,22419.43,22422.04,22408.78,22412.18,9666
2026-01-06 10:05:00,22412.18,22415.95,22398.97,22402.05,16787
2026-01-06 10:10:00,22402.05,22402.79,22401.03,22401.4,7691
2026-01-06 10:15:00,22401.4,22403.03,22392.87,22394.17,230
2026-01-06 10:20:00,22394.17,22400.25,22387.56,22389.49,16675
2026-01-06 10:25:00,22389.49,22390.51,22383.5,22384.8,16210
2026-01-06 10:30:00,22384.8,22388.78,22382.02,22383.2,4235
2026-01-06 10:35:00,22383.2,22387.41,22382.63,22385.17,3798
2026-01-06 10:40:00,22385.17,22390.05,22380.03,22381.71,17485
2026-01-06 10:45:00,22381.71,22388.59,22379.98,22388.56,941
2026-01-06 10:50:00,22388.56,22392.13,22382.41,22384.42,322
2026-01-06 10:55:00,22384.42,22396.42,22382.84,22395.18,7210
2026-01-06 11:00:00,22395.18,22399.44,22393.96,22396.52,3498
2026-01-06 11:05:00,22396.52,22405.14,22390.33,22402.5,3111
2026-01-06 11:10:00,22402.5,22406.14,22400.67,22403.63,3156
2026-01-06 11:15:00,22403.63,22407.68,22402.52,22404.67,6475
2026-01-06 11:20:00,22404.67,22410.67,22404.43,22408.22,372
2026-01-06 11:25:00,22408.22,22419.55,22406.43,22416.68,2332
2026-01-06 11:30:00,22416.68,22431.89,22416.45,22425.03,416
2026-01-06 11:35:00,22425.03,22426.28,22417.13,22420.34,3843
2026-01-06 11:40:00,22420.34,22426.45,22417.72,22423.38,10903
2026-01-06 11:45:00,22423.38,22425.23,22404.67,22406.08,4376
2026-01-06 11:50:00,22406.08,22407.64,22389.91,22392.24,145
2026-01-06 11:55:00,22392.24,22393.84,22386.97,22392.22,2314
2026-01-06 12:00:00,22392.22,22405.71,22391.16,22402.57,3447
2026-01-06 12:05:00,22402.57,22403.41,22394.87,22395.3,2098
2026-01-06 12:10:00,22395.3,22410.9,22394.34,22410.14,6697
2026-01-06 12:15:00,22410.14,22415.21,22409.5,22415.04,3828
2026-01-06 12:20:00,22415.04,22426.55,22414.56,22424.3,9431
2026-01-06 12:25:00,22424.3,22424.37,22421.8,22422.74,2269
2026-01-06 12:30:00,22422.74,22433.66,22422.47,22433.47,340
2026-01-06 12:35:00,22433.47,22433.96,22429.34,22431.0,3079
2026-01-06 12:40:00,22431.0,22431.16,22427.32,22427.57,710
2026-01-06 12:45:00,22427.57,22427.72,22422.01,22424.38,4381
2026-01-06 12:50:00,22424.38,22425.17,22415.67,22419.08,11790
2026-01-06 12:55:00,22419.08,22424.91,22416.2,22423.46,14964
2026-01-06 13:00:00,22423.46,22430.13,22421.3,22428.0,313
2026-01-06 13:05:00,22428.0,22429.39,22426.91,22429.25,10288
2026-01-06 13:10:00,22429.25,22430.32,22413.38,22414.35,256
2026-01-06 13:15:00,22414.35,22429.03,22413.17,22426.31,11637
2026-01-06 13:20:00,22426.31,22433.69,22424.94,22431.48,4603
2026-01-06 13:25:00,22431.48,22450.95,22431.19,22450.14,824
2026-01-06 13:30:00,22450.14,22451.79,22441.44,22444.19,3062
2026-01-06 13:35:00,22444.19,22451.74,22439.47,22448.71,20298
2026-01-06 13:40:00,22448.71,22450.02,22447.05,22449.15,960
2026-01-06 13:45:00,22449.15,22457.83,22447.14,22453.06,19896
2026-01-06 13:50:00,22453.06,22454.26,22449.96,22451.53,1433
2026-01-06 13:55:00,22451.53,22452.98,22433.98,22435.1,2291
2026-01-06 14:00:00,22435.1,22436.88,22435.07,22436.16,1246
2026-01-06 14:05:00,22436.16,22437.31,22418.51,22420.45,5997
2026-01-06 14:10:00,22420.45,22429.6,22418.94,22427.72,2439
2026-01-06 14:15:00,22427.72,22429.22,22420.53,22423.55,13197
2026-01-06 14:20:00,22423.55,22426.04,22420.5,22422.15,812
2026-01-06 14:25:00,22422.15,22424.63,22421.46,22422.5,101
2026-01-06 14:30:00,22422.5,22422.81,22420.53,22420.98,1163
2026-01-06 14:35:00,22420.98,22422.85,22420.93,22422.72,5535
2026-01-06 14:40:00,22422.72,22423.69,22416.52,22419.28,6898
2026-01-06 14:45:00,22419.28,22428.35,22418.23,22425.9,11999
2026-01-06 14:50:00,22425.9,22426.31,22412.9,22413.26,36920
2026-01-06 14:55:00,22413.26,22421.95,22412.52,22420.68,3833
2026-01-06 15:00:00,22420.68,22426.36,22419.96,22424.32,2117
2026-01-06 15:05:00,22424.32,22428.03,22423.15,22426.58,17339
2026-01-06 15:10:00,22426.58,22428.53,22418.06,22418.17,936
2026-01-06 15:15:00,22418.17,22418.38,22408.08,22411.09,657
2026-01-06 15:20:00,22411.09,22428.44,22409.59,22427.52,5582
2026-01-06 15:25:00,22427.52,22434.05,22427.26,22432.06,12896
2026-01-06 15:30:00,22432.06,22434.17,22415.42,22415.75,4887
2026-01-07 09:15:00,22404.41,22407.73,22403.86,22406.49,13865
2026-01-07 09:20:00,22406.49,22415.75,22404.37,22413.76,1608
2026-01-07 09:25:00,22413.76,22415.07,22411.46,22413.54,5019
2026-01-07 09:30:00,22413.54,22419.33,22411.21,22416.79,43
2026-01-07 09:35:00,22416.79,22425.33,22415.93,22423.46,20117
2026-01-07 09:40:00,22423.46,22423.59,22422.28,22422.96,354996
2026-01-07 09:45:00,22422.96,22435.12,22421.13,22433.72,3697
2026-01-07 09:50:00,22433.72,22435.36,22426.93,22427.21,551
2026-01-07 09:55:00,22427.21,22429.56,22426.91,22427.86,821
2026-01-07 10:00:00,22427.86,22429.58,22427.75,22428.08,1658
2026-01-07 10:05:00,22428.08,22431.1,22425.87,22429.71,4407
2026-01-07 10:10:00,22429.71,22441.39,22429.59,22440.25,7782
2026-01-07 10:15:00,22440.25,22445.37,22436.2,22443.87,289
2026-01-07 10:20:00,22443.87,22454.92,22443.06,22451.9,1757
2026-01-07 10:25:00,22451.9,22452.6,22443.53,22443.94,70651
2026-01-07 10:30:00,22443.94,22446.82,22438.23,22438.94,1105
2026-01-07 10:35:00,22438.94,22446.46,22438.86,22445.33,4444
2026-01-07 10:40:00,22445.33,22446.98,22439.04,22440.55,2130
2026-01-07 10:45:00,22440.55,22441.11,22439.38,22439.91,349
2026-01-07 10:50:00,22439.91,22450.45,22439.51,22450.2,5688
2026-01-07 10:55:00,22450.2,22453.63,22449.13,22452.1,8749
2026-01-07 11:00:00,22452.1,22464.67,22451.78,22462.9,553
2026-01-07 11:05:00,22462.9,22476.72,22461.96,22476.25,220
2026-01-07 11:10:00,22476.25,22479.25,22473.22,22478.95,5883
2026-01-07 11:15:00,22478.95,22484.34,22473.83,22474.97,1551
2026-01-07 11:20:00,22474.97,22477.52,22467.23,22467.97,1004
2026-01-07 11:25:00,22467.97,22476.39,22466.72,22473.63,43135
2026-01-07 11:30:00,22473.63,22479.44,22471.89,22478.16,38737
2026-01-07 11:35:00,22478.16,22488.72,22476.35,22487.84,789
2026-01-07 11:40:00,22487.84,22496.06,22487.1,22494.05,29
2026-01-07 11:45:00,22494.05,22498.55,22491.83,22497.26,5352
2026-01-07 11:50:00,22497.26,22508.42,22495.18,22506.25,70177
2026-01-07 11:55:00,22506.25,22513.95,22505.91,22512.37,1356
2026-01-07 12:00:00,22512.37,22521.47,22511.53,22518.46,209
2026-01-07 12:05:00,22518.46,22519.74,22511.82,22512.83,3217
2026-01-07 12:10:00,22512.83,22517.96,22512.08,22514.19,1072
2026-01-07 12:15:00,22514.19,22515.39,22507.2,22508.92,1203
2026-01-07 12:20:00,22508.92,22509.51,22490.05,22492.22,3357
2026-01-07 12:25:00,22492.22,22492.43,22484.32,22484.61,36609
2026-01-07 12:30:00,22484.61,22492.27,22482.08,22488.59,3238
2026-01-07 12:35:00,22488.59,22494.53,22478.45,22481.15,8780
2026-01-07 12:40:00,22481.15,22486.53,22480.3,22485.32,1036
2026-01-07 12:45:00,22485.32,22488.8,22482.29,22486.96,282
2026-01-07 12:50:00,22486.96,22496.89,22485.98,22496.82,3829
2026-01-07 12:55:00,22496.82,22505.42,22496.19,22502.68,783
2026-01-07 13:00:00,22502.68,22506.76,22499.99,22503.13,11650
2026-01-07 13:05:00,22503.13,22510.89,22500.81,22509.49,1502
2026-01-07 13:10:00,22509.49,22509.63,22497.02,22498.65,612
2026-01-07 13:15:00,22498.65,22503.62,22492.62,22492.89,5130
2026-01-07 13:20:00,22492.89,22496.58,22481.47,22483.11,25778
2026-01-07 13:25:00,22483.11,22486.98,22481.63,22485.79,1227
2026-01-07 13:30:00,22485.79,22498.15,22482.97,22496.89,5787
2026-01-07 13:35:00,22496.89,22498.39,22479.01,22482.58,17067
2026-01-07 13:40:00,22482.58,22487.03,22481.63,22482.38,1331
2026-01-07 13:45:00,22482.38,22485.73,22470.29,22470.51,1919
2026-01-07 13:50:00,22470.51,22473.54,22464.7,22467.31,20483
2026-01-07 13:55:00,22467.31,22467.36,22459.43,22463.52,412
2026-01-07 14:00:00,22463.52,22469.16,22460.02,22468.4,22346
2026-01-07 14:05:00,22468.4,22469.35,22465.92,22466.55,65004
2026-01-07 14:10:00,22466.55,22476.09,22466.15,22475.75,26037
2026-01-07 14:15:00,22475.75,22483.5,22471.36,22480.38,5954
2026-01-07 14:20:00,22480.38,22483.9,22473.17,22476.26,3131
2026-01-07 14:25:00,22476.26,22492.11,22476.11,22488.55,121528
2026-01-07 14:30:00,22488.55,22488.97,22486.56,22488.29,1753
2026-01-07 14:35:00,22488.29,22491.8,22488.26,22488.98,234
2026-01-07 14:40:00,22488.98,22493.31,22487.25,22491.92,8469
2026-01-07 14:45:00,22491.92,22505.5,22489.74,22503.69,1092
2026-01-07 14:50:00,22503.69,22514.06,22502.31,22510.12,44338
2026-01-07 14:55:00,22510.12,22511.82,22505.13,22505.72,8724
2026-01-07 15:00:00,22505.72,22514.94,22504.85,22513.02,1065
2026-01-07 15:05:00,22513.02,22514.88,22499.6,22501.11,6518
2026-01-07 15:10:00,22501.11,22513.27,22500.4,22510.32,510
2026-01-07 15:15:00,22510.32,22516.6,22508.22,22515.36,9892
2026-01-07 15:20:00,22515.36,22515.99,22506.22,22510.66,12330
2026-01-07 15:25:00,22510.66,22517.24,22507.61,22517.23,18288
2026-01-07 15:30:00,22517.23,22518.14,22507.27,22511.9,1037
2026-01-08 09:15:00,22487.11,22492.39,22486.55,22491.61,5242
2026-01-08 09:20:00,22491.61,22493.89,22488.58,22493.78,416
2026-01-08 09:25:00,22493.78,22503.6,22492.39,22501.95,15922
2026-01-08 09:30:00,22501.95,22505.69,22501.07,22501.21,673
2026-01-08 09:35:00,22501.21,22503.7,22494.4,22495.36,1218
2026-01-08 09:40:00,22495.36,22496.76,22471.9,22476.34,7400
2026-01-08 09:45:00,22476.34,22476.45,22473.87,22474.71,3412
2026-01-08 09:50:00,22474.71,22476.4,22471.05,22474.42,320
2026-01-08 09:55:00,22474.42,22480.37,22470.62,22480.17,4970
2026-01-08 10:00:00,22480.17,22480.66,22477.21,22477.29,536
2026-01-08 10:05:00,22477.29,22480.86,22469.31,22471.15,3431
2026-01-08 10:10:00,22471.15,22477.51,22470.88,22473.55,6940
2026-01-08 10:15:00,22473.55,22474.82,22471.42,22472.25,1324
2026-01-08 10:20:00,22472.25,22472.6,22462.54,22467.16,976
2026-01-08 10:25:00,22467.16,22467.26,22463.24,22464.61,15480
2026-01-08 10:30:00,22464.61,22465.67,22444.01,22445.64,1917
2026-01-08 10:35:00,22445.64,22446.52,22437.26,22439.08,4088
2026-01-08 10:40:00,22439.08,22439.99,22431.86,22432.67,9115
2026-01-08 10:45:00,22432.67,22449.74,22432.44,22444.53,220
2026-01-08 10:50:00,22444.53,22465.0,22443.04,22464.07,2827
2026-01-08 10:55:00,22464.07,22465.91,22454.47,22457.64,12505
2026-01-08 11:00:00,22457.64,22473.3,22457.07,22473.19,1996
2026-01-08 11:05:00,22473.19,22475.27,22470.73,22470.89,912
2026-01-08 11:10:00,22470.89,22474.77,22470.32,22474.43,36779
2026-01-08 11:15:00,22474.43,22475.94,22470.02,22474.13,21161
2026-01-08 11:20:00,22474.13,22483.97,22473.67,22483.35,412
2026-01-08 11:25:00,22483.35,22487.89,22483.31,22487.34,13915
2026-01-08 11:30:00,22487.34,22490.61,22475.88,22477.68,2681
2026-01-08 11:35:00,22477.68,22478.64,22473.45,22476.49,3471
2026-01-08 11:40:00,22476.49,22477.68,22472.93,22477.64,1714
2026-01-08 11:45:00,22477.64,22480.57,22477.11,22477.41,16409
2026-01-08 11:50:00,22477.41,22477.82,22467.15,22470.12,1080
2026-01-08 11:55:00,22470.12,22470.63,22466.93,22468.91,1602
2026-01-08 12:00:00,22468.91,22469.9,22466.35,22469.81,30097
2026-01-08 12:05:00,22469.81,22470.03,22461.61,22462.96,28984
2026-01-08 12:10:00,22462.96,22469.29,22461.63,22468.71,8189
2026-01-08 12:15:00,22468.71,22469.09,22458.37,22461.29,2184
2026-01-08 12:20:00,22461.29,22462.81,22456.66,22462.32,3074
2026-01-08 12:25:00,22462.32,22465.76,22460.01,22464.74,795
2026-01-08 12:30:00,22464.74,22474.8,22461.97,22470.85,396
2026-01-08 12:35:00,22470.85,22479.01,22469.69,22477.69,1490
2026-01-08 12:40:00,22477.69,22485.25,22477.49,22483.34,2639
2026-01-08 12:45:00,22483.34,22488.19,22480.98,22487.05,434
2026-01-08 12:50:00,22487.05,22489.35,22486.95,22487.21,2123
2026-01-08 12:55:00,22487.21,22488.81,22483.86,22486.84,128
2026-01-08 13:00:00,22486.84,22487.7,22484.43,22485.79,21673
2026-01-08 13:05:00,22485.79,22488.62,22475.66,22478.91,159
2026-01-08 13:10:00,22478.91,22480.45,22473.09,22479.65,341
2026-01-08 13:15:00,22479.65,22489.89,22477.84,22485.85,4843
2026-01-08 13:20:00,22485.85,22489.22,22481.38,22485.68,1236
2026-01-08 13:25:00,22485.68,22489.88,22467.04,22469.68,2777
2026-01-08 13:30:00,22469.68,22474.73,22468.17,22471.15,1913
2026-01-08 13:35:00,22471.15,22473.6,22469.07,22472.81,918
2026-01-08 13:40:00,22472.81,22482.96,22471.58,22482.47,774
2026-01-08 13:45:00,22482.47,22483.52,22457.11,22458.84,5031
2026-01-08 13:50:00,22458.84,22486.52,22453.37,22485.13,6996
2026-01-08 13:55:00,22485.13,22485.83,22476.53,22480.09,46367
2026-01-08 14:00:00,22480.09,22480.6,22472.63,22475.49,10270
2026-01-08 14:05:00,22475.49,22487.99,22474.15,22487.91,5116
2026-01-08 14:10:00,22487.91,22491.42,22487.56,22491.25,2296
2026-01-08 14:15:00,22491.25,22500.69,22489.29,22499.22,654
2026-01-08 14:20:00,22499.22,22500.7,22496.89,22497.19,1136
2026-01-08 14:25:00,22497.19,22499.94,22495.43,22499.28,4912
2026-01-08 14:30:00,22499.28,22499.74,22494.13,22496.76,1268
2026-01-08 14:35:00,22496.76,22500.12,22495.9,22499.98,1116
2026-01-08 14:40:00,22499.98,22503.08,22498.1,22500.86,405
2026-01-08 14:45:00,22500.86,22503.2,22489.34,22490.53,361
2026-01-08 14:50:00,22490.53,22491.77,22487.31,22488.15,1671
2026-01-08 14:55:00,22488.15,22489.89,22487.7,22489.67,2172
2026-01-08 15:00:00,22489.67,22509.18,22484.71,22507.56,1414
2026-01-08 15:05:00,22507.56,22510.22,22505.26,22506.88,51682
2026-01-08 15:10:00,22506.88,22510.72,22500.21,22502.7,613
2026-01-08 15:15:00,22502.7,22502.83,22498.12,22499.97,5861
2026-01-08 15:20:00,22499.97,22500.24,22496.0,22496.64,755
2026-01-08 15:25:00,22496.64,22498.7,22485.88,22489.54,33726
2026-01-08 15:30:00,22489.54,22491.08,22485.31,22486.79,27662
2026-01-09 09:15:00,22505.88,22512.07,22502.45,22509.9,1362
2026-01-09 09:20:00,22509.9,22512.35,22501.84,22502.61,10594
2026-01-09 09:25:00,22502.61,22508.62,22501.43,22506.89,20758
2026-01-09 09:30:00,22506.89,22507.14,22499.12,22500.69,1861
2026-01-09 09:35:00,22500.69,22502.26,22498.4,22500.32,4579
2026-01-09 09:40:00,22500.32,22501.94,22491.68,22493.56,2652
2026-01-09 09:45:00,22493.56,22504.13,22492.11,22501.11,75016
2026-01-09 09:50:00,22501.11,22503.28,22491.63,22493.07,807
2026-01-09 09:55:00,22493.07,22493.18,22485.96,22487.12,8142
2026-01-09 10:00:00,22487.12,22489.1,22477.73,22479.56,2522
2026-01-09 10:05:00,22479.56,22481.47,22477.34,22477.88,88774
2026-01-09 10:10:00,22477.88,22478.75,22472.73,22473.85,1289
2026-01-09 10:15:00,22473.85,22480.63,22470.18,22479.2,4999
2026-01-09 10:20:00,22479.2,22480.38,22473.21,22474.24,23368
2026-01-09 10:25:00,22474.24,22475.57,22462.96,22464.09,2911
2026-01-09 10:30:00,22464.09,22467.07,22461.12,22461.92,2567
2026-01-09 10:35:00,22461.92,22463.29,22455.06,22456.89,2650
2026-01-09 10:40:00,22456.89,22463.06,22456.05,22458.74,13456
2026-01-09 10:45:00,22458.74,22460.21,22450.8,22455.35,45643
2026-01-09 10:50:00,22455.35,22461.37,22450.9,22459.09,914
2026-01-09 10:55:00,22459.09,22459.56,22454.35,22455.33,65
2026-01-09 11:00:00,22455.33,22459.51,22452.13,22458.42,913
2026-01-09 11:05:00,22458.42,22463.78,22450.87,22451.46,11518
2026-01-09 11:10:00,22451.46,22455.75,22446.05,22446.56,3716
2026-01-09 11:15:00,22446.56,22447.14,22431.7,22435.66,8438
2026-01-09 11:20:00,22435.66,22444.17,22433.62,22441.45,3792
2026-01-09 11:25:00,22441.45,22446.85,22439.72,22445.97,82
2026-01-09 11:30:00,22445.97,22449.05,22444.83,22448.74,9376
2026-01-09 11:35:00,22448.74,22451.38,22444.52,22448.38,548
2026-01-09 11:40:00,22448.38,22468.97,22448.0,22467.53,2269
2026-01-09 11:45:00,22467.53,22469.86,22464.57,22465.55,7082
2026-01-09 11:50:00,22465.55,22469.43,22461.27,22462.76,19309
2026-01-09 11:55:00,22462.76,22464.88,22457.46,22458.08,3515
2026-01-09 12:00:00,22458.08,22473.25,22457.68,22471.16,5750
2026-01-09 12:05:00,22471.16,22476.23,22466.99,22475.32,427
2026-01-09 12:10:00,22475.32,22489.43,22471.52,22487.0,275
2026-01-09 12:15:00,22487.0,22489.98,22476.29,22480.04,267
2026-01-09 12:20:00,22480.04,22480.43,22472.95,22476.14,2257
2026-01-09 12:25:00,22476.14,22476.76,22470.33,22471.27,5778
2026-01-09 12:30:00,22471.27,22475.18,22468.01,22469.85,25094
2026-01-09 12:35:00,22469.85,22471.99,22467.61,22471.35,547
2026-01-09 12:40:00,22471.35,22471.62,22468.66,22469.54,3467
2026-01-09 12:45:00,22469.54,22472.34,22467.68,22468.04,406
2026-01-09 12:50:00,22468.04,22472.11,22467.48,22469.37,514
2026-01-09 12:55:00,22469.37,22471.03,22467.16,22468.35,2387
2026-01-09 13:00:00,22468.35,22484.35,22468.04,22482.03,8720
2026-01-09 13:05:00,22482.03,22482.1,22478.16,22478.88,9411
2026-01-09 13:10:00,22478.88,22491.94,22477.04,22490.35,11903
2026-01-09 13:15:00,22490.35,22497.03,22486.94,22494.76,44650
2026-01-09 13:20:00,22494.76,22495.5,22491.66,22492.89,6810
2026-01-09 13:25:00,22492.89,22495.39,22490.66,22491.27,6816
2026-01-09 13:30:00,22491.27,22497.77,22490.73,22497.08,13240
2026-01-09 13:35:00,22497.08,22498.53,22496.71,22497.6,217
2026-01-09 13:40:00,22497.6,22498.98,22495.47,22496.14,29172
2026-01-09 13:45:00,22496.14,22497.12,22492.46,22494.04,100136
2026-01-09 13:50:00,22494.04,22497.29,22492.35,22495.2,48951
2026-01-09 13:55:00,22495.2,22496.88,22490.16,22492.62,13706
2026-01-09 14:00:00,22492.62,22495.02,22492.46,22493.62,5930
2026-01-09 14:05:00,22493.62,22501.56,22492.86,22500.89,6857
2026-01-09 14:10:00,22500.89,22508.53,22499.22,22507.77,2270
2026-01-09 14:15:00,22507.77,22518.12,22503.58,22515.35,28627
2026-01-09 14:20:00,22515.35,22520.66,22513.2,22519.44,9011
2026-01-09 14:25:00,22519.44,22524.81,22516.6,22521.65,3782
2026-01-09 14:30:00,22521.65,22522.4,22514.45,22518.48,7259
2026-01-09 14:35:00,22518.48,22520.96,22515.92,22520.57,373
2026-01-09 14:40:00,22520.57,22522.27,22515.24,22515.8,3298
2026-01-09 14:45:00,22515.8,22519.93,22514.04,22519.24,37384
2026-01-09 14:50:00,22519.24,22538.82,22517.72,22538.53,27260
2026-01-09 14:55:00,22538.53,22539.2,22525.56,22526.96,523
2026-01-09 15:00:00,22526.96,22528.69,22524.69,22524.72,3104
2026-01-09 15:05:00,22524.72,22525.46,22519.28,22519.75,10044
2026-01-09 15:10:00,22519.75,22521.4,22517.39,22518.56,7025
2026-01-09 15:15:00,22518.56,22531.9,22517.61,22529.66,41979
2026-01-09 15:20:00,22529.66,22535.29,22527.2,22527.6,3649
2026-01-09 15:25:00,22527.6,22530.27,22505.24,22506.67,4879
2026-01-09 15:30:00,22506.67,22509.24,22502.72,22504.86,733
2026-01-12 09:15:00,22504.28,22505.33,22501.23,22503.1,17929
2026-01-12 09:20:00,22503.1,22517.19,22502.12,22514.82,4604
2026-01-12 09:25:00,22514.82,22515.31,22503.72,22505.09,192
2026-01-12 09:30:00,22505.09,22514.94,22502.7,22513.55,11188
2026-01-12 09:35:00,22513.55,22519.23,22512.32,22518.0,48376
2026-01-12 09:40:00,22518.0,22518.95,22516.7,22518.34,737
2026-01-12 09:45:00,22518.34,22522.6,22516.77,22522.16,344
2026-01-12 09:50:00,22522.16,22524.56,22510.78,22512.0,1792
2026-01-12 09:55:00,22512.0,22525.85,22510.55,22523.61,940
2026-01-12 10:00:00,22523.61,22540.54,22522.1,22536.55,9653
2026-01-12 10:05:00,22536.55,22540.45,22531.37,22531.91,10717
2026-01-12 10:10:00,22531.91,22532.44,22527.74,22531.06,6698
2026-01-12 10:15:00,22531.06,22543.19,22529.37,22542.67,1242
2026-01-12 10:20:00,22542.67,22544.75,22540.46,22543.5,18072
2026-01-12 10:25:00,22543.5,22543.77,22538.55,22539.14,1233
2026-01-12 10:30:00,22539.14,22552.98,22538.62,22550.75,4312
2026-01-12 10:35:00,22550.75,22553.34,22548.57,22550.31,9093
2026-01-12 10:40:00,22550.31,22551.73,22544.16,22544.91,436
2026-01-12 10:45:00,22544.91,22547.18,22537.46,22538.08,1278
2026-01-12 10:50:00,22538.08,22539.11,22530.32,22531.21,838
2026-01-12 10:55:00,22531.21,22533.49,22515.33,22517.27,441
2026-01-12 11:00:00,22517.27,22520.17,22516.75,22518.36,1777
2026-01-12 11:05:00,22518.36,22522.37,22514.06,22514.94,886
2026-01-12 11:10:00,22514.94,22517.03,22505.54,22508.84,949
2026-01-12 11:15:00,22508.84,22520.9,22508.46,22520.42,73000
2026-01-12 11:20:00,22520.42,22523.8,22519.85,22522.39,542
2026-01-12 11:25:00,22522.39,22533.58,22520.14,22532.43,18388
2026-01-12 11:30:00,22532.43,22534.32,22529.02,22529.12,805
2026-01-12 11:35:00,22529.12,22532.7,22528.78,22530.44,3733
2026-01-12 11:40:00,22530.44,22532.05,22528.35,22529.69,110
2026-01-12 11:45:00,22529.69,22535.43,22528.8,22533.46,1140
2026-01-12 11:50:00,22533.46,22534.45,22524.09,22524.38,2468
2026-01-12 11:55:00,22524.38,22540.85,22520.83,22538.96,3126
2026-01-12 12:00:00,22538.96,22539.31,22522.35,22524.27,1724
2026-01-12 12:05:00,22524.27,22524.6,22510.76,22512.47,6233
2026-01-12 12:10:00,22512.47,22520.77,22511.06,22518.66,9273
2026-01-12 12:15:00,22518.66,22520.82,22509.43,22511.79,5054
2026-01-12 12:20:00,22511.79,22515.63,22511.78,22514.26,29457
2026-01-12 12:25:00,22514.26,22518.17,22505.56,22506.47,2526
2026-01-12 12:30:00,22506.47,22507.77,22499.11,22500.79,108
2026-01-12 12:35:00,22500.79,22505.42,22494.4,22495.57,8218
2026-01-12 12:40:00,22495.57,22504.99,22493.98,22504.95,8752
2026-01-12 12:45:00,22504.95,22509.91,22504.61,22509.26,1233
2026-01-12 12:50:00,22509.26,22511.7,22507.68,22509.37,1951
2026-01-12 12:55:00,22509.37,22510.38,22501.49,22501.82,5450
2026-01-12 13:00:00,22501.82,22510.34,22499.15,22509.41,12184
2026-01-12 13:05:00,22509.41,22513.75,22508.77,22513.44,17686
2026-01-12 13:10:00,22513.44,22525.9,22513.36,22523.23,6853
2026-01-12 13:15:00,22523.23,22535.23,22522.6,22533.98,3053
2026-01-12 13:20:00,22533.98,22543.01,22533.52,22541.18,310
2026-01-12 13:25:00,22541.18,22544.98,22538.2,22543.15,447
2026-01-12 13:30:00,22543.15,22548.48,22543.07,22545.76,4093
2026-01-12 13:35:00,22545.76,22558.31,22544.72,22555.22,2929
2026-01-12 13:40:00,22555.22,22560.72,22553.59,22559.75,3680
2026-01-12 13:45:00,22559.75,22574.67,22558.73,22572.94,398
2026-01-12 13:50:00,22572.94,22575.58,22557.58,22559.49,1829
2026-01-12 13:55:00,22559.49,22573.28,22556.5,22570.06,2037
2026-01-12 14:00:00,22570.06,22570.55,22559.42,22560.87,5774
2026-01-12 14:05:00,22560.87,22564.69,22555.24,22555.68,389
2026-01-12 14:10:00,22555.68,22559.69,22554.71,22557.32,3920
2026-01-12 14:15:00,22557.32,22557.82,22554.26,22555.62,524
2026-01-12 14:20:00,22555.62,22562.28,22554.61,22555.1,1898
2026-01-12 14:25:00,22555.1,22555.73,22544.89,22547.24,1459
2026-01-12 14:30:00,22547.24,22547.57,22537.01,22539.68,1107
2026-01-12 14:35:00,22539.68,22549.58,22535.92,22549.46,201
2026-01-12 14:40:00,22549.46,22552.48,22546.22,22550.75,5852
2026-01-12 14:45:00,22550.75,22565.17,22550.09,22561.4,6375
2026-01-12 14:50:00,22561.4,22565.59,22543.18,22544.33,734
2026-01-12 14:55:00,22544.33,22547.35,22537.87,22542.29,3597
2026-01-12 15:00:00,22542.29,22550.36,22540.21,22550.27,27312
2026-01-12 15:05:00,22550.27,22553.34,22542.7,22545.3,7487
2026-01-12 15:10:00,22545.3,22564.39,22544.95,22559.93,886
2026-01-12 15:15:00,22559.93,22564.42,22544.13,22545.01,16359
2026-01-12 15:20:00,22545.01,22548.09,22537.68,22539.08,498
2026-01-12 15:25:00,22539.08,22540.15,22536.22,22537.42,2759
2026-01-12 15:30:00,22537.42,22543.02,22536.09,22542.44,1242
2026-01-13 09:15:00,22552.25,22558.02,22551.21,22554.05,3447
2026-01-13 09:20:00,22554.05,22570.87,22552.2,22568.81,112143
2026-01-13 09:25:00,22568.81,22571.3,22566.25,22568.56,81
2026-01-13 09:30:00,22568.56,22575.06,22553.07,22557.29,4112
2026-01-13 09:35:00,22557.29,22558.2,22549.52,22549.9,7565
2026-01-13 09:40:00,22549.9,22560.15,22548.14,22559.57,10318
2026-01-13 09:45:00,22559.57,22566.19,22555.22,22565.99,1545
2026-01-13 09:50:00,22565.99,22566.83,22557.44,22558.79,6268
2026-01-13 09:55:00,22558.79,22559.59,22548.35,22552.13,1622
2026-01-13 10:00:00,22552.13,22554.47,22543.64,22545.74,1054
2026-01-13 10:05:00,22545.74,22552.23,22543.3,22550.35,971
2026-01-13 10:10:00,22550.35,22556.05,22549.14,22555.12,18120
2026-01-13 10:15:00,22555.12,22555.68,22550.41,22550.72,598
2026-01-13 10:20:00,22550.72,22559.57,22546.75,22558.45,4519
2026-01-13 10:25:00,22558.45,22560.65,22549.38,22552.27,1746
2026-01-13 10:30:00,22552.27,22555.27,22550.74,22555.16,305
2026-01-13 10:35:00,22555.16,22569.43,22552.44,22568.38,11062
2026-01-13 10:40:00,22568.38,22570.95,22567.16,22568.29,32349
2026-01-13 10:45:00,22568.29,22580.61,22562.65,22579.37,2166
2026-01-13 10:50:00,22579.37,22579.87,22576.01,22577.07,11095
2026-01-13 10:55:00,22577.07,22585.88,22573.47,22584.99,1786
2026-01-13 11:00:00,22584.99,22604.17,22584.26,22603.42,5111
2026-01-13 11:05:00,22603.42,22611.51,22602.94,22606.75,2816
2026-01-13 11:10:00,22606.75,22617.09,22603.45,22617.0,5682
2026-01-13 11:15:00,22617.0,22619.43,22608.9,22610.57,6726
2026-01-13 11:20:00,22610.57,22621.6,22609.3,22620.64,6060
2026-01-13 11:25:00,22620.64,22622.84,22615.8,22621.45,3521
2026-01-13 11:30:00,22621.45,22623.77,22612.79,22613.09,3122
2026-01-13 11:35:00,22613.09,22615.12,22599.79,22601.05,6873
2026-01-13 11:40:00,22601.05,22602.6,22594.1,22594.54,1051
2026-01-13 11:45:00,22594.54,22602.35,22593.57,22598.02,44140
2026-01-13 11:50:00,22598.02,22601.87,22594.05,22601.54,89
2026-01-13 11:55:00,22601.54,22602.34,22593.3,22595.02,11086
2026-01-13 12:00:00,22595.02,22597.01,22587.28,22588.09,18351
2026-01-13 12:05:00,22588.09,22588.34,22578.85,22579.83,14531
2026-01-13 12:10:00,22579.83,22579.91,22574.63,22575.65,6753
2026-01-13 12:15:00,22575.65,22583.16,22574.81,22582.74,1764
2026-01-13 12:20:00,22582.74,22583.45,22582.45,22582.95,3068
2026-01-13 12:25:00,22582.95,22584.28,22570.45,22570.81,13397
2026-01-13 12:30:00,22570.81,22574.29,22570.09,22570.81,2208
2026-01-13 12:35:00,22570.81,22580.89,22570.73,22576.75,6441
2026-01-13 12:40:00,22576.75,22576.9,22570.21,22571.46,997
2026-01-13 12:45:00,22571.46,22572.88,22566.83,22568.19,989
2026-01-13 12:50:00,22568.19,22571.73,22559.05,22560.97,182
2026-01-13 12:55:00,22560.97,22561.46,22554.2,22554.85,318
2026-01-13 13:00:00,22554.85,22565.77,22553.89,22564.12,22813
2026-01-13 13:05:00,22564.12,22568.64,22561.01,22567.74,15550
2026-01-13 13:10:00,22567.74,22569.01,22559.68,22561.01,6350
2026-01-13 13:15:00,22561.01,22567.59,22560.76,22564.82,4437
2026-01-13 13:20:00,22564.82,22565.45,22559.72,22561.33,2847
2026-01-13 13:25:00,22561.33,22565.89,22560.38,22563.13,4028
2026-01-13 13:30:00,22563.13,22564.47,22554.8,22555.46,20447
2026-01-13 13:35:00,22555.46,22559.47,22552.06,22555.84,8986
2026-01-13 13:40:00,22555.84,22556.71,22551.05,22551.28,2320
2026-01-13 13:45:00,22551.28,22553.01,22550.47,22550.5,1240
2026-01-13 13:50:00,22550.5,22551.15,22547.07,22547.53,11887
2026-01-13 13:55:00,22547.53,22549.57,22543.41,22546.49,10747
2026-01-13 14:00:00,22546.49,22551.42,22544.76,22550.76,3408
2026-01-13 14:05:00,22550.76,22559.87,22550.04,22558.64,11427
2026-01-13 14:10:00,22558.64,22559.58,22557.69,22559.37,3823
2026-01-13 14:15:00,22559.37,22569.12,22558.67,22567.34,7328
2026-01-13 14:20:00,22567.34,22577.82,22565.11,22577.52,20987
2026-01-13 14:25:00,22577.52,22578.9,22569.69,22573.28,7022
2026-01-13 14:30:00,22573.28,22574.78,22559.13,22560.31,8803
2026-01-13 14:35:00,22560.31,22560.58,22553.35,22555.09,1309
2026-01-13 14:40:00,22555.09,22558.23,22554.61,22557.22,331
2026-01-13 14:45:00,22557.22,22567.31,22555.64,22566.29,20653
2026-01-13 14:50:00,22566.29,22567.0,22555.9,22559.69,331251
2026-01-13 14:55:00,22559.69,22561.76,22556.01,22558.49,13287
2026-01-13 15:00:00,22558.49,22573.47,22556.47,22573.35,2420
2026-01-13 15:05:00,22573.35,22573.43,22553.89,22555.54,2825
2026-01-13 15:10:00,22555.54,22556.59,22552.05,22553.26,247
2026-01-13 15:15:00,22553.26,22558.85,22550.59,22553.97,2622
2026-01-13 15:20:00,22553.97,22571.72,22552.95,22569.51,4061
2026-01-13 15:25:00,22569.51,22571.0,22569.34,22569.49,1958
2026-01-13 15:30:00,22569.49,22571.89,22566.94,22570.39,2801
2026-01-14 09:15:00,22535.76,22537.08,22534.25,22536.41,2350
2026-01-14 09:20:00,22536.41,22551.37,22535.01,22551.36,961
2026-01-14 09:25:00,22551.36,22555.93,22551.24,22555.38,1404
2026-01-14 09:30:00,22555.38,22555.95,22549.02,22550.28,2463
2026-01-14 09:35:00,22550.28,22552.65,22550.08,22552.58,2206
2026-01-14 09:40:00,22552.58,22558.12,22551.95,22552.72,7847
2026-01-14 09:45:00,22552.72,22556.75,22550.13,22556.22,1926
2026-01-14 09:50:00,22556.22,22565.33,22554.3,22564.66,5156
2026-01-14 09:55:00,22564.66,22565.74,22553.44,22555.83,1847
2026-01-14 10:00:00,22555.83,22561.48,22541.07,22544.37,3025
2026-01-14 10:05:00,22544.37,22555.59,22542.67,22553.52,1852
2026-01-14 10:10:00,22553.52,22566.16,22553.1,22564.33,4276
2026-01-14 10:15:00,22564.33,22566.15,22559.42,22561.9,21339
2026-01-14 10:20:00,22561.9,22562.2,22554.54,22554.82,2838
2026-01-14 10:25:00,22554.82,22557.23,22553.33,22555.34,837
2026-01-14 10:30:00,22555.34,22566.16,22552.81,22565.23,1439
2026-01-14 10:35:00,22565.23,22568.34,22560.74,22562.59,16668
2026-01-14 10:40:00,22562.59,22571.04,22561.22,22569.15,2212
2026-01-14 10:45:00,22569.15,22569.57,22559.86,22561.23,3647
2026-01-14 10:50:00,22561.23,22574.01,22560.23,22571.72,458
2026-01-14 10:55:00,22571.72,22573.96,22571.29,22572.48,6813
2026-01-14 11:00:00,22572.48,22575.8,22563.69,22564.8,40782
2026-01-14 11:05:00,22564.8,22567.24,22556.74,22556.83,402
2026-01-14 11:10:00,22556.83,22556.86,22546.97,22547.78,415
2026-01-14 11:15:00,22547.78,22549.47,22533.84,22534.23,2952
2026-01-14 11:20:00,22534.23,22534.63,22528.14,22530.22,5384
2026-01-14 11:25:00,22530.22,22532.07,22527.33,22529.25,2127
2026-01-14 11:30:00,22529.25,22531.72,22526.8,22527.64,132
2026-01-14 11:35:00,22527.64,22544.81,22524.47,22542.93,3156
2026-01-14 11:40:00,22542.93,22548.43,22542.52,22547.45,7908
2026-01-14 11:45:00,22547.45,22554.32,22546.72,22552.77,1450
2026-01-14 11:50:00,22552.77,22553.82,22537.85,22540.02,33656
2026-01-14 11:55:00,22540.02,22543.99,22536.62,22542.46,14221
2026-01-14 12:00:00,22542.46,22543.14,22527.64,22528.09,2686
2026-01-14 12:05:00,22528.09,22528.65,22523.26,22528.37,3047
2026-01-14 12:10:00,22528.37,22529.84,22509.43,22510.54,117
2026-01-14 12:15:00,22510.54,22511.68,22501.64,22504.02,4003
2026-01-14 12:20:00,22504.02,22509.14,22503.83,22506.78,9239
2026-01-14 12:25:00,22506.78,22514.82,22503.83,22512.25,354
2026-01-14 12:30:00,22512.25,22522.62,22511.05,22519.59,48672
2026-01-14 12:35:00,22519.59,22520.1,22516.66,22517.89,1818
2026-01-14 12:40:00,22517.89,22532.82,22517.25,22532.43,1325
2026-01-14 12:45:00,22532.43,22533.69,22524.27,22524.97,1434
2026-01-14 12:50:00,22524.97,22529.17,22517.64,22519.7,3714
2026-01-14 12:55:00,22519.7,22525.7,22519.59,22524.44,2077
2026-01-14 13:00:00,22524.44,22528.59,22523.93,22528.06,286
2026-01-14 13:05:00,22528.06,22530.35,22522.98,22524.31,3133
2026-01-14 13:10:00,22524.31,22530.74,22523.24,22527.18,9527
2026-01-14 13:15:00,22527.18,22532.22,22526.03,22529.63,656
2026-01-14 13:20:00,22529.63,22530.25,22514.79,22515.85,685
2026-01-14 13:25:00,22515.85,22516.17,22502.69,22505.7,1614
2026-01-14 13:30:00,22505.7,22510.63,22503.13,22510.43,8975
2026-01-14 13:35:00,22510.43,22510.47,22500.99,22501.67,11380
2026-01-14 13:40:00,22501.67,22502.45,22491.52,22493.2,1384
2026-01-14 13:45:00,22493.2,22497.39,22463.02,22464.12,942
2026-01-14 13:50:00,22464.12,22465.11,22453.69,22455.13,174
2026-01-14 13:55:00,22455.13,22458.67,22451.72,22453.99,3362
2026-01-14 14:00:00,22453.99,22472.88,22453.74,22471.62,6373
2026-01-14 14:05:00,22471.62,22474.22,22467.61,22468.41,157
2026-01-14 14:10:00,22468.41,22470.35,22464.72,22465.28,2021
2026-01-14 14:15:00,22465.28,22476.25,22464.76,22474.86,2967
2026-01-14 14:20:00,22474.86,22479.22,22466.16,22466.39,9817
2026-01-14 14:25:00,22466.39,22467.46,22464.59,22465.52,2630
2026-01-14 14:30:00,22465.52,22481.48,22463.6,22479.01,9289
2026-01-14 14:35:00,22479.01,22480.34,22467.94,22468.69,7402
2026-01-14 14:40:00,22468.69,22473.53,22463.29,22472.63,2659
2026-01-14 14:45:00,22472.63,22481.06,22471.05,22480.12,12197
2026-01-14 14:50:00,22480.12,22486.37,22478.35,22483.04,1435
2026-01-14 14:55:00,22483.04,22486.5,22482.68,22484.73,20509
2026-01-14 15:00:00,22484.73,22487.02,22478.82,22479.44,2655
2026-01-14 15:05:00,22479.44,22483.84,22478.76,22483.78,2664
2026-01-14 15:10:00,22483.78,22484.62,22483.38,22484.01,1627
2026-01-14 15:15:00,22484.01,22491.26,22479.5,22490.87,3793
2026-01-14 15:20:00,22490.87,22496.21,22485.63,22486.46,13163
2026-01-14 15:25:00,22486.46,22492.44,22485.39,22491.2,570
2026-01-14 15:30:00,22491.2,22496.79,22490.85,22494.14,1003
2026-01-15 09:15:00,22467.87,22471.51,22467.3,22470.55,1199
2026-01-15 09:20:00,22470.55,22472.39,22466.32,22468.46,533
2026-01-15 09:25:00,22468.46,22469.91,22454.12,22456.21,18440
2026-01-15 09:30:00,22456.21,22456.83,22445.14,22448.81,5557
2026-01-15 09:35:00,22448.81,22462.18,22446.99,22460.19,2241
2026-01-15 09:40:00,22460.19,22460.67,22458.35,22460.46,5502
2026-01-15 09:45:00,22460.46,22463.09,22432.6,22436.97,3877
2026-01-15 09:50:00,22436.97,22439.46,22435.06,22438.9,8194
2026-01-15 09:55:00,22438.9,22447.14,22435.97,22444.63,2980
2026-01-15 10:00:00,22444.63,22462.36,22443.5,22458.96,997
2026-01-15 10:05:00,22458.96,22466.96,22457.43,22466.06,119
2026-01-15 10:10:00,22466.06,22468.14,22465.86,22466.88,94
2026-01-15 10:15:00,22466.88,22473.1,22464.7,22468.23,6521
2026-01-15 10:20:00,22468.23,22469.36,22464.05,22466.01,3322
2026-01-15 10:25:00,22466.01,22478.55,22465.11,22472.36,2881
2026-01-15 10:30:00,22472.36,22475.28,22468.55,22470.79,1174
2026-01-15 10:35:00,22470.79,22473.81,22454.97,22455.47,1544
2026-01-15 10:40:00,22455.47,22456.74,22454.35,22455.05,158233
2026-01-15 10:45:00,22455.05,22459.61,22453.92,22458.68,1653
2026-01-15 10:50:00,22458.68,22458.76,22445.1,22446.66,1187
2026-01-15 10:55:00,22446.66,22449.69,22437.35,22440.2,134
2026-01-15 11:00:00,22440.2,22443.28,22430.21,22430.98,1735
2026-01-15 11:05:00,22430.98,22433.29,22427.84,22429.22,9534
2026-01-15 11:10:00,22429.22,22442.23,22427.75,22441.31,2074
2026-01-15 11:15:00,22441.31,22451.85,22438.02,22448.71,1657
2026-01-15 11:20:00,22448.71,22449.74,22441.16,22441.6,8778
2026-01-15 11:25:00,22441.6,22443.24,22437.63,22438.33,940
2026-01-15 11:30:00,22438.33,22441.56,22430.72,22430.86,1270
2026-01-15 11:35:00,22430.86,22441.49,22429.78,22438.59,45222
2026-01-15 11:40:00,22438.59,22439.07,22428.64,22431.08,394
2026-01-15 11:45:00,22431.08,22443.8,22430.81,22443.45,234
2026-01-15 11:50:00,22443.45,22448.64,22441.15,22446.32,8123
2026-01-15 11:55:00,22446.32,22446.95,22435.95,22437.29,202
2026-01-15 12:00:00,22437.29,22439.06,22426.57,22428.32,292
2026-01-15 12:05:00,22428.32,22434.87,22426.76,22434.68,1150
2026-01-15 12:10:00,22434.68,22441.53,22433.98,22439.84,3061
2026-01-15 12:15:00,22439.84,22443.14,22434.41,22434.65,747
2026-01-15 12:20:00,22434.65,22434.9,22427.42,22428.92,401
2026-01-15 12:25:00,22428.92,22444.32,22427.99,22443.71,2576
2026-01-15 12:30:00,22443.71,22444.16,22441.67,22443.86,2945
2026-01-15 12:35:00,22443.86,22450.86,22443.47,22450.0,892
2026-01-15 12:40:00,22450.0,22461.4,22449.35,22459.73,1858
2026-01-15 12:45:00,22459.73,22461.17,22456.26,22456.9,24122
2026-01-15 12:50:00,22456.9,22457.24,22448.8,22450.35,5605
2026-01-15 12:55:00,22450.35,22450.66,22447.84,22450.22,1117
2026-01-15 13:00:00,22450.22,22456.45,22450.0,22454.91,496
2026-01-15 13:05:00,22454.91,22455.08,22445.98,22449.61,3467
2026-01-15 13:10:00,22449.61,22463.29,22448.84,22462.85,30002
2026-01-15 13:15:00,22462.85,22467.63,22461.91,22466.35,1921
2026-01-15 13:20:00,22466.35,22468.22,22448.24,22450.43,46953
2026-01-15 13:25:00,22450.43,22454.31,22448.76,22453.81,10665
2026-01-15 13:30:00,22453.81,22467.01,22453.48,22466.92,1019
2026-01-15 13:35:00,22466.92,22474.31,22465.37,22471.22,7199
2026-01-15 13:40:00,22471.22,22476.17,22468.15,22475.9,11025
2026-01-15 13:45:00,22475.9,22477.08,22469.28,22471.04,6815
2026-01-15 13:50:00,22471.04,22473.21,22460.39,22463.04,797
2026-01-15 13:55:00,22463.04,22463.07,22459.79,22461.56,33323
2026-01-15 14:00:00,22461.56,22462.19,22447.54,22448.07,364
2026-01-15 14:05:00,22448.07,22448.93,22443.63,22444.19,293
2026-01-15 14:10:00,22444.19,22467.72,22443.97,22467.18,574
2026-01-15 14:15:00,22467.18,22469.6,22463.41,22469.27,598
2026-01-15 14:20:00,22469.27,22479.52,22468.54,22475.63,15593
2026-01-15 14:25:00,22475.63,22475.8,22472.2,22474.38,36104
2026-01-15 14:30:00,22474.38,22486.92,22474.25,22484.79,4520
2026-01-15 14:35:00,22484.79,22485.57,22481.07,22482.71,13416
2026-01-15 14:40:00,22482.71,22496.86,22479.99,22496.2,5101
2026-01-15 14:45:00,22496.2,22512.23,22494.83,22511.27,8464
2026-01-15 14:50:00,22511.27,22512.82,22509.42,22512.8,97
2026-01-15 14:55:00,22512.8,22513.58,22501.71,22503.91,2553
2026-01-15 15:00:00,22503.91,22505.69,22498.44,22499.76,22868
2026-01-15 15:05:00,22499.76,22509.48,22496.81,22508.26,1758
2026-01-15 15:10:00,22508.26,22526.09,22505.19,22523.84,2742
2026-01-15 15:15:00,22523.84,22528.27,22519.22,22526.75,3457
2026-01-15 15:20:00,22526.75,22528.31,22519.74,22520.44,2439
2026-01-15 15:25:00,22520.44,22522.21,22519.93,22520.37,213
2026-01-15 15:30:00,22520.37,22528.57,22519.79,22522.86,11834
2026-01-16 09:15:00,22397.03,22405.08,22390.42,22402.76,2375
2026-01-16 09:20:00,22402.76,22403.0,22379.74,22379.76,71
2026-01-16 09:25:00,22379.76,22395.73,22378.06,22395.16,26851
2026-01-16 09:30:00,22395.16,22397.62,22376.19,22380.79,44425
2026-01-16 09:35:00,22380.79,22384.77,22380.19,22383.45,7049
2026-01-16 09:40:00,22383.45,22384.62,22383.24,22384.08,1196
2026-01-16 09:45:00,22384.08,22384.62,22383.48,22383.7,324
2026-01-16 09:50:00,22383.7,22385.87,22372.33,22372.94,7165
2026-01-16 09:55:00,22372.94,22375.89,22362.52,22364.21,2134
2026-01-16 10:00:00,22364.21,22366.79,22358.53,22358.88,47734
2026-01-16 10:05:00,22358.88,22366.94,22356.77,22362.12,309
2026-01-16 10:10:00,22362.12,22365.51,22357.83,22363.96,25832
2026-01-16 10:15:00,22363.96,22364.22,22357.54,22358.03,10884
2026-01-16 10:20:00,22358.03,22360.31,22356.59,22358.26,2960
2026-01-16 10:25:00,22358.26,22368.99,22356.72,22368.14,7883
2026-01-16 10:30:00,22368.14,22369.92,22359.99,22365.04,1740
2026-01-16 10:35:00,22365.04,22372.95,22364.82,22371.46,3116
2026-01-16 10:40:00,22371.46,22376.38,22369.29,22369.91,7188
2026-01-16 10:45:00,22369.91,22370.77,22352.18,22354.47,1351
2026-01-16 10:50:00,22354.47,22354.54,22334.35,22334.38,8831
2026-01-16 10:55:00,22334.38,22351.23,22332.67,22350.47,517
2026-01-16 11:00:00,22350.47,22353.01,22349.38,22352.06,9585
2026-01-16 11:05:00,22352.06,22355.86,22350.25,22355.78,1446
2026-01-16 11:10:00,22355.78,22356.25,22336.29,22336.34,3954
2026-01-16 11:15:00,22336.34,22341.15,22336.12,22340.37,3206
2026-01-16 11:20:00,22340.37,22341.54,22329.04,22329.14,988
2026-01-16 11:25:00,22329.14,22337.34,22328.71,22336.02,3550
2026-01-16 11:30:00,22336.02,22343.79,22334.63,22341.99,126
2026-01-16 11:35:00,22341.99,22354.6,22341.03,22351.54,4251
2026-01-16 11:40:00,22351.54,22355.44,22342.94,22344.42,1325
2026-01-16 11:45:00,22344.42,22346.34,22340.11,22341.58,2932
2026-01-16 11:50:00,22341.58,22342.67,22334.05,22335.42,105935
2026-01-16 11:55:00,22335.42,22344.91,22334.18,22344.42,4631
2026-01-16 12:00:00,22344.42,22348.06,22342.86,22347.04,366
2026-01-16 12:05:00,22347.04,22348.15,22344.51,22345.08,2186
2026-01-16 12:10:00,22345.08,22346.75,22341.63,22343.98,647
2026-01-16 12:15:00,22343.98,22347.35,22342.08,22346.52,3326
2026-01-16 12:20:00,22346.52,22349.31,22336.97,22339.25,1117
2026-01-16 12:25:00,22339.25,22341.96,22326.27,22329.45,6728
2026-01-16 12:30:00,22329.45,22331.89,22327.64,22330.58,865
2026-01-16 12:35:00,22330.58,22338.67,22329.29,22336.92,9296
2026-01-16 12:40:00,22336.92,22345.03,22334.82,22343.83,1525
2026-01-16 12:45:00,22343.83,22346.79,22341.09,22345.09,81
2026-01-16 12:50:00,22345.09,22346.11,22333.17,22338.86,367
2026-01-16 12:55:00,22338.86,22343.92,22335.71,22343.86,30267
2026-01-16 13:00:00,22343.86,22347.95,22343.73,22347.33,55
2026-01-16 13:05:00,22347.33,22347.53,22334.94,22336.17,4603
2026-01-16 13:10:00,22336.17,22338.05,22326.07,22329.03,12173
2026-01-16 13:15:00,22329.03,22338.07,22326.88,22336.95,3709
2026-01-16 13:20:00,22336.95,22341.77,22336.7,22341.04,820
2026-01-16 13:25:00,22341.04,22343.01,22339.5,22340.38,11384
2026-01-16 13:30:00,22340.38,22346.88,22337.61,22346.28,1748
2026-01-16 13:35:00,22346.28,22359.22,22346.25,22358.36,787
2026-01-16 13:40:00,22358.36,22358.76,22355.13,22357.65,2150
2026-01-16 13:45:00,22357.65,22358.82,22348.61,22351.22,473
2026-01-16 13:50:00,22351.22,22365.17,22349.27,22364.92,9289
2026-01-16 13:55:00,22364.92,22365.08,22360.54,22361.35,875
2026-01-16 14:00:00,22361.35,22367.71,22358.47,22367.14,6813
2026-01-16 14:05:00,22367.14,22369.44,22355.11,22357.49,495
2026-01-16 14:10:00,22357.49,22358.74,22338.35,22338.96,2150
2026-01-16 14:15:00,22338.96,22339.43,22334.94,22336.45,27287
2026-01-16 14:20:00,22336.45,22337.34,22323.35,22324.64,953
2026-01-16 14:25:00,22324.64,22326.67,22314.46,22316.45,1199
2026-01-16 14:30:00,22316.45,22323.61,22312.85,22323.54,40969
2026-01-16 14:35:00,22323.54,22324.35,22318.79,22319.3,7613
2026-01-16 14:40:00,22319.3,22338.31,22317.65,22334.99,9086
2026-01-16 14:45:00,22334.99,22336.57,22332.03,22333.9,375
2026-01-16 14:50:00,22333.9,22351.01,22331.63,22347.89,2012
2026-01-16 14:55:00,22347.89,22363.91,22347.83,22363.29,25542
2026-01-16 15:00:00,22363.29,22365.65,22360.06,22360.89,23299
2026-01-16 15:05:00,22360.89,22365.32,22359.42,22361.46,1133
2026-01-16 15:10:00,22361.46,22363.57,22360.12,22361.87,2467278
2026-01-16 15:15:00,22361.87,22371.74,22360.62,22370.02,31394
2026-01-16 15:20:00,22370.02,22382.57,22366.35,22378.81,324
2026-01-16 15:25:00,22378.81,22380.82,22368.04,22369.93,4842
2026-01-16 15:30:00,22369.93,22374.08,22361.59,22365.4,2952
2026-01-19 09:15:00,22547.77,22560.57,22543.75,22559.67,2149
2026-01-19 09:20:00,22559.67,22560.08,22554.34,22554.51,3276
2026-01-19 09:25:00,22554.51,22561.13,22553.69,22558.7,1541
2026-01-19 09:30:00,22558.7,22562.22,22556.26,22560.3,1954
2026-01-19 09:35:00,22560.3,22561.33,22557.56,22559.36,1011
2026-01-19 09:40:00,22559.36,22560.78,22552.73,22554.91,1424
2026-01-19 09:45:00,22554.91,22562.54,22554.76,22558.59,15805
2026-01-19 09:50:00,22558.59,22574.02,22558.56,22571.96,7810
2026-01-19 09:55:00,22571.96,22573.52,22560.46,22561.66,85898
2026-01-19 10:00:00,22561.66,22563.32,22553.08,22555.16,6903
2026-01-19 10:05:00,22555.16,22558.48,22553.82,22556.3,375
2026-01-19 10:10:00,22556.3,22559.04,22549.44,22549.85,17701
2026-01-19 10:15:00,22549.85,22551.78,22548.04,22548.65,697
2026-01-19 10:20:00,22548.65,22549.05,22543.1,22544.12,274
2026-01-19 10:25:00,22544.12,22545.3,22542.69,22543.99,3637
2026-01-19 10:30:00,22543.99,22546.75,22537.21,22539.58,17548
2026-01-19 10:35:00,22539.58,22541.51,22535.46,22535.62,2379
2026-01-19 10:40:00,22535.62,22537.97,22530.67,22530.75,1626
2026-01-19 10:45:00,22530.75,22537.59,22528.55,22536.26,450
2026-01-19 10:50:00,22536.26,22540.92,22533.82,22539.47,1567
2026-01-19 10:55:00,22539.47,22548.76,22536.34,22548.02,6790
2026-01-19 11:00:00,22548.02,22550.34,22543.97,22544.86,735
2026-01-19 11:05:00,22544.86,22560.25,22544.83,22559.73,826
2026-01-19 11:10:00,22559.73,22570.21,22558.48,22569.17,1392
2026-01-19 11:15:00,22569.17,22577.67,22567.83,22575.84,355
2026-01-19 11:20:00,22575.84,22583.64,22575.54,22580.49,1524
2026-01-19 11:25:00,22580.49,22591.03,22578.28,22590.24,1378
2026-01-19 11:30:00,22590.24,22602.36,22588.11,22598.24,4619
2026-01-19 11:35:00,22598.24,22620.37,22598.12,22620.23,9727
2026-01-19 11:40:00,22620.23,22623.98,22617.97,22620.56,147
2026-01-19 11:45:00,22620.56,22622.98,22616.52,22617.23,1053
2026-01-19 11:50:00,22617.23,22625.97,22614.78,22624.26,4499
2026-01-19 11:55:00,22624.26,22626.75,22621.53,22622.8,5983
2026-01-19 12:00:00,22622.8,22623.38,22618.98,22619.92,17774
2026-01-19 12:05:00,22619.92,22621.23,22616.53,22617.66,11147
2026-01-19 12:10:00,22617.66,22619.8,22616.73,22617.97,4985
2026-01-19 12:15:00,22617.97,22633.49,22616.36,22632.52,1822
2026-01-19 12:20:00,22632.52,22636.44,22630.99,22633.4,463
2026-01-19 12:25:00,22633.4,22635.92,22628.54,22628.83,532
2026-01-19 12:30:00,22628.83,22630.23,22620.28,22622.27,3061
2026-01-19 12:35:00,22622.27,22643.72,22621.79,22642.08,876
2026-01-19 12:40:00,22642.08,22642.75,22633.3,22634.28,36703
2026-01-19 12:45:00,22634.28,22647.27,22631.92,22646.01,1087
2026-01-19 12:50:00,22646.01,22657.18,22643.76,22656.05,6074
2026-01-19 12:55:00,22656.05,22657.87,22655.86,22656.47,3961
2026-01-19 13:00:00,22656.47,22666.5,22655.94,22664.73,3188
2026-01-19 13:05:00,22664.73,22671.85,22662.09,22670.03,8192
2026-01-19 13:10:00,22670.03,22672.6,22657.57,22657.88,292
2026-01-19 13:15:00,22657.88,22658.64,22652.98,22654.04,3071
2026-01-19 13:20:00,22654.04,22660.37,22652.17,22659.96,1903
2026-01-19 13:25:00,22659.96,22674.65,22655.92,22671.28,15314
2026-01-19 13:30:00,22671.28,22675.13,22670.18,22673.28,210
2026-01-19 13:35:00,22673.28,22679.84,22670.51,22677.96,412
2026-01-19 13:40:00,22677.96,22683.04,22676.39,22682.77,8132
2026-01-19 13:45:00,22682.77,22682.91,22678.37,22679.4,2174
2026-01-19 13:50:00,22679.4,22680.18,22669.51,22671.66,875
2026-01-19 13:55:00,22671.66,22682.14,22671.18,22681.91,232
2026-01-19 14:00:00,22681.91,22682.2,22665.87,22667.45,1088
2026-01-19 14:05:00,22667.45,22682.28,22665.64,22680.81,3122
2026-01-19 14:10:00,22680.81,22703.11,22679.76,22700.63,1836
2026-01-19 14:15:00,22700.63,22708.82,22699.86,22706.28,15968
2026-01-19 14:20:00,22706.28,22724.19,22704.71,22724.05,1229
2026-01-19 14:25:00,22724.05,22724.56,22722.46,22724.21,18160
2026-01-19 14:30:00,22724.21,22727.27,22720.27,22723.33,10617
2026-01-19 14:35:00,22723.33,22724.55,22717.58,22719.2,12378
2026-01-19 14:40:00,22719.2,22720.56,22707.34,22709.51,10252
2026-01-19 14:45:00,22709.51,22712.31,22707.22,22709.64,25657
2026-01-19 14:50:00,22709.64,22721.62,22707.33,22721.33,614
2026-01-19 14:55:00,22721.33,22723.5,22704.5,22704.64,1287
2026-01-19 15:00:00,22704.64,22705.62,22702.59,22703.2,554
2026-01-19 15:05:00,22703.2,22704.99,22702.23,22702.77,22340
2026-01-19 15:10:00,22702.77,22706.31,22697.74,22700.61,1250
2026-01-19 15:15:00,22700.61,22700.71,22689.41,22691.72,1428
2026-01-19 15:20:00,22691.72,22701.4,22690.17,22698.98,1081
2026-01-19 15:25:00,22698.98,22704.99,22697.61,22704.68,1757
2026-01-19 15:30:00,22704.68,22707.81,22702.59,22704.12,1453
2026-01-20 09:15:00,22310.81,22312.3,22307.25,22310.62,1238
2026-01-20 09:20:00,22310.62,22311.64,22300.52,22301.84,925
2026-01-20 09:25:00,22301.84,22308.0,22298.93,22305.92,39695
2026-01-20 09:30:00,22305.92,22311.08,22305.91,22310.55,6366
2026-01-20 09:35:00,22310.55,22319.85,22309.82,22318.34,1394
2026-01-20 09:40:00,22318.34,22318.66,22316.82,22316.83,8985
2026-01-20 09:45:00,22316.83,22323.74,22314.11,22320.73,1712
2026-01-20 09:50:00,22320.73,22337.06,22320.31,22335.35,1333
2026-01-20 09:55:00,22335.35,22335.71,22328.12,22330.92,5907
2026-01-20 10:00:00,22330.92,22336.43,22324.34,22324.49,1254
2026-01-20 10:05:00,22324.49,22336.73,22321.17,22335.79,807
2026-01-20 10:10:00,22335.79,22347.63,22333.21,22347.23,51670
2026-01-20 10:15:00,22347.23,22349.78,22335.35,22338.17,619
2026-01-20 10:20:00,22338.17,22339.18,22331.68,22331.74,2319
2026-01-20 10:25:00,22331.74,22334.1,22330.41,22332.91,15386
2026-01-20 10:30:00,22332.91,22347.52,22331.87,22347.47,7482
2026-01-20 10:35:00,22347.47,22348.83,22336.32,22338.32,2474
2026-01-20 10:40:00,22338.32,22341.3,22328.56,22328.65,16528
2026-01-20 10:45:00,22328.65,22337.9,22324.64,22337.68,2547
2026-01-20 10:50:00,22337.68,22342.82,22335.68,22336.57,10700
2026-01-20 10:55:00,22336.57,22350.75,22335.65,22349.08,14332
2026-01-20 11:00:00,22349.08,22353.74,22348.59,22349.17,9340
2026-01-20 11:05:00,22349.17,22349.68,22339.28,22341.6,63
2026-01-20 11:10:00,22341.6,22349.82,22338.4,22349.81,10785
2026-01-20 11:15:00,22349.81,22349.98,22345.85,22346.98,12712
2026-01-20 11:20:00,22346.98,22351.77,22346.38,22349.56,667
2026-01-20 11:25:00,22349.56,22349.97,22346.64,22349.04,401
2026-01-20 11:30:00,22349.04,22353.43,22348.71,22352.62,1737
2026-01-20 11:35:00,22352.62,22367.31,22350.14,22364.78,1340
2026-01-20 11:40:00,22364.78,22372.79,22364.7,22371.58,541
2026-01-20 11:45:00,22371.58,22372.62,22365.57,22366.12,38391
2026-01-20 11:50:00,22366.12,22368.18,22360.41,22360.63,14011
2026-01-20 11:55:00,22360.63,22363.54,22348.71,22349.05,990
2026-01-20 12:00:00,22349.05,22350.47,22335.91,22336.25,3850
2026-01-20 12:05:00,22336.25,22336.89,22328.07,22329.05,2563
2026-01-20 12:10:00,22329.05,22332.11,22318.23,22323.69,385
2026-01-20 12:15:00,22323.69,22328.69,22319.7,22325.14,3452
2026-01-20 12:20:00,22325.14,22329.06,22324.34,22326.54,2381
2026-01-20 12:25:00,22326.54,22329.53,22317.08,22318.94,459
2026-01-20 12:30:00,22318.94,22319.53,22318.25,22319.24,9487
2026-01-20 12:35:00,22319.24,22326.28,22318.68,22325.9,28238
2026-01-20 12:40:00,22325.9,22333.5,22322.64,22333.36,4994
2026-01-20 12:45:00,22333.36,22344.45,22332.86,22338.94,1595
2026-01-20 12:50:00,22338.94,22340.76,22336.88,22337.18,24052
2026-01-20 12:55:00,22337.18,22339.11,22331.99,22333.61,9303
2026-01-20 13:00:00,22333.61,22334.32,22333.59,22333.62,7804
2026-01-20 13:05:00,22333.62,22336.46,22312.24,22313.08,139
2026-01-20 13:10:00,22313.08,22313.19,22307.18,22308.83,1056
2026-01-20 13:15:00,22308.83,22313.03,22306.92,22311.01,1258
2026-01-20 13:20:00,22311.01,22315.85,22304.87,22305.16,12113
2026-01-20 13:25:00,22305.16,22315.03,22302.65,22313.29,3079
2026-01-20 13:30:00,22313.29,22320.23,22312.71,22319.92,16526
2026-01-20 13:35:00,22319.92,22320.36,22310.74,22314.01,2218
2026-01-20 13:40:00,22314.01,22315.35,22302.0,22303.87,5093
2026-01-20 13:45:00,22303.87,22304.41,22295.23,22296.7,123
2026-01-20 13:50:00,22296.7,22299.45,22295.67,22299.16,1086
2026-01-20 13:55:00,22299.16,22299.96,22289.88,22292.92,3031
2026-01-20 14:00:00,22292.92,22296.96,22289.83,22296.32,12722
2026-01-20 14:05:00,22296.32,22305.01,22295.95,22303.59,7299
2026-01-20 14:10:00,22303.59,22313.98,22301.61,22310.74,3280
2026-01-20 14:15:00,22310.74,22311.05,22299.76,22300.27,8634
2026-01-20 14:20:00,22300.27,22311.29,22296.07,22311.1,212
2026-01-20 14:25:00,22311.1,22316.05,22307.29,22314.46,2202
2026-01-20 14:30:00,22314.46,22314.78,22302.73,22302.8,15959
2026-01-20 14:35:00,22302.8,22304.61,22290.54,22290.74,13950
2026-01-20 14:40:00,22290.74,22293.4,22284.85,22287.28,429
2026-01-20 14:45:00,22287.28,22294.06,22286.15,22291.11,7659
2026-01-20 14:50:00,22291.11,22291.47,22277.58,22278.92,339
2026-01-20 14:55:00,22278.92,22280.35,22271.42,22277.29,22096
2026-01-20 15:00:00,22277.29,22281.55,22276.46,22280.12,224
2026-01-20 15:05:00,22280.12,22284.55,22280.05,22284.39,15235
2026-01-20 15:10:00,22284.39,22294.33,22284.08,22290.49,1056
2026-01-20 15:15:00,22290.49,22291.32,22286.95,22288.98,330
2026-01-20 15:20:00,22288.98,22292.27,22288.5,22289.05,12046
2026-01-20 15:25:00,22289.05,22294.9,22287.43,22292.99,890
2026-01-20 15:30:00,22292.99,22296.22,22292.45,22293.15,4356
2026-01-21 09:15:00,22539.23,22543.7,22536.9,22542.45,701
2026-01-21 09:20:00,22542.45,22547.3,22540.97,22541.13,15909
2026-01-21 09:25:00,22541.13,22551.8,22540.51,22548.84,3714
2026-01-21 09:30:00,22548.84,22552.99,22546.61,22551.48,1459
2026-01-21 09:35:00,22551.48,22553.85,22547.07,22550.7,24219
2026-01-21 09:40:00,22550.7,22559.59,22549.88,22557.58,4084
2026-01-21 09:45:00,22557.58,22558.74,22551.08,22552.52,6663
2026-01-21 09:50:00,22552.52,22562.53,22550.66,22560.72,1049
2026-01-21 09:55:00,22560.72,22561.79,22550.76,22553.2,6198
2026-01-21 10:00:00,22553.2,22553.98,22552.92,22553.36,550
2026-01-21 10:05:00,22553.36,22553.52,22543.26,22543.42,3032
2026-01-21 10:10:00,22543.42,22549.26,22542.3,22548.83,2399
2026-01-21 10:15:00,22548.83,22563.58,22544.15,22563.42,5054
2026-01-21 10:20:00,22563.42,22565.22,22558.82,22561.71,673
2026-01-21 10:25:00,22561.71,22562.5,22553.62,22554.67,3945
2026-01-21 10:30:00,22554.67,22565.1,22550.51,22564.93,510
2026-01-21 10:35:00,22564.93,22566.0,22561.85,22563.72,103
2026-01-21 10:40:00,22563.72,22563.94,22549.07,22552.18,4182
2026-01-21 10:45:00,22552.18,22554.57,22538.02,22541.36,1174
2026-01-21 10:50:00,22541.36,22544.32,22531.8,22533.82,20152
2026-01-21 10:55:00,22533.82,22536.87,22525.95,22526.22,4928
2026-01-21 11:00:00,22526.22,22532.09,22522.75,22529.14,10824
2026-01-21 11:05:00,22529.14,22530.85,22519.41,22520.36,879
2026-01-21 11:10:00,22520.36,22523.26,22515.4,22515.48,935
2026-01-21 11:15:00,22515.48,22523.06,22512.11,22521.78,5164
2026-01-21 11:20:00,22521.78,22528.74,22520.52,22525.94,319
2026-01-21 11:25:00,22525.94,22530.39,22521.03,22527.54,26456
2026-01-21 11:30:00,22527.54,22544.98,22526.44,22544.85,1496
2026-01-21 11:35:00,22544.85,22554.35,22539.77,22551.92,910
2026-01-21 11:40:00,22551.92,22554.87,22536.64,22540.27,363
2026-01-21 11:45:00,22540.27,22552.51,22537.13,22550.61,1660
2026-01-21 11:50:00,22550.61,22552.1,22543.51,22545.97,2570
2026-01-21 11:55:00,22545.97,22546.91,22540.04,22540.48,1335
2026-01-21 12:00:00,22540.48,22544.55,22537.94,22538.77,625
2026-01-21 12:05:00,22538.77,22543.73,22535.94,22543.44,84731
2026-01-21 12:10:00,22543.44,22544.19,22540.3,22540.62,39941
2026-01-21 12:15:00,22540.62,22541.17,22523.01,22527.18,3615
2026-01-21 12:20:00,22527.18,22528.42,22516.88,22517.3,21943
2026-01-21 12:25:00,22517.3,22518.95,22511.71,22514.58,341
2026-01-21 12:30:00,22514.58,22517.46,22510.58,22510.72,4604
2026-01-21 12:35:00,22510.72,22515.16,22509.5,22512.95,8370
2026-01-21 12:40:00,22512.95,22516.91,22504.7,22506.3,793
2026-01-21 12:45:00,22506.3,22510.86,22505.65,22510.7,4192
2026-01-21 12:50:00,22510.7,22513.92,22500.19,22501.97,22889
2026-01-21 12:55:00,22501.97,22502.81,22497.35,22497.75,16187
2026-01-21 13:00:00,22497.75,22507.41,22494.71,22507.03,43023
2026-01-21 13:05:00,22507.03,22512.69,22506.22,22511.48,309
2026-01-21 13:10:00,22511.48,22522.86,22511.03,22519.92,4301
2026-01-21 13:15:00,22519.92,22528.44,22518.65,22528.23,2857
2026-01-21 13:20:00,22528.23,22528.4,22527.59,22527.97,237
2026-01-21 13:25:00,22527.97,22528.46,22521.33,22521.83,2359
2026-01-21 13:30:00,22521.83,22523.55,22518.25,22519.24,1881
2026-01-21 13:35:00,22519.24,22520.07,22518.88,22519.28,636
2026-01-21 13:40:00,22519.28,22524.48,22505.84,22508.1,1369
2026-01-21 13:45:00,22508.1,22512.95,22507.05,22512.23,1534
2026-01-21 13:50:00,22512.23,22514.26,22511.61,22514.14,4307
2026-01-21 13:55:00,22514.14,22522.63,22514.11,22522.58,14797
2026-01-21 14:00:00,22522.58,22533.44,22519.07,22530.27,11587
2026-01-21 14:05:00,22530.27,22536.86,22529.77,22535.09,14424
2026-01-21 14:10:00,22535.09,22535.97,22526.71,22528.45,597
2026-01-21 14:15:00,22528.45,22529.06,22525.72,22527.31,797
2026-01-21 14:20:00,22527.31,22528.92,22524.95,22526.23,818
2026-01-21 14:25:00,22526.23,22533.12,22523.01,22531.45,1718
2026-01-21 14:30:00,22531.45,22541.75,22531.45,22540.44,1595
2026-01-21 14:35:00,22540.44,22540.65,22535.18,22537.32,1768
2026-01-21 14:40:00,22537.32,22540.02,22533.92,22535.59,5517
2026-01-21 14:45:00,22535.59,22536.29,22533.77,22535.67,31738
2026-01-21 14:50:00,22535.67,22536.17,22527.99,22528.97,3147
2026-01-21 14:55:00,22528.97,22535.37,22528.95,22532.63,17784
2026-01-21 15:00:00,22532.63,22546.98,22532.54,22546.72,82207
2026-01-21 15:05:00,22546.72,22557.03,22545.48,22555.8,12516
2026-01-21 15:10:00,22555.8,22557.97,22547.04,22547.71,6480
2026-01-21 15:15:00,22547.71,22548.97,22542.73,22545.66,2058
2026-01-21 15:20:00,22545.66,22545.82,22541.98,22542.37,635
2026-01-21 15:25:00,22542.37,22543.6,22536.16,22537.85,789
2026-01-21 15:30:00,22537.85,22541.78,22520.86,22523.8,22978
2026-01-22 09:15:00,22450.81,22455.89,22450.7,22454.82,2664
2026-01-22 09:20:00,22454.82,22463.47,22452.02,22463.18,7564
2026-01-22 09:25:00,22463.18,22464.17,22456.78,22458.23,18514
2026-01-22 09:30:00,22458.23,22459.83,22454.35,22454.99,2576
2026-01-22 09:35:00,22454.99,22461.13,22453.17,22457.35,3104
2026-01-22 09:40:00,22457.35,22458.35,22444.66,22446.08,514
2026-01-22 09:45:00,22446.08,22463.24,22445.99,22463.21,1096
2026-01-22 09:50:00,22463.21,22469.5,22458.88,22467.18,21504
2026-01-22 09:55:00,22467.18,22477.84,22466.77,22475.06,18281
2026-01-22 10:00:00,22475.06,22481.81,22473.76,22479.8,1513
2026-01-22 10:05:00,22479.8,22482.86,22471.13,22474.98,7973
2026-01-22 10:10:00,22474.98,22476.9,22460.62,22464.64,1308
2026-01-22 10:15:00,22464.64,22477.25,22462.24,22476.72,13707
2026-01-22 10:20:00,22476.72,22486.78,22472.65,22486.57,10222
2026-01-22 10:25:00,22486.57,22493.64,22485.32,22492.04,4126
2026-01-22 10:30:00,22492.04,22497.56,22491.78,22496.19,875
2026-01-22 10:35:00,22496.19,22498.19,22476.01,22479.02,3500
2026-01-22 10:40:00,22479.02,22482.33,22478.45,22481.68,4477
2026-01-22 10:45:00,22481.68,22486.92,22478.21,22485.45,4235
2026-01-22 10:50:00,22485.45,22487.77,22484.58,22485.96,8111
2026-01-22 10:55:00,22485.96,22487.05,22483.84,22484.42,8155
2026-01-22 11:00:00,22484.42,22493.52,22484.19,22491.72,626
2026-01-22 11:05:00,22491.72,22492.91,22481.93,22486.83,1788
2026-01-22 11:10:00,22486.83,22491.59,22484.88,22490.47,1080
2026-01-22 11:15:00,22490.47,22493.18,22469.35,22473.82,2006
2026-01-22 11:20:00,22473.82,22475.58,22461.64,22464.39,4030
2026-01-22 11:25:00,22464.39,22465.57,22455.14,22456.67,2792
2026-01-22 11:30:00,22456.67,22461.84,22452.83,22458.05,2829
2026-01-22 11:35:00,22458.05,22459.94,22454.82,22455.53,7226
2026-01-22 11:40:00,22455.53,22460.15,22453.1,22458.29,9874
2026-01-22 11:45:00,22458.29,22468.14,22457.45,22465.61,27487
2026-01-22 11:50:00,22465.61,22469.07,22465.6,22468.63,2876
2026-01-22 11:55:00,22468.63,22471.9,22463.88,22464.48,3436
2026-01-22 12:00:00,22464.48,22473.54,22462.21,22467.58,839
2026-01-22 12:05:00,22467.58,22468.05,22456.05,22456.54,1483
2026-01-22 12:10:00,22456.54,22456.82,22451.22,22452.22,4746
2026-01-22 12:15:00,22452.22,22462.49,22450.46,22461.13,15197
2026-01-22 12:20:00,22461.13,22463.71,22459.59,22463.4,1657
2026-01-22 12:25:00,22463.4,22464.86,22458.51,22459.21,8477
2026-01-22 12:30:00,22459.21,22462.07,22449.07,22449.92,572
2026-01-22 12:35:00,22449.92,22454.89,22445.64,22446.41,1830
2026-01-22 12:40:00,22446.41,22446.71,22443.31,22444.87,3695
2026-01-22 12:45:00,22444.87,22454.11,22442.65,22453.48,1778
2026-01-22 12:50:00,22453.48,22453.58,22446.41,22449.07,2384
2026-01-22 12:55:00,22449.07,22452.62,22446.61,22448.36,7052
2026-01-22 13:00:00,22448.36,22465.01,22444.39,22464.03,10394
2026-01-22 13:05:00,22464.03,22464.93,22447.86,22451.29,1479
2026-01-22 13:10:00,22451.29,22452.83,22447.68,22448.38,14028
2026-01-22 13:15:00,22448.38,22449.47,22440.74,22442.67,2243
2026-01-22 13:20:00,22442.67,22447.25,22440.04,22445.26,6234
2026-01-22 13:25:00,22445.26,22454.4,22444.34,22454.24,3765
2026-01-22 13:30:00,22454.24,22455.17,22449.19,22454.69,599
2026-01-22 13:35:00,22454.69,22454.99,22447.55,22447.93,7740
2026-01-22 13:40:00,22447.93,22452.59,22445.03,22449.99,20087
2026-01-22 13:45:00,22449.99,22450.65,22438.73,22439.92,3671
2026-01-22 13:50:00,22439.92,22452.61,22438.42,22448.35,4639
2026-01-22 13:55:00,22448.35,22448.71,22442.91,22445.63,2787
2026-01-22 14:00:00,22445.63,22448.87,22437.51,22438.54,4319
2026-01-22 14:05:00,22438.54,22440.59,22432.53,22433.37,2435
2026-01-22 14:10:00,22433.37,22434.07,22432.77,22433.24,16768
2026-01-22 14:15:00,22433.24,22434.22,22423.76,22424.1,3754
2026-01-22 14:20:00,22424.1,22431.17,22423.14,22431.07,8723
2026-01-22 14:25:00,22431.07,22431.67,22426.54,22427.04,2442
2026-01-22 14:30:00,22427.04,22427.98,22424.3,22424.46,5387
2026-01-22 14:35:00,22424.46,22427.67,22424.26,22424.32,3279
2026-01-22 14:40:00,22424.32,22427.45,22421.93,22426.26,7607
2026-01-22 14:45:00,22426.26,22426.61,22423.51,22424.07,2953
2026-01-22 14:50:00,22424.07,22426.01,22419.53,22420.48,1206
2026-01-22 14:55:00,22420.48,22422.61,22419.31,22421.79,489
2026-01-22 15:00:00,22421.79,22442.26,22420.54,22441.2,54676
2026-01-22 15:05:00,22441.2,22448.12,22441.07,22447.52,854
2026-01-22 15:10:00,22447.52,22455.71,22446.49,22454.57,624
2026-01-22 15:15:00,22454.57,22456.55,22443.76,22444.0,4115
2026-01-22 15:20:00,22444.0,22446.93,22435.49,22437.42,3174
2026-01-22 15:25:00,22437.42,22445.45,22436.95,22444.68,8690
2026-01-22 15:30:00,22444.68,22452.13,22444.09,22450.54,7493
2026-01-23 09:15:00,22505.45,22506.48,22501.93,22504.62,1116
2026-01-23 09:20:00,22504.62,22509.77,22500.93,22509.65,16202
2026-01-23 09:25:00,22509.65,22513.62,22486.54,22487.59,6572
2026-01-23 09:30:00,22487.59,22487.89,22477.43,22482.49,8608
2026-01-23 09:35:00,22482.49,22484.58,22482.45,22484.49,6247
2026-01-23 09:40:00,22484.49,22488.24,22479.86,22484.26,18055
2026-01-23 09:45:00,22484.26,22484.95,22473.5,22473.98,15037
2026-01-23 09:50:00,22473.98,22474.97,22453.18,22456.7,1943
2026-01-23 09:55:00,22456.7,22456.86,22451.71,22452.92,966
2026-01-23 10:00:00,22452.92,22458.79,22451.82,22457.88,2286
2026-01-23 10:05:00,22457.88,22458.12,22452.3,22453.31,113
2026-01-23 10:10:00,22453.31,22457.08,22453.18,22456.46,2382
2026-01-23 10:15:00,22456.46,22457.34,22432.35,22435.93,3039
2026-01-23 10:20:00,22435.93,22435.96,22432.76,22433.47,8008
2026-01-23 10:25:00,22433.47,22434.32,22428.29,22431.64,13485
2026-01-23 10:30:00,22431.64,22451.68,22428.29,22450.36,910
2026-01-23 10:35:00,22450.36,22454.66,22449.34,22453.19,3401
2026-01-23 10:40:00,22453.19,22461.9,22449.85,22460.47,373
2026-01-23 10:45:00,22460.47,22477.99,22460.3,22475.99,1629
2026-01-23 10:50:00,22475.99,22476.26,22471.84,22471.94,19591
2026-01-23 10:55:00,22471.94,22488.08,22470.24,22487.69,1314
2026-01-23 11:00:00,22487.69,22489.75,22483.86,22486.22,69264
2026-01-23 11:05:00,22486.22,22490.31,22484.59,22488.64,509
2026-01-23 11:10:00,22488.64,22490.25,22476.56,22479.87,2039
2026-01-23 11:15:00,22479.87,22482.29,22459.73,22460.34,186
2026-01-23 11:20:00,22460.34,22461.38,22457.0,22457.81,44250
2026-01-23 11:25:00,22457.81,22457.9,22449.58,22450.98,294
2026-01-23 11:30:00,22450.98,22458.99,22450.42,22458.07,5654
2026-01-23 11:35:00,22458.07,22460.08,22452.51,22452.58,17014
2026-01-23 11:40:00,22452.58,22467.04,22452.53,22465.45,4467
2026-01-23 11:45:00,22465.45,22467.59,22465.4,22465.54,402
2026-01-23 11:50:00,22465.54,22468.81,22462.9,22464.55,746
2026-01-23 11:55:00,22464.55,22466.22,22463.84,22463.97,14209
2026-01-23 12:00:00,22463.97,22474.16,22461.58,22469.19,4048
2026-01-23 12:05:00,22469.19,22475.02,22466.94,22474.61,21134
2026-01-23 12:10:00,22474.61,22483.16,22474.06,22482.68,19175
2026-01-23 12:15:00,22482.68,22492.38,22482.2,22489.45,2318
2026-01-23 12:20:00,22489.45,22500.42,22486.82,22498.36,557
2026-01-23 12:25:00,22498.36,22500.59,22490.9,22492.08,304
2026-01-23 12:30:00,22492.08,22497.44,22488.51,22496.35,4648
2026-01-23 12:35:00,22496.35,22498.37,22493.16,22497.63,5104
2026-01-23 12:40:00,22497.63,22499.22,22494.21,22494.36,687
2026-01-23 12:45:00,22494.36,22506.21,22494.08,22502.59,7444
2026-01-23 12:50:00,22502.59,22506.76,22501.27,22505.33,789
2026-01-23 12:55:00,22505.33,22506.63,22504.22,22505.15,1082
2026-01-23 13:00:00,22505.15,22514.9,22503.66,22514.73,29544
2026-01-23 13:05:00,22514.73,22525.91,22514.34,22523.67,9807
2026-01-23 13:10:00,22523.67,22527.8,22523.06,22525.38,4378
2026-01-23 13:15:00,22525.38,22530.3,22523.85,22530.05,7980
2026-01-23 13:20:00,22530.05,22532.96,22519.08,22519.54,4308
2026-01-23 13:25:00,22519.54,22525.19,22516.72,22524.01,10261
2026-01-23 13:30:00,22524.01,22527.71,22522.51,22526.43,1806
2026-01-23 13:35:00,22526.43,22529.88,22513.07,22516.04,5869
2026-01-23 13:40:00,22516.04,22516.44,22512.74,22514.26,41636
2026-01-23 13:45:00,22514.26,22516.49,22506.6,22509.69,204
2026-01-23 13:50:00,22509.69,22510.19,22498.51,22501.63,15807
2026-01-23 13:55:00,22501.63,22509.63,22499.07,22508.48,26211
2026-01-23 14:00:00,22508.48,22509.38,22503.06,22507.58,8793
2026-01-23 14:05:00,22507.58,22512.35,22506.97,22509.63,1396
2026-01-23 14:10:00,22509.63,22512.35,22505.64,22510.27,1935
2026-01-23 14:15:00,22510.27,22522.36,22507.18,22521.33,24887
2026-01-23 14:20:00,22521.33,22522.47,22520.23,22520.81,162254
2026-01-23 14:25:00,22520.81,22536.05,22519.59,22535.8,3553
2026-01-23 14:30:00,22535.8,22540.24,22535.64,22537.75,21668
2026-01-23 14:35:00,22537.75,22539.41,22520.61,22523.36,1285
2026-01-23 14:40:00,22523.36,22538.29,22522.48,22536.91,1881
2026-01-23 14:45:00,22536.91,22538.15,22533.06,22534.46,10648
2026-01-23 14:50:00,22534.46,22537.18,22533.14,22533.94,5614
2026-01-23 14:55:00,22533.94,22537.68,22529.08,22532.21,107
2026-01-23 15:00:00,22532.21,22533.63,22524.25,22526.36,684
2026-01-23 15:05:00,22526.36,22534.89,22525.61,22533.97,9625
2026-01-23 15:10:00,22533.97,22534.73,22528.95,22530.57,396
2026-01-23 15:15:00,22530.57,22531.43,22511.56,22513.43,4373
2026-01-23 15:20:00,22513.43,22524.32,22512.79,22520.28,7948
2026-01-23 15:25:00,22520.28,22522.01,22509.25,22509.48,298643
2026-01-23 15:30:00,22509.48,22512.22,22491.27,22492.06,263
2026-01-26 09:15:00,22423.65,22427.95,22420.21,22425.87,25155
2026-01-26 09:20:00,22425.87,22428.13,22417.37,22418.15,1116
2026-01-26 09:25:00,22418.15,22419.57,22416.38,22416.45,997
2026-01-26 09:30:00,22416.45,22417.41,22406.97,22408.23,2249
2026-01-26 09:35:00,22408.23,22419.69,22407.62,22419.17,8028
2026-01-26 09:40:00,22419.17,22419.34,22413.07,22418.11,3056
2026-01-26 09:45:00,22418.11,22420.55,22400.82,22403.49,623
2026-01-26 09:50:00,22403.49,22404.47,22397.77,22399.1,4161
2026-01-26 09:55:00,22399.1,22399.27,22383.26,22383.89,1821
2026-01-26 10:00:00,22383.89,22384.28,22381.88,22383.41,280
2026-01-26 10:05:00,22383.41,22386.42,22378.62,22381.45,10682
2026-01-26 10:10:00,22381.45,22389.06,22377.62,22385.75,2456
2026-01-26 10:15:00,22385.75,22386.29,22371.8,22377.99,283
2026-01-26 10:20:00,22377.99,22380.82,22373.98,22374.23,490
2026-01-26 10:25:00,22374.23,22378.13,22372.12,22373.36,18648
2026-01-26 10:30:00,22373.36,22373.63,22369.96,22370.29,3910
2026-01-26 10:35:00,22370.29,22371.82,22367.51,22369.98,879
2026-01-26 10:40:00,22369.98,22371.78,22364.66,22367.51,155
2026-01-26 10:45:00,22367.51,22370.31,22366.06,22369.32,1251
2026-01-26 10:50:00,22369.32,22371.05,22361.85,22363.24,507
2026-01-26 10:55:00,22363.24,22365.05,22358.2,22361.11,10995
2026-01-26 11:00:00,22361.11,22361.49,22353.94,22356.95,979
2026-01-26 11:05:00,22356.95,22368.18,22353.0,22363.0,2204
2026-01-26 11:10:00,22363.0,22367.53,22361.3,22366.3,812
2026-01-26 11:15:00,22366.3,22368.57,22363.86,22367.53,1080
2026-01-26 11:20:00,22367.53,22369.42,22362.66,22364.72,3304
2026-01-26 11:25:00,22364.72,22366.89,22349.37,22350.13,674
2026-01-26 11:30:00,22350.13,22351.12,22344.62,22345.78,10242
2026-01-26 11:35:00,22345.78,22348.38,22343.3,22347.5,4816
2026-01-26 11:40:00,22347.5,22361.64,22346.46,22359.81,20737
2026-01-26 11:45:00,22359.81,22362.71,22359.26,22361.93,15811
2026-01-26 11:50:00,22361.93,22369.21,22359.75,22365.57,6533
2026-01-26 11:55:00,22365.57,22365.93,22357.21,22357.36,8475
2026-01-26 12:00:00,22357.36,22362.79,22357.12,22362.46,8783
2026-01-26 12:05:00,22362.46,22365.85,22351.49,22355.59,26452
2026-01-26 12:10:00,22355.59,22357.59,22354.5,22355.23,5009
2026-01-26 12:15:00,22355.23,22361.28,22354.57,22359.66,14075
2026-01-26 12:20:00,22359.66,22359.67,22349.31,22350.98,13260
2026-01-26 12:25:00,22350.98,22355.46,22349.19,22354.67,1092
2026-01-26 12:30:00,22354.67,22368.85,22351.59,22368.68,496
2026-01-26 12:35:00,22368.68,22369.31,22364.74,22369.03,627
2026-01-26 12:40:00,22369.03,22371.47,22368.05,22369.35,37270
2026-01-26 12:45:00,22369.35,22370.52,22359.47,22360.26,2874
2026-01-26 12:50:00,22360.26,22366.73,22356.94,22364.41,53490
2026-01-26 12:55:00,22364.41,22369.63,22363.61,22364.79,5435
2026-01-26 13:00:00,22364.79,22377.16,22362.02,22376.24,265
2026-01-26 13:05:00,22376.24,22393.79,22375.87,22392.73,561
2026-01-26 13:10:00,22392.73,22401.88,22391.75,22400.32,4671
2026-01-26 13:15:00,22400.32,22400.67,22389.0,22391.8,5666
2026-01-26 13:20:00,22391.8,22393.28,22391.03,22392.85,59529
2026-01-26 13:25:00,22392.85,22393.27,22386.12,22386.35,13536
2026-01-26 13:30:00,22386.35,22395.24,22385.77,22395.18,4879
2026-01-26 13:35:00,22395.18,22398.35,22375.79,22377.0,1283
2026-01-26 13:40:00,22377.0,22378.5,22367.4,22367.41,2160
2026-01-26 13:45:00,22367.41,22367.49,22352.1,22357.36,2334
2026-01-26 13:50:00,22357.36,22358.35,22354.23,22357.86,4176
2026-01-26 13:55:00,22357.86,22359.49,22348.09,22349.53,61155
2026-01-26 14:00:00,22349.53,22351.57,22349.15,22349.94,12192
2026-01-26 14:05:00,22349.94,22360.4,22348.51,22354.91,4351
2026-01-26 14:10:00,22354.91,22370.27,22351.01,22367.3,2965
2026-01-26 14:15:00,22367.3,22384.96,22365.89,22379.18,1716
2026-01-26 14:20:00,22379.18,22383.61,22369.65,22371.1,835
2026-01-26 14:25:00,22371.1,22371.72,22368.39,22369.48,773
2026-01-26 14:30:00,22369.48,22372.78,22362.48,22364.56,1785
2026-01-26 14:35:00,22364.56,22371.14,22364.12,22368.29,2516
2026-01-26 14:40:00,22368.29,22369.97,22365.8,22369.85,4751
2026-01-26 14:45:00,22369.85,22371.94,22363.03,22365.49,400
2026-01-26 14:50:00,22365.49,22378.48,22364.92,22377.75,13493
2026-01-26 14:55:00,22377.75,22379.66,22372.46,22373.22,326
2026-01-26 15:00:00,22373.22,22374.35,22363.34,22365.24,33360
2026-01-26 15:05:00,22365.24,22377.42,22364.99,22374.75,4388
2026-01-26 15:10:00,22374.75,22376.74,22364.44,22365.2,6981
2026-01-26 15:15:00,22365.2,22379.92,22364.95,22378.71,4865
2026-01-26 15:20:00,22378.71,22379.08,22370.24,22371.22,1829
2026-01-26 15:25:00,22371.22,22384.72,22368.98,22381.69,8036
2026-01-26 15:30:00,22381.69,22383.54,22372.98,22377.14,904
2026-01-27 09:15:00,22502.36,22504.68,22500.67,22501.91,8609
2026-01-27 09:20:00,22501.91,22503.84,22495.96,22496.17,1099
2026-01-27 09:25:00,22496.17,22496.53,22483.61,22483.83,19981
2026-01-27 09:30:00,22483.83,22493.76,22482.39,22491.32,4909
2026-01-27 09:35:00,22491.32,22491.62,22480.3,22481.49,26533
2026-01-27 09:40:00,22481.49,22489.46,22479.43,22486.98,1826
2026-01-27 09:45:00,22486.98,22492.74,22486.69,22490.42,2634
2026-01-27 09:50:00,22490.42,22498.16,22487.2,22495.91,797
2026-01-27 09:55:00,22495.91,22495.93,22477.17,22480.56,7184
2026-01-27 10:00:00,22480.56,22486.66,22480.26,22486.57,293
2026-01-27 10:05:00,22486.57,22486.97,22465.87,22468.5,4995
2026-01-27 10:10:00,22468.5,22476.65,22467.84,22473.49,2480
2026-01-27 10:15:00,22473.49,22477.53,22465.89,22466.94,723
2026-01-27 10:20:00,22466.94,22469.44,22455.49,22457.57,48086
2026-01-27 10:25:00,22457.57,22460.41,22434.54,22435.52,3561
2026-01-27 10:30:00,22435.52,22439.3,22432.7,22434.11,769
2026-01-27 10:35:00,22434.11,22434.47,22420.36,22420.36,304
2026-01-27 10:40:00,22420.36,22421.51,22419.9,22419.92,8856
2026-01-27 10:45:00,22419.92,22433.68,22418.48,22431.86,5184
2026-01-27 10:50:00,22431.86,22435.03,22431.06,22432.36,48291
2026-01-27 10:55:00,22432.36,22435.81,22432.3,22432.62,482
2026-01-27 11:00:00,22432.62,22440.58,22432.28,22439.53,1813
2026-01-27 11:05:00,22439.53,22439.55,22436.29,22437.84,371
2026-01-27 11:10:00,22437.84,22447.72,22437.5,22446.94,4572
2026-01-27 11:15:00,22446.94,22451.87,22443.59,22449.52,1232
2026-01-27 11:20:00,22449.52,22454.14,22448.81,22452.69,72471
2026-01-27 11:25:00,22452.69,22454.2,22434.13,22437.92,2788
2026-01-27 11:30:00,22437.92,22440.26,22432.16,22432.28,1767
2026-01-27 11:35:00,22432.28,22435.13,22430.24,22433.81,2513
2026-01-27 11:40:00,22433.81,22433.84,22425.02,22425.73,10717
2026-01-27 11:45:00,22425.73,22435.56,22424.73,22434.75,6240
2026-01-27 11:50:00,22434.75,22438.33,22432.69,22437.37,6329
2026-01-27 11:55:00,22437.37,22437.91,22418.61,22423.72,401
2026-01-27 12:00:00,22423.72,22425.91,22415.32,22416.7,1298
2026-01-27 12:05:00,22416.7,22424.31,22416.38,22422.54,373
2026-01-27 12:10:00,22422.54,22422.73,22418.41,22420.87,5169
2026-01-27 12:15:00,22420.87,22424.0,22420.31,22423.11,8908
2026-01-27 12:20:00,22423.11,22423.51,22420.88,22421.68,1240
2026-01-27 12:25:00,22421.68,22436.47,22419.92,22432.38,1175
2026-01-27 12:30:00,22432.38,22432.91,22423.4,22426.38,876
2026-01-27 12:35:00,22426.38,22426.82,22417.98,22419.59,32914
2026-01-27 12:40:00,22419.59,22438.01,22418.5,22433.96,10807
2026-01-27 12:45:00,22433.96,22439.62,22433.48,22438.31,970
2026-01-27 12:50:00,22438.31,22440.73,22434.72,22434.95,312
2026-01-27 12:55:00,22434.95,22437.44,22432.93,22433.35,1075
2026-01-27 13:00:00,22433.35,22437.83,22430.17,22435.67,67
2026-01-27 13:05:00,22435.67,22436.28,22428.08,22429.0,250
2026-01-27 13:10:00,22429.0,22429.26,22420.97,22421.14,5252
2026-01-27 13:15:00,22421.14,22425.37,22420.75,22424.69,3240
2026-01-27 13:20:00,22424.69,22434.49,22421.6,22430.01,109
2026-01-27 13:25:00,22430.01,22430.46,22420.03,22421.37,33
2026-01-27 13:30:00,22421.37,22422.96,22419.16,22421.15,1047
2026-01-27 13:35:00,22421.15,22422.38,22417.96,22418.74,634
2026-01-27 13:40:00,22418.74,22419.61,22411.36,22411.63,6231
2026-01-27 13:45:00,22411.63,22414.75,22409.87,22413.34,218
2026-01-27 13:50:00,22413.34,22413.8,22406.46,22406.51,1091
2026-01-27 13:55:00,22406.51,22417.76,22406.13,22413.8,3382
2026-01-27 14:00:00,22413.8,22424.33,22413.75,22420.6,12946
2026-01-27 14:05:00,22420.6,22423.05,22415.08,22415.45,2721
2026-01-27 14:10:00,22415.45,22419.64,22407.23,22408.18,528
2026-01-27 14:15:00,22408.18,22410.0,22407.4,22407.43,6175
2026-01-27 14:20:00,22407.43,22410.41,22399.34,22400.46,14350
2026-01-27 14:25:00,22400.46,22405.03,22398.72,22403.38,1426
2026-01-27 14:30:00,22403.38,22417.27,22401.09,22414.16,4335
2026-01-27 14:35:00,22414.16,22415.55,22410.14,22410.71,16505
2026-01-27 14:40:00,22410.71,22414.96,22409.68,22414.32,1737
2026-01-27 14:45:00,22414.32,22420.41,22410.17,22417.62,9856
2026-01-27 14:50:00,22417.62,22420.07,22404.03,22405.31,479
2026-01-27 14:55:00,22405.31,22411.6,22403.31,22410.87,455
2026-01-27 15:00:00,22410.87,22413.28,22407.24,22409.37,3545
2026-01-27 15:05:00,22409.37,22410.22,22398.66,22401.64,2385
2026-01-27 15:10:00,22401.64,22406.72,22399.27,22402.68,17798
2026-01-27 15:15:00,22402.68,22412.96,22400.1,22411.25,4540
2026-01-27 15:20:00,22411.25,22413.44,22404.32,22406.59,15646
2026-01-27 15:25:00,22406.59,22408.37,22406.2,22406.94,12250
2026-01-27 15:30:00,22406.94,22416.0,22406.31,22415.14,418
2026-01-28 09:15:00,22499.25,22500.82,22490.68,22492.98,14004
2026-01-28 09:20:00,22492.98,22497.12,22491.6,22495.56,1229
2026-01-28 09:25:00,22495.56,22502.1,22492.11,22501.55,682
2026-01-28 09:30:00,22501.55,22504.29,22496.31,22498.11,34057
2026-01-28 09:35:00,22498.11,22512.41,22497.73,22511.34,1608
2026-01-28 09:40:00,22511.34,22515.02,22505.94,22505.97,433
2026-01-28 09:45:00,22505.97,22510.2,22504.67,22505.69,3992
2026-01-28 09:50:00,22505.69,22513.51,22505.11,22512.95,1730
2026-01-28 09:55:00,22512.95,22514.87,22509.4,22511.09,218
2026-01-28 10:00:00,22511.09,22521.67,22509.17,22518.86,1753
2026-01-28 10:05:00,22518.86,22520.02,22507.15,22509.0,1545
2026-01-28 10:10:00,22509.0,22519.34,22506.36,22514.77,20715
2026-01-28 10:15:00,22514.77,22518.49,22511.58,22512.98,746
2026-01-28 10:20:00,22512.98,22513.72,22511.29,22511.65,2685
2026-01-28 10:25:00,22511.65,22523.38,22510.74,22522.53,17115
2026-01-28 10:30:00,22522.53,22525.05,22517.01,22519.42,3654
2026-01-28 10:35:00,22519.42,22521.8,22518.19,22520.53,10615
2026-01-28 10:40:00,22520.53,22529.98,22518.95,22528.41,6999
2026-01-28 10:45:00,22528.41,22529.81,22525.99,22529.46,1701
2026-01-28 10:50:00,22529.46,22534.03,22528.15,22532.42,2091
2026-01-28 10:55:00,22532.42,22534.02,22523.3,22525.99,3459
2026-01-28 11:00:00,22525.99,22530.67,22525.11,22527.05,4374
2026-01-28 11:05:00,22527.05,22530.89,22525.7,22530.48,2530
2026-01-28 11:10:00,22530.48,22531.09,22528.63,22530.59,1081
2026-01-28 11:15:00,22530.59,22531.93,22526.03,22526.7,25320
2026-01-28 11:20:00,22526.7,22533.54,22525.5,22531.28,5214
2026-01-28 11:25:00,22531.28,22532.73,22521.34,22524.03,1187
2026-01-28 11:30:00,22524.03,22534.17,22522.56,22531.66,784
2026-01-28 11:35:00,22531.66,22533.84,22529.21,22529.46,2189
2026-01-28 11:40:00,22529.46,22535.13,22527.82,22532.34,6209
2026-01-28 11:45:00,22532.34,22533.23,22513.17,22516.61,32
2026-01-28 11:50:00,22516.61,22522.45,22514.91,22522.13,9913
2026-01-28 11:55:00,22522.13,22537.35,22521.38,22535.8,724
2026-01-28 12:00:00,22535.8,22538.71,22535.03,22536.96,1928
2026-01-28 12:05:00,22536.96,22561.69,22534.66,22559.54,333
2026-01-28 12:10:00,22559.54,22559.69,22551.88,22553.88,32879
2026-01-28 12:15:00,22553.88,22566.23,22550.31,22565.16,2962
2026-01-28 12:20:00,22565.16,22586.17,22564.01,22585.88,24339
2026-01-28 12:25:00,22585.88,22597.12,22585.59,22596.1,6445
2026-01-28 12:30:00,22596.1,22596.4,22587.35,22589.57,206
2026-01-28 12:35:00,22589.57,22592.5,22587.72,22589.97,2636
2026-01-28 12:40:00,22589.97,22605.09,22586.14,22603.95,112
2026-01-28 12:45:00,22603.95,22605.58,22593.23,22594.5,5951
2026-01-28 12:50:00,22594.5,22609.87,22593.54,22607.67,6690
2026-01-28 12:55:00,22607.67,22610.38,22600.21,22600.78,1676
2026-01-28 13:00:00,22600.78,22618.72,22598.93,22617.68,22750
2026-01-28 13:05:00,22617.68,22620.18,22611.47,22612.47,1316
2026-01-28 13:10:00,22612.47,22613.72,22608.65,22610.3,4450
2026-01-28 13:15:00,22610.3,22611.65,22605.82,22606.37,1822
2026-01-28 13:20:00,22606.37,22607.68,22605.59,22606.76,1728
2026-01-28 13:25:00,22606.76,22613.98,22605.45,22613.53,329
2026-01-28 13:30:00,22613.53,22621.42,22613.11,22621.4,14309
2026-01-28 13:35:00,22621.4,22624.15,22617.44,22617.58,4731
2026-01-28 13:40:00,22617.58,22620.53,22610.5,22615.48,15995
2026-01-28 13:45:00,22615.48,22622.72,22608.8,22621.81,20451
2026-01-28 13:50:00,22621.81,22622.82,22613.25,22613.59,5492
2026-01-28 13:55:00,22613.59,22620.49,22611.96,22618.71,4356
2026-01-28 14:00:00,22618.71,22624.22,22617.21,22622.04,11420
2026-01-28 14:05:00,22622.04,22630.18,22621.01,22628.73,11681
2026-01-28 14:10:00,22628.73,22630.89,22618.92,22619.44,37281
2026-01-28 14:15:00,22619.44,22622.97,22606.55,22607.27,1687
2026-01-28 14:20:00,22607.27,22610.23,22607.13,22608.83,985
2026-01-28 14:25:00,22608.83,22609.81,22601.42,22603.22,941
2026-01-28 14:30:00,22603.22,22604.23,22589.62,22592.24,838
2026-01-28 14:35:00,22592.24,22592.63,22585.65,22586.39,84307
2026-01-28 14:40:00,22586.39,22587.06,22583.2,22585.09,11930
2026-01-28 14:45:00,22585.09,22587.28,22581.04,22586.95,2566
2026-01-28 14:50:00,22586.95,22588.25,22579.97,22583.42,10223
2026-01-28 14:55:00,22583.42,22583.43,22564.23,22564.64,85814
2026-01-28 15:00:00,22564.64,22566.44,22549.71,22549.98,2216
2026-01-28 15:05:00,22549.98,22550.14,22543.07,22545.59,5093
2026-01-28 15:10:00,22545.59,22545.64,22525.81,22527.01,13690
2026-01-28 15:15:00,22527.01,22541.72,22524.23,22541.06,1855
2026-01-28 15:20:00,22541.06,22544.55,22532.29,22533.33,3000
2026-01-28 15:25:00,22533.33,22539.37,22533.19,22538.83,407
2026-01-28 15:30:00,22538.83,22540.07,22536.42,22536.66,11539
2026-01-29 09:15:00,22469.18,22471.82,22461.84,22462.16,1357
2026-01-29 09:20:00,22462.16,22466.28,22460.93,22464.85,14466
2026-01-29 09:25:00,22464.85,22467.44,22464.81,22466.03,23585
2026-01-29 09:30:00,22466.03,22469.57,22464.53,22468.38,13899
2026-01-29 09:35:00,22468.38,22488.51,22466.02,22486.93,3878
2026-01-29 09:40:00,22486.93,22494.12,22484.82,22493.93,2532
2026-01-29 09:45:00,22493.93,22499.53,22492.72,22498.72,17103
2026-01-29 09:50:00,22498.72,22500.7,22497.06,22500.64,825
2026-01-29 09:55:00,22500.64,22501.17,22492.02,22493.0,893
2026-01-29 10:00:00,22493.0,22511.99,22492.29,22507.65,3420
2026-01-29 10:05:00,22507.65,22509.86,22503.53,22506.14,207
2026-01-29 10:10:00,22506.14,22512.56,22502.63,22509.95,5769
2026-01-29 10:15:00,22509.95,22510.43,22502.79,22503.36,6552
2026-01-29 10:20:00,22503.36,22514.0,22499.69,22511.7,33141
2026-01-29 10:25:00,22511.7,22511.85,22501.28,22504.7,18946
2026-01-29 10:30:00,22504.7,22506.33,22496.01,22502.0,3490
2026-01-29 10:35:00,22502.0,22502.35,22496.45,22496.94,1357
2026-01-29 10:40:00,22496.94,22502.98,22495.61,22500.47,9296
2026-01-29 10:45:00,22500.47,22502.28,22482.41,22486.44,222
2026-01-29 10:50:00,22486.44,22487.01,22479.79,22482.44,3250
2026-01-29 10:55:00,22482.44,22483.6,22478.73,22480.47,3674
2026-01-29 11:00:00,22480.47,22480.64,22470.62,22470.88,892
2026-01-29 11:05:00,22470.88,22472.51,22468.53,22472.2,268
2026-01-29 11:10:00,22472.2,22473.72,22469.85,22471.59,9236
2026-01-29 11:15:00,22471.59,22477.06,22469.82,22475.65,300
2026-01-29 11:20:00,22475.65,22478.2,22461.7,22461.77,8207
2026-01-29 11:25:00,22461.77,22464.41,22437.7,22437.96,283
2026-01-29 11:30:00,22437.96,22440.95,22436.76,22438.77,15500
2026-01-29 11:35:00,22438.77,22439.6,22425.99,22427.84,39197
2026-01-29 11:40:00,22427.84,22438.65,22426.9,22432.95,1005
2026-01-29 11:45:00,22432.95,22435.71,22431.08,22431.81,3592
2026-01-29 11:50:00,22431.81,22432.66,22430.51,22432.58,2426
2026-01-29 11:55:00,22432.58,22432.6,22429.26,22431.14,41812
2026-01-29 12:00:00,22431.14,22431.93,22422.77,22424.42,3946
2026-01-29 12:05:00,22424.42,22424.9,22417.91,22420.11,67
2026-01-29 12:10:00,22420.11,22424.97,22419.19,22424.05,776
2026-01-29 12:15:00,22424.05,22435.44,22422.91,22433.62,9797
2026-01-29 12:20:00,22433.62,22434.86,22426.15,22427.65,942
2026-01-29 12:25:00,22427.65,22439.86,22426.65,22439.22,69485
2026-01-29 12:30:00,22439.22,22439.35,22431.46,22433.57,12418
2026-01-29 12:35:00,22433.57,22434.6,22430.48,22430.94,26154
2026-01-29 12:40:00,22430.94,22431.1,22427.86,22428.71,8589
2026-01-29 12:45:00,22428.71,22431.96,22426.77,22429.96,148
2026-01-29 12:50:00,22429.96,22431.54,22420.66,22423.31,8335
2026-01-29 12:55:00,22423.31,22428.0,22421.76,22427.74,4579
2026-01-29 13:00:00,22427.74,22442.38,22425.06,22442.18,11060
2026-01-29 13:05:00,22442.18,22452.08,22440.32,22448.06,2462
2026-01-29 13:10:00,22448.06,22451.03,22444.5,22444.51,3134
2026-01-29 13:15:00,22444.51,22447.46,22433.11,22434.09,11020
2026-01-29 13:20:00,22434.09,22437.91,22433.91,22435.61,2747
2026-01-29 13:25:00,22435.61,22438.73,22424.56,22428.27,16267
2026-01-29 13:30:00,22428.27,22428.58,22416.93,22417.13,1976
2026-01-29 13:35:00,22417.13,22417.89,22412.22,22413.86,5451
2026-01-29 13:40:00,22413.86,22414.17,22411.02,22412.9,5973
2026-01-29 13:45:00,22412.9,22413.55,22412.21,22413.48,1476
2026-01-29 13:50:00,22413.48,22422.2,22412.65,22420.05,7455
2026-01-29 13:55:00,22420.05,22423.2,22410.86,22410.99,233
2026-01-29 14:00:00,22410.99,22412.5,22400.19,22400.6,20501
2026-01-29 14:05:00,22400.6,22400.78,22390.16,22390.96,515
2026-01-29 14:10:00,22390.96,22400.23,22387.74,22399.21,2816
2026-01-29 14:15:00,22399.21,22403.48,22396.25,22402.3,4526
2026-01-29 14:20:00,22402.3,22420.76,22399.16,22419.99,964
2026-01-29 14:25:00,22419.99,22423.26,22419.97,22421.71,1907
2026-01-29 14:30:00,22421.71,22431.31,22421.11,22427.52,1374
2026-01-29 14:35:00,22427.52,22432.56,22425.73,22426.0,1222
2026-01-29 14:40:00,22426.0,22429.66,22416.12,22416.84,7958
2026-01-29 14:45:00,22416.84,22416.87,22411.33,22413.67,3638
2026-01-29 14:50:00,22413.67,22418.59,22410.29,22417.52,849
2026-01-29 14:55:00,22417.52,22421.49,22417.37,22419.79,2246
2026-01-29 15:00:00,22419.79,22422.51,22408.02,22408.36,6674
2026-01-29 15:05:00,22408.36,22415.0,22407.96,22413.74,22064
2026-01-29 15:10:00,22413.74,22418.0,22403.31,22404.8,508
2026-01-29 15:15:00,22404.8,22410.28,22400.98,22405.86,2412
2026-01-29 15:20:00,22405.86,22409.74,22405.1,22409.67,1015
2026-01-29 15:25:00,22409.67,22409.97,22402.61,22404.87,2787
2026-01-29 15:30:00,22404.87,22405.81,22401.12,22401.76,194
2026-01-30 09:15:00,22438.55,22459.26,22435.97,22457.08,3235
2026-01-30 09:20:00,22457.08,22459.73,22451.98,22452.26,26372
2026-01-30 09:25:00,22452.26,22452.42,22447.13,22449.15,4970
2026-01-30 09:30:00,22449.15,22449.34,22433.54,22436.57,2820
2026-01-30 09:35:00,22436.57,22437.35,22414.24,22414.64,191
2026-01-30 09:40:00,22414.64,22416.59,22399.74,22401.2,764
2026-01-30 09:45:00,22401.2,22402.49,22400.72,22400.92,2199
2026-01-30 09:50:00,22400.92,22401.94,22390.43,22391.32,3174
2026-01-30 09:55:00,22391.32,22395.19,22389.2,22390.66,10707
2026-01-30 10:00:00,22390.66,22391.1,22388.47,22389.33,9569
2026-01-30 10:05:00,22389.33,22389.78,22388.13,22388.45,2900
2026-01-30 10:10:00,22388.45,22413.29,22387.1,22411.96,8443
2026-01-30 10:15:00,22411.96,22412.54,22405.02,22407.2,6231
2026-01-30 10:20:00,22407.2,22411.86,22405.77,22411.23,183
2026-01-30 10:25:00,22411.23,22411.57,22403.23,22405.58,216
2026-01-30 10:30:00,22405.58,22406.96,22400.55,22403.11,1311
2026-01-30 10:35:00,22403.11,22410.25,22400.67,22408.98,1762
2026-01-30 10:40:00,22408.98,22409.12,22392.56,22394.59,1007
2026-01-30 10:45:00,22394.59,22395.27,22391.9,22392.18,8558
2026-01-30 10:50:00,22392.18,22392.97,22389.21,22389.24,12127
2026-01-30 10:55:00,22389.24,22389.4,22386.98,22387.73,2337
2026-01-30 11:00:00,22387.73,22389.49,22379.91,22381.46,587
2026-01-30 11:05:00,22381.46,22383.49,22378.2,22378.91,10333
2026-01-30 11:10:00,22378.91,22381.01,22370.99,22374.18,21355
2026-01-30 11:15:00,22374.18,22375.67,22363.09,22365.09,21505
2026-01-30 11:20:00,22365.09,22386.11,22362.92,22382.74,9506
2026-01-30 11:25:00,22382.74,22388.4,22381.59,22386.84,58764
2026-01-30 11:30:00,22386.84,22390.22,22386.34,22387.79,490
2026-01-30 11:35:00,22387.79,22401.84,22386.8,22400.52,1471
2026-01-30 11:40:00,22400.52,22404.34,22394.4,22395.59,20926
2026-01-30 11:45:00,22395.59,22398.68,22386.66,22388.26,252
2026-01-30 11:50:00,22388.26,22399.83,22386.06,22398.02,4327
2026-01-30 11:55:00,22398.02,22399.44,22389.01,22389.72,77
2026-01-30 12:00:00,22389.72,22402.94,22387.13,22402.86,648
2026-01-30 12:05:00,22402.86,22411.99,22400.08,22410.79,1070
2026-01-30 12:10:00,22410.79,22414.01,22409.4,22413.16,16170
2026-01-30 12:15:00,22413.16,22413.39,22406.2,22407.42,2754
2026-01-30 12:20:00,22407.42,22416.32,22405.2,22413.01,539
2026-01-30 12:25:00,22413.01,22415.5,22409.9,22410.55,4960
2026-01-30 12:30:00,22410.55,22412.64,22399.22,22401.11,1231
2026-01-30 12:35:00,22401.11,22403.03,22395.05,22397.15,4464
2026-01-30 12:40:00,22397.15,22397.5,22396.11,22397.49,1249
2026-01-30 12:45:00,22397.49,22398.46,22387.53,22388.86,12747
2026-01-30 12:50:00,22388.86,22390.98,22386.59,22387.07,1609
2026-01-30 12:55:00,22387.07,22395.88,22386.51,22395.14,24768
2026-01-30 13:00:00,22395.14,22402.53,22392.62,22399.21,787
2026-01-30 13:05:00,22399.21,22410.18,22396.14,22407.13,13123
2026-01-30 13:10:00,22407.13,22415.47,22405.45,22414.87,1757
2026-01-30 13:15:00,22414.87,22417.55,22400.98,22401.55,20681
2026-01-30 13:20:00,22401.55,22403.71,22390.71,22391.7,434
2026-01-30 13:25:00,22391.7,22406.93,22391.27,22404.71,3136
2026-01-30 13:30:00,22404.71,22408.62,22403.13,22408.23,1606
2026-01-30 13:35:00,22408.23,22429.26,22405.1,22423.91,6107
2026-01-30 13:40:00,22423.91,22425.51,22419.75,22421.21,1299
2026-01-30 13:45:00,22421.21,22442.03,22419.72,22438.42,705
2026-01-30 13:50:00,22438.42,22446.04,22434.12,22445.57,4585
2026-01-30 13:55:00,22445.57,22447.18,22438.33,22438.83,1411
2026-01-30 14:00:00,22438.83,22439.0,22434.81,22438.56,29156
2026-01-30 14:05:00,22438.56,22440.46,22430.03,22430.69,2533
2026-01-30 14:10:00,22430.69,22442.9,22429.56,22442.36,4499
2026-01-30 14:15:00,22442.36,22444.83,22438.5,22444.21,2049
2026-01-30 14:20:00,22444.21,22461.4,22441.8,22453.51,5622
2026-01-30 14:25:00,22453.51,22457.61,22446.24,22448.94,7611
2026-01-30 14:30:00,22448.94,22449.58,22437.62,22437.69,14831
2026-01-30 14:35:00,22437.69,22439.01,22429.03,22429.07,4488
2026-01-30 14:40:00,22429.07,22439.3,22427.45,22436.73,1269
2026-01-30 14:45:00,22436.73,22446.17,22436.32,22445.5,1230
2026-01-30 14:50:00,22445.5,22454.61,22444.44,22452.09,544
2026-01-30 14:55:00,22452.09,22460.54,22449.48,22457.64,605
2026-01-30 15:00:00,22457.64,22460.31,22450.44,22454.32,542
2026-01-30 15:05:00,22454.32,22462.0,22453.64,22459.46,55273
2026-01-30 15:10:00,22459.46,22460.14,22457.17,22459.06,76512
2026-01-30 15:15:00,22459.06,22459.52,22452.1,22454.73,2269
2026-01-30 15:20:00,22454.73,22455.68,22454.18,22455.12,5196
2026-01-30 15:25:00,22455.12,22460.83,22453.58,22459.54,1195
2026-01-30 15:30:00,22459.54,22462.72,22447.74,22448.33,12184
2026-02-02 09:15:00,22493.55,22494.04,22472.29,22474.5,3698
2026-02-02 09:20:00,22474.5,22475.68,22471.12,22471.15,173
2026-02-02 09:25:00,22471.15,22471.17,22463.24,22463.42,361
2026-02-02 09:30:00,22463.42,22463.53,22448.32,22451.13,243
2026-02-02 09:35:00,22451.13,22452.1,22445.81,22447.56,1037
2026-02-02 09:40:00,22447.56,22449.12,22447.42,22447.67,1684
2026-02-02 09:45:00,22447.67,22450.77,22446.0,22449.02,20584
2026-02-02 09:50:00,22449.02,22456.2,22448.15,22455.72,1666
2026-02-02 09:55:00,22455.72,22455.73,22447.3,22448.7,1003
2026-02-02 10:00:00,22448.7,22450.05,22447.98,22448.4,1307
2026-02-02 10:05:00,22448.4,22449.76,22441.48,22442.49,2578
2026-02-02 10:10:00,22442.49,22443.01,22438.23,22439.06,16151
2026-02-02 10:15:00,22439.06,22439.43,22428.46,22431.27,1771
2026-02-02 10:20:00,22431.27,22432.76,22416.3,22417.83,9664
2026-02-02 10:25:00,22417.83,22419.82,22416.23,22418.06,29591
2026-02-02 10:30:00,22418.06,22429.79,22417.03,22429.55,23223
2026-02-02 10:35:00,22429.55,22430.0,22421.29,22423.99,850
2026-02-02 10:40:00,22423.99,22431.67,22423.91,22430.62,671
2026-02-02 10:45:00,22430.62,22431.2,22421.98,22424.83,3626
2026-02-02 10:50:00,22424.83,22431.13,22422.03,22429.16,21469
2026-02-02 10:55:00,22429.16,22443.54,22427.08,22442.72,1822
2026-02-02 11:00:00,22442.72,22443.26,22442.3,22442.34,4544
2026-02-02 11:05:00,22442.34,22442.87,22440.69,22441.61,1794
2026-02-02 11:10:00,22441.61,22445.45,22434.08,22437.0,6856
2026-02-02 11:15:00,22437.0,22449.2,22436.64,22447.61,311
2026-02-02 11:20:00,22447.61,22448.28,22443.24,22445.51,320
2026-02-02 11:25:00,22445.51,22450.1,22443.18,22449.45,973
2026-02-02 11:30:00,22449.45,22460.5,22449.11,22458.74,2242
2026-02-02 11:35:00,22458.74,22464.5,22458.56,22462.79,3839
2026-02-02 11:40:00,22462.79,22464.79,22462.1,22464.63,79830
2026-02-02 11:45:00,22464.63,22486.4,22460.0,22485.12,7282
2026-02-02 11:50:00,22485.12,22488.74,22484.55,22486.61,3254
2026-02-02 11:55:00,22486.61,22498.18,22483.84,22495.65,875
2026-02-02 12:00:00,22495.65,22495.84,22494.35,22494.8,5717
2026-02-02 12:05:00,22494.8,22506.22,22493.64,22502.77,830
2026-02-02 12:10:00,22502.77,22502.92,22500.56,22501.59,5336
2026-02-02 12:15:00,22501.59,22518.92,22500.82,22517.99,101932
2026-02-02 12:20:00,22517.99,22518.28,22511.42,22513.31,3371
2026-02-02 12:25:00,22513.31,22515.41,22506.78,22507.07,732
2026-02-02 12:30:00,22507.07,22514.15,22505.16,22513.8,532
2026-02-02 12:35:00,22513.8,22518.29,22512.95,22516.75,451
2026-02-02 12:40:00,22516.75,22519.2,22514.16,22516.41,1567
2026-02-02 12:45:00,22516.41,22517.28,22505.21,22506.15,5823
2026-02-02 12:50:00,22506.15,22507.65,22503.1,22505.31,3679
2026-02-02 12:55:00,22505.31,22512.24,22500.46,22508.79,345
2026-02-02 13:00:00,22508.79,22509.94,22500.26,22504.95,32509
2026-02-02 13:05:00,22504.95,22509.03,22503.18,22506.31,6347
2026-02-02 13:10:00,22506.31,22508.63,22505.84,22506.99,6062
2026-02-02 13:15:00,22506.99,22517.11,22506.51,22515.81,175
2026-02-02 13:20:00,22515.81,22525.34,22513.32,22521.43,2599
2026-02-02 13:25:00,22521.43,22528.54,22521.1,22528.47,1658
2026-02-02 13:30:00,22528.47,22528.65,22524.97,22525.05,506
2026-02-02 13:35:00,22525.05,22528.19,22523.68,22524.52,465
2026-02-02 13:40:00,22524.52,22525.95,22520.63,22523.31,3672
2026-02-02 13:45:00,22523.31,22524.56,22517.32,22517.63,298
2026-02-02 13:50:00,22517.63,22518.97,22499.83,22503.7,688
2026-02-02 13:55:00,22503.7,22504.67,22488.44,22489.3,3528
2026-02-02 14:00:00,22489.3,22510.61,22487.43,22508.43,494
2026-02-02 14:05:00,22508.43,22532.21,22507.25,22530.08,3335
2026-02-02 14:10:00,22530.08,22535.24,22529.77,22532.27,3317
2026-02-02 14:15:00,22532.27,22533.35,22522.01,22525.04,2470
2026-02-02 14:20:00,22525.04,22545.09,22524.0,22541.61,292
2026-02-02 14:25:00,22541.61,22543.27,22531.3,22531.93,4448
2026-02-02 14:30:00,22531.93,22536.39,22523.54,22526.5,1941
2026-02-02 14:35:00,22526.5,22527.05,22517.16,22517.57,1837
2026-02-02 14:40:00,22517.57,22521.07,22516.05,22518.76,668
2026-02-02 14:45:00,22518.76,22520.06,22511.5,22513.91,32165
2026-02-02 14:50:00,22513.91,22523.01,22510.83,22522.36,24528
2026-02-02 14:55:00,22522.36,22534.67,22520.52,22533.32,1811
2026-02-02 15:00:00,22533.32,22546.36,22529.37,22545.34,9693
2026-02-02 15:05:00,22545.34,22560.64,22544.52,22559.72,696
2026-02-02 15:10:00,22559.72,22568.27,22554.92,22566.47,6142
2026-02-02 15:15:00,22566.47,22573.2,22565.38,22572.26,1686
2026-02-02 15:20:00,22572.26,22573.54,22571.56,22573.19,3276
2026-02-02 15:25:00,22573.19,22573.95,22568.03,22570.18,3878
2026-02-02 15:30:00,22570.18,22575.88,22569.34,22572.96,6605
2026-02-03 09:15:00,22430.08,22451.34,22428.51,22446.76,8683
2026-02-03 09:20:00,22446.76,22451.45,22445.66,22451.1,10962
2026-02-03 09:25:00,22451.1,22451.69,22444.92,22445.29,577
2026-02-03 09:30:00,22445.29,22452.15,22442.29,22451.03,1327
2026-02-03 09:35:00,22451.03,22453.08,22444.33,22444.64,23708
2026-02-03 09:40:00,22444.64,22446.38,22433.62,22439.3,5084
2026-02-03 09:45:00,22439.3,22447.58,22436.46,22446.2,7177
2026-02-03 09:50:00,22446.2,22449.17,22444.43,22448.65,8442
2026-02-03 09:55:00,22448.65,22452.91,22440.64,22440.87,475
2026-02-03 10:00:00,22440.87,22441.42,22431.93,22436.76,790
2026-02-03 10:05:00,22436.76,22437.83,22434.83,22435.83,1362
2026-02-03 10:10:00,22435.83,22436.22,22426.12,22426.71,1226
2026-02-03 10:15:00,22426.71,22429.08,22421.76,22422.4,543
2026-02-03 10:20:00,22422.4,22422.51,22416.03,22418.71,34165
2026-02-03 10:25:00,22418.71,22428.51,22417.92,22425.65,128
2026-02-03 10:30:00,22425.65,22439.66,22424.08,22437.93,3768
2026-02-03 10:35:00,22437.93,22451.06,22436.12,22448.96,1867
2026-02-03 10:40:00,22448.96,22449.65,22446.07,22446.33,11316
2026-02-03 10:45:00,22446.33,22454.16,22441.28,22452.98,3611
2026-02-03 10:50:00,22452.98,22453.31,22450.6,22452.11,408
2026-02-03 10:55:00,22452.11,22456.52,22450.96,22455.81,1089
2026-02-03 11:00:00,22455.81,22469.14,22455.22,22467.14,2164
2026-02-03 11:05:00,22467.14,22474.74,22466.66,22473.96,14246
2026-02-03 11:10:00,22473.96,22487.87,22471.86,22485.37,924
2026-02-03 11:15:00,22485.37,22485.49,22472.15,22473.35,2886
2026-02-03 11:20:00,22473.35,22475.6,22468.8,22469.08,4986
2026-02-03 11:25:00,22469.08,22478.56,22464.96,22478.31,1522
2026-02-03 11:30:00,22478.31,22496.24,22477.28,22494.29,1137
2026-02-03 11:35:00,22494.29,22504.21,22493.71,22503.25,1123
2026-02-03 11:40:00,22503.25,22512.06,22499.88,22510.75,669
2026-02-03 11:45:00,22510.75,22512.65,22498.8,22499.98,2948
2026-02-03 11:50:00,22499.98,22502.61,22497.25,22497.41,19878
2026-02-03 11:55:00,22497.41,22505.89,22495.18,22505.43,608
2026-02-03 12:00:00,22505.43,22506.22,22502.57,22502.83,2058
2026-02-03 12:05:00,22502.83,22506.99,22491.59,22493.22,4293
2026-02-03 12:10:00,22493.22,22501.31,22491.8,22500.44,3010
2026-02-03 12:15:00,22500.44,22507.73,22498.83,22507.27,658
2026-02-03 12:20:00,22507.27,22507.41,22503.53,22505.98,4070
2026-02-03 12:25:00,22505.98,22522.64,22505.72,22519.95,3901
2026-02-03 12:30:00,22519.95,22526.54,22516.58,22524.91,3039
2026-02-03 12:35:00,22524.91,22524.94,22515.59,22516.21,193852
2026-02-03 12:40:00,22516.21,22524.71,22515.99,22524.61,12414
2026-02-03 12:45:00,22524.61,22538.43,22523.33,22532.6,3108
2026-02-03 12:50:00,22532.6,22534.36,22517.62,22522.11,6871
2026-02-03 12:55:00,22522.11,22534.53,22520.45,22530.92,183
2026-02-03 13:00:00,22530.92,22536.67,22528.17,22536.17,2651
2026-02-03 13:05:00,22536.17,22542.29,22534.6,22541.99,2131
2026-02-03 13:10:00,22541.99,22545.85,22541.55,22541.84,396
2026-02-03 13:15:00,22541.84,22550.23,22539.81,22547.11,1613
2026-02-03 13:20:00,22547.11,22547.7,22541.03,22542.77,4528
2026-02-03 13:25:00,22542.77,22543.88,22536.1,22536.91,540
2026-02-03 13:30:00,22536.91,22537.4,22526.74,22526.79,3839
2026-02-03 13:35:00,22526.79,22529.53,22525.58,22529.41,3450
2026-02-03 13:40:00,22529.41,22532.91,22509.5,22513.36,2981
2026-02-03 13:45:00,22513.36,22521.65,22513.24,22520.96,1510
2026-02-03 13:50:00,22520.96,22541.19,22519.89,22540.69,250
2026-02-03 13:55:00,22540.69,22556.8,22539.2,22556.48,10764
2026-02-03 14:00:00,22556.48,22557.82,22551.56,22552.77,674
2026-02-03 14:05:00,22552.77,22562.4,22551.74,22562.09,5521
2026-02-03 14:10:00,22562.09,22570.31,22560.92,22567.19,1832
2026-02-03 14:15:00,22567.19,22568.05,22558.17,22560.54,22421
2026-02-03 14:20:00,22560.54,22561.12,22556.94,22557.83,7569
2026-02-03 14:25:00,22557.83,22561.47,22548.95,22550.8,12443
2026-02-03 14:30:00,22550.8,22561.5,22548.75,22560.43,2420
2026-02-03 14:35:00,22560.43,22561.26,22546.88,22547.22,2805
2026-02-03 14:40:00,22547.22,22557.77,22546.72,22556.85,3080
2026-02-03 14:45:00,22556.85,22557.38,22537.16,22542.13,1238
2026-02-03 14:50:00,22542.13,22549.87,22540.94,22548.97,3169
2026-02-03 14:55:00,22548.97,22548.98,22534.51,22540.37,47510
2026-02-03 15:00:00,22540.37,22541.12,22538.42,22540.8,895
2026-02-03 15:05:00,22540.8,22544.74,22538.99,22543.69,31398
2026-02-03 15:10:00,22543.69,22546.56,22540.33,22546.35,9149
2026-02-03 15:15:00,22546.35,22547.19,22535.29,22537.2,13969
2026-02-03 15:20:00,22537.2,22538.02,22532.07,22533.47,494
2026-02-03 15:25:00,22533.47,22536.7,22527.03,22528.39,5387
2026-02-03 15:30:00,22528.39,22534.79,22526.0,22532.88,3230
2026-02-04 09:15:00,22453.21,22453.78,22448.61,22452.03,5647
2026-02-04 09:20:00,22452.03,22470.33,22448.62,22467.79,594
2026-02-04 09:25:00,22467.79,22473.4,22464.47,22472.54,28113
2026-02-04 09:30:00,22472.54,22474.65,22469.36,22470.19,902
2026-02-04 09:35:00,22470.19,22470.63,22461.18,22464.64,1097
2026-02-04 09:40:00,22464.64,22479.61,22463.85,22477.91,9156
2026-02-04 09:45:00,22477.91,22480.59,22476.78,22478.02,245
2026-02-04 09:50:00,22478.02,22481.96,22477.44,22480.39,3602
2026-02-04 09:55:00,22480.39,22483.15,22472.39,22475.49,297
2026-02-04 10:00:00,22475.49,22485.82,22474.16,22480.84,945
2026-02-04 10:05:00,22480.84,22484.55,22477.78,22478.58,441
2026-02-04 10:10:00,22478.58,22488.89,22478.39,22487.64,2997
2026-02-04 10:15:00,22487.64,22489.67,22486.79,22489.6,4986
2026-02-04 10:20:00,22489.6,22494.86,22488.74,22493.33,17811
2026-02-04 10:25:00,22493.33,22500.84,22492.98,22498.97,731
2026-02-04 10:30:00,22498.97,22499.61,22490.61,22492.5,194632
2026-02-04 10:35:00,22492.5,22502.69,22490.96,22500.35,90923
2026-02-04 10:40:00,22500.35,22500.45,22496.72,22498.64,31183
2026-02-04 10:45:00,22498.64,22504.19,22496.65,22502.64,4725
2026-02-04 10:50:00,22502.64,22504.66,22501.54,22502.99,2004
2026-02-04 10:55:00,22502.99,22503.31,22497.54,22498.64,2452
2026-02-04 11:00:00,22498.64,22500.57,22497.38,22498.77,1710
2026-02-04 11:05:00,22498.77,22499.48,22491.55,22492.04,3376
2026-02-04 11:10:00,22492.04,22497.21,22489.43,22495.42,4574
2026-02-04 11:15:00,22495.42,22495.95,22484.85,22486.86,37997
2026-02-04 11:20:00,22486.86,22504.06,22485.14,22502.76,4343
2026-02-04 11:25:00,22502.76,22508.88,22502.61,22505.69,794
2026-02-04 11:30:00,22505.69,22508.06,22501.79,22507.94,11789
2026-02-04 11:35:00,22507.94,22510.75,22504.59,22510.21,2849
2026-02-04 11:40:00,22510.21,22512.95,22509.41,22512.87,3148
2026-02-04 11:45:00,22512.87,22515.96,22496.47,22497.17,31329
2026-02-04 11:50:00,22497.17,22501.4,22494.29,22499.96,9670
2026-02-04 11:55:00,22499.96,22501.24,22494.64,22495.42,6108
2026-02-04 12:00:00,22495.42,22496.46,22495.18,22495.69,1149
2026-02-04 12:05:00,22495.69,22500.46,22487.62,22487.98,29116
2026-02-04 12:10:00,22487.98,22494.28,22486.51,22493.82,13306
2026-02-04 12:15:00,22493.82,22496.97,22490.91,22492.87,967
2026-02-04 12:20:00,22492.87,22495.83,22484.22,22486.09,3480
2026-02-04 12:25:00,22486.09,22493.8,22478.24,22480.39,238
2026-02-04 12:30:00,22480.39,22485.17,22476.16,22485.11,13298
2026-02-04 12:35:00,22485.11,22486.51,22478.06,22481.07,325
2026-02-04 12:40:00,22481.07,22482.86,22480.38,22482.6,5065
2026-02-04 12:45:00,22482.6,22485.03,22482.32,22484.11,5577
2026-02-04 12:50:00,22484.11,22486.18,22484.1,22484.86,1020
2026-02-04 12:55:00,22484.86,22485.53,22478.38,22478.62,3142
2026-02-04 13:00:00,22478.62,22486.94,22478.22,22485.95,3558
2026-02-04 13:05:00,22485.95,22486.09,22479.07,22481.08,3943
2026-02-04 13:10:00,22481.08,22484.3,22477.14,22482.89,1127
2026-02-04 13:15:00,22482.89,22484.61,22469.32,22469.55,1892
2026-02-04 13:20:00,22469.55,22473.29,22464.48,22465.18,6799
2026-02-04 13:25:00,22465.18,22467.03,22462.39,22466.49,2046
2026-02-04 13:30:00,22466.49,22468.22,22453.84,22454.83,3505
2026-02-04 13:35:00,22454.83,22459.34,22454.79,22458.6,2446
2026-02-04 13:40:00,22458.6,22460.97,22451.04,22453.86,102880
2026-02-04 13:45:00,22453.86,22464.44,22453.42,22460.88,2315
2026-02-04 13:50:00,22460.88,22466.0,22460.82,22464.02,2485
2026-02-04 13:55:00,22464.02,22465.77,22456.28,22458.12,233
2026-02-04 14:00:00,22458.12,22463.53,22457.68,22461.94,3224
2026-02-04 14:05:00,22461.94,22472.66,22460.74,22471.25,1417
2026-02-04 14:10:00,22471.25,22483.16,22468.46,22480.57,13485
2026-02-04 14:15:00,22480.57,22490.23,22479.8,22487.12,2789
2026-02-04 14:20:00,22487.12,22497.68,22482.63,22496.28,12557
2026-02-04 14:25:00,22496.28,22499.86,22495.12,22497.51,345
2026-02-04 14:30:00,22497.51,22499.36,22495.78,22495.79,13802
2026-02-04 14:35:00,22495.79,22499.3,22495.62,22498.49,6052
2026-02-04 14:40:00,22498.49,22499.91,22496.95,22499.61,1557
2026-02-04 14:45:00,22499.61,22520.13,22496.66,22517.67,85
2026-02-04 14:50:00,22517.67,22520.07,22516.63,22518.28,13800
2026-02-04 14:55:00,22518.28,22519.09,22516.77,22518.76,1342
2026-02-04 15:00:00,22518.76,22520.1,22516.4,22516.47,52217
2026-02-04 15:05:00,22516.47,22523.27,22516.37,22522.02,11071
2026-02-04 15:10:00,22522.02,22522.58,22517.6,22519.44,14173
2026-02-04 15:15:00,22519.44,22525.73,22514.65,22521.76,9367
2026-02-04 15:20:00,22521.76,22524.2,22519.95,22522.31,4086
2026-02-04 15:25:00,22522.31,22530.07,22520.66,22526.61,745
2026-02-04 15:30:00,22526.61,22528.26,22523.61,22524.72,777
2026-02-05 09:15:00,22487.83,22489.5,22477.99,22478.22,1299
2026-02-05 09:20:00,22478.22,22485.91,22474.69,22485.34,2057
2026-02-05 09:25:00,22485.34,22487.76,22484.18,22484.36,28029
2026-02-05 09:30:00,22484.36,22493.39,22482.0,22488.69,11720
2026-02-05 09:35:00,22488.69,22500.12,22487.36,22496.3,1232
2026-02-05 09:40:00,22496.3,22499.78,22489.54,22489.57,2821
2026-02-05 09:45:00,22489.57,22495.12,22482.9,22493.98,1130
2026-02-05 09:50:00,22493.98,22494.78,22482.1,22482.68,3050
2026-02-05 09:55:00,22482.68,22483.3,22463.82,22466.05,24690
2026-02-05 10:00:00,22466.05,22474.47,22463.53,22471.8,8830
2026-02-05 10:05:00,22471.8,22475.85,22468.96,22470.87,1226
2026-02-05 10:10:00,22470.87,22473.77,22467.79,22473.64,2469
2026-02-05 10:15:00,22473.64,22476.79,22472.2,22473.51,10112
2026-02-05 10:20:00,22473.51,22475.52,22471.92,22471.93,8413
2026-02-05 10:25:00,22471.93,22485.71,22471.34,22482.76,677
2026-02-05 10:30:00,22482.76,22485.12,22479.77,22480.21,1785
2026-02-05 10:35:00,22480.21,22490.44,22478.74,22486.03,1003
2026-02-05 10:40:00,22486.03,22497.75,22485.57,22495.52,2459
2026-02-05 10:45:00,22495.52,22505.06,22495.28,22503.87,1297
2026-02-05 10:50:00,22503.87,22504.36,22487.99,22489.05,280
2026-02-05 10:55:00,22489.05,22489.55,22478.5,22479.18,674
2026-02-05 11:00:00,22479.18,22482.85,22471.83,22474.59,424
2026-02-05 11:05:00,22474.59,22478.99,22472.01,22478.92,908
2026-02-05 11:10:00,22478.92,22482.81,22475.05,22479.41,7291
2026-02-05 11:15:00,22479.41,22479.87,22463.11,22465.13,9136
2026-02-05 11:20:00,22465.13,22468.31,22458.8,22459.82,22323
2026-02-05 11:25:00,22459.82,22461.42,22453.47,22454.52,7026
2026-02-05 11:30:00,22454.52,22466.83,22451.52,22464.35,99707
2026-02-05 11:35:00,22464.35,22464.85,22461.55,22462.93,6216
2026-02-05 11:40:00,22462.93,22471.21,22459.45,22470.61,1826
2026-02-05 11:45:00,22470.61,22471.07,22467.58,22468.51,4196
2026-02-05 11:50:00,22468.51,22469.13,22457.48,22458.23,1247
2026-02-05 11:55:00,22458.23,22460.41,22455.96,22458.49,58
2026-02-05 12:00:00,22458.49,22473.58,22458.26,22472.47,1095
2026-02-05 12:05:00,22472.47,22473.93,22448.03,22449.46,12249
2026-02-05 12:10:00,22449.46,22454.92,22446.85,22454.6,1821
2026-02-05 12:15:00,22454.6,22464.05,22452.84,22463.28,659
2026-02-05 12:20:00,22463.28,22464.6,22453.28,22454.76,632
2026-02-05 12:25:00,22454.76,22461.13,22452.84,22460.47,6431
2026-02-05 12:30:00,22460.47,22460.63,22454.2,22454.45,750
2026-02-05 12:35:00,22454.45,22455.81,22441.54,22445.61,1605
2026-02-05 12:40:00,22445.61,22456.41,22443.83,22455.48,11541
2026-02-05 12:45:00,22455.48,22463.87,22452.72,22463.1,5258
2026-02-05 12:50:00,22463.1,22480.04,22462.4,22476.8,4559
2026-02-05 12:55:00,22476.8,22477.96,22466.33,22469.31,1117
2026-02-05 13:00:00,22469.31,22472.43,22452.86,22453.32,76904
2026-02-05 13:05:00,22453.32,22460.64,22452.15,22459.74,620
2026-02-05 13:10:00,22459.74,22464.07,22457.06,22463.93,306
2026-02-05 13:15:00,22463.93,22467.57,22451.83,22456.26,4054
2026-02-05 13:20:00,22456.26,22458.12,22454.39,22457.45,23453
2026-02-05 13:25:00,22457.45,22474.22,22457.28,22472.44,1518
2026-02-05 13:30:00,22472.44,22474.81,22466.45,22469.08,6001
2026-02-05 13:35:00,22469.08,22475.19,22467.29,22474.9,3719
2026-02-05 13:40:00,22474.9,22487.68,22474.2,22484.64,2676
2026-02-05 13:45:00,22484.64,22486.81,22461.63,22463.26,12361
2026-02-05 13:50:00,22463.26,22464.9,22455.97,22457.61,263
2026-02-05 13:55:00,22457.61,22458.33,22438.14,22441.04,359
2026-02-05 14:00:00,22441.04,22447.38,22439.46,22445.62,15727
2026-02-05 14:05:00,22445.62,22459.81,22444.72,22455.55,1346
2026-02-05 14:10:00,22455.55,22456.67,22446.11,22449.57,215
2026-02-05 14:15:00,22449.57,22455.62,22449.3,22454.64,796
2026-02-05 14:20:00,22454.64,22461.95,22454.47,22460.59,509
2026-02-05 14:25:00,22460.59,22462.27,22454.54,22457.19,1826
2026-02-05 14:30:00,22457.19,22457.51,22454.64,22455.19,1246
2026-02-05 14:35:00,22455.19,22457.58,22428.45,22432.04,1189
2026-02-05 14:40:00,22432.04,22432.31,22423.13,22423.51,13270
2026-02-05 14:45:00,22423.51,22425.53,22420.87,22423.94,10921
2026-02-05 14:50:00,22423.94,22430.86,22422.01,22428.74,46988
2026-02-05 14:55:00,22428.74,22430.16,22410.97,22414.79,910
2026-02-05 15:00:00,22414.79,22428.94,22413.7,22427.28,1368
2026-02-05 15:05:00,22427.28,22429.11,22424.78,22428.08,1503
2026-02-05 15:10:00,22428.08,22428.4,22414.27,22415.19,423
2026-02-05 15:15:00,22415.19,22418.0,22414.58,22417.57,779
2026-02-05 15:20:00,22417.57,22424.1,22415.91,22421.46,2070
2026-02-05 15:25:00,22421.46,22436.97,22419.31,22435.4,24974
2026-02-05 15:30:00,22435.4,22464.3,22432.56,22464.22,13615
2026-02-06 09:15:00,22499.8,22514.83,22498.8,22514.0,4815
2026-02-06 09:20:00,22514.0,22514.63,22509.41,22512.53,1455
2026-02-06 09:25:00,22512.53,22512.88,22509.64,22510.1,168
2026-02-06 09:30:00,22510.1,22511.47,22502.58,22505.46,527
2026-02-06 09:35:00,22505.46,22505.52,22492.03,22496.18,1529
2026-02-06 09:40:00,22496.18,22498.92,22480.75,22482.29,35569
2026-02-06 09:45:00,22482.29,22492.49,22480.15,22491.2,2229
2026-02-06 09:50:00,22491.2,22491.89,22488.81,22490.36,9132
2026-02-06 09:55:00,22490.36,22493.17,22488.94,22492.49,2258
2026-02-06 10:00:00,22492.49,22492.6,22485.78,22485.95,4414
2026-02-06 10:05:00,22485.95,22500.35,22483.94,22500.08,4206
2026-02-06 10:10:00,22500.08,22500.32,22498.06,22498.18,4535
2026-02-06 10:15:00,22498.18,22501.11,22489.19,22490.5,11466
2026-02-06 10:20:00,22490.5,22496.78,22488.97,22496.47,8691
2026-02-06 10:25:00,22496.47,22504.49,22494.27,22502.77,1664
2026-02-06 10:30:00,22502.77,22503.25,22498.87,22502.63,39440
2026-02-06 10:35:00,22502.63,22502.97,22497.95,22500.44,88
2026-02-06 10:40:00,22500.44,22501.21,22495.67,22496.34,2297
2026-02-06 10:45:00,22496.34,22509.27,22494.43,22507.92,3199
2026-02-06 10:50:00,22507.92,22512.08,22493.67,22496.72,5113
2026-02-06 10:55:00,22496.72,22497.4,22495.99,22496.98,60936
2026-02-06 11:00:00,22496.98,22498.83,22490.39,22490.39,2720
2026-02-06 11:05:00,22490.39,22502.73,22489.92,22499.81,9885
2026-02-06 11:10:00,22499.81,22502.73,22499.4,22502.72,1062
2026-02-06 11:15:00,22502.72,22503.88,22498.47,22500.27,2584
2026-02-06 11:20:00,22500.27,22501.72,22483.49,22489.89,1419
2026-02-06 11:25:00,22489.89,22490.46,22485.93,22490.19,7061
2026-02-06 11:30:00,22490.19,22497.72,22489.46,22494.43,1436
2026-02-06 11:35:00,22494.43,22496.03,22484.53,22488.14,439
2026-02-06 11:40:00,22488.14,22495.42,22487.13,22495.14,2956
2026-02-06 11:45:00,22495.14,22504.49,22494.06,22504.48,837
2026-02-06 11:50:00,22504.48,22505.18,22495.74,22499.53,25454
2026-02-06 11:55:00,22499.53,22504.49,22496.73,22504.19,9818
2026-02-06 12:00:00,22504.19,22506.3,22485.16,22485.84,204
2026-02-06 12:05:00,22485.84,22487.24,22478.15,22478.66,1936
2026-02-06 12:10:00,22478.66,22480.31,22475.82,22476.35,1674
2026-02-06 12:15:00,22476.35,22478.4,22464.21,22465.55,583
2026-02-06 12:20:00,22465.55,22468.79,22464.5,22467.26,4392
2026-02-06 12:25:00,22467.26,22471.88,22464.5,22464.65,7530
2026-02-06 12:30:00,22464.65,22466.37,22446.94,22449.11,712
2026-02-06 12:35:00,22449.11,22454.51,22448.42,22452.44,2121
2026-02-06 12:40:00,22452.44,22454.66,22443.25,22447.39,3650
2026-02-06 12:45:00,22447.39,22455.59,22445.88,22454.91,519
2026-02-06 12:50:00,22454.91,22455.7,22448.58,22451.0,873
2026-02-06 12:55:00,22451.0,22452.0,22432.71,22434.73,277
2026-02-06 13:00:00,22434.73,22435.05,22425.09,22425.32,7271
2026-02-06 13:05:00,22425.32,22425.97,22413.1,22415.49,498
2026-02-06 13:10:00,22415.49,22429.44,22413.79,22427.3,1703
2026-02-06 13:15:00,22427.3,22428.3,22417.06,22418.14,2950
2026-02-06 13:20:00,22418.14,22429.96,22415.78,22427.09,452
2026-02-06 13:25:00,22427.09,22428.89,22414.45,22416.65,6908
2026-02-06 13:30:00,22416.65,22416.68,22409.49,22412.29,52157
2026-02-06 13:35:00,22412.29,22419.69,22411.7,22414.37,12114
2026-02-06 13:40:00,22414.37,22417.62,22413.66,22416.17,467
2026-02-06 13:45:00,22416.17,22416.81,22406.95,22409.08,944
2026-02-06 13:50:00,22409.08,22413.33,22405.9,22412.72,2800
2026-02-06 13:55:00,22412.72,22414.02,22394.41,22398.69,8678
2026-02-06 14:00:00,22398.69,22400.85,22390.48,22392.38,60172
2026-02-06 14:05:00,22392.38,22393.71,22389.45,22389.77,1853
2026-02-06 14:10:00,22389.77,22404.34,22387.4,22402.31,3580
2026-02-06 14:15:00,22402.31,22415.13,22402.14,22411.96,1858
2026-02-06 14:20:00,22411.96,22412.68,22408.65,22412.49,30598
2026-02-06 14:25:00,22412.49,22416.78,22408.36,22414.46,90
2026-02-06 14:30:00,22414.46,22421.86,22413.55,22420.62,6199
2026-02-06 14:35:00,22420.62,22421.72,22416.3,22416.49,2627
2026-02-06 14:40:00,22416.49,22418.13,22402.71,22403.91,1071
2026-02-06 14:45:00,22403.91,22418.25,22402.6,22413.56,27980
2026-02-06 14:50:00,22413.56,22420.39,22413.15,22419.32,61082
2026-02-06 14:55:00,22419.32,22421.4,22412.86,22415.13,2151
2026-02-06 15:00:00,22415.13,22418.48,22406.67,22407.1,12804
2026-02-06 15:05:00,22407.1,22409.39,22402.1,22404.72,763
2026-02-06 15:10:00,22404.72,22408.54,22403.51,22407.5,319
2026-02-06 15:15:00,22407.5,22409.55,22406.69,22407.49,6115
2026-02-06 15:20:00,22407.49,22409.43,22393.44,22398.11,10428
2026-02-06 15:25:00,22398.11,22398.75,22396.39,22396.81,952
2026-02-06 15:30:00,22396.81,22401.11,22393.03,22398.83,4143
2026-02-09 09:15:00,22451.06,22453.63,22445.91,22446.49,675
2026-02-09 09:20:00,22446.49,22450.02,22444.08,22445.38,382
2026-02-09 09:25:00,22445.38,22445.68,22432.43,22435.18,148
2026-02-09 09:30:00,22435.18,22440.08,22434.28,22439.44,4422
2026-02-09 09:35:00,22439.44,22440.77,22437.89,22438.92,29579
2026-02-09 09:40:00,22438.92,22440.96,22432.64,22434.91,812
2026-02-09 09:45:00,22434.91,22440.81,22434.03,22436.53,7831
2026-02-09 09:50:00,22436.53,22438.49,22421.99,22422.14,2403
2026-02-09 09:55:00,22422.14,22426.58,22419.62,22426.3,1841
2026-02-09 10:00:00,22426.3,22428.43,22416.97,22418.44,3116
2026-02-09 10:05:00,22418.44,22424.73,22414.4,22423.51,539
2026-02-09 10:10:00,22423.51,22425.14,22414.5,22415.34,13342
2026-02-09 10:15:00,22415.34,22425.52,22414.84,22424.93,1034
2026-02-09 10:20:00,22424.93,22426.05,22423.32,22425.64,9873
2026-02-09 10:25:00,22425.64,22425.95,22404.46,22407.23,1545
2026-02-09 10:30:00,22407.23,22416.95,22406.88,22416.34,541
2026-02-09 10:35:00,22416.34,22417.79,22405.78,22407.55,3101
2026-02-09 10:40:00,22407.55,22407.63,22395.21,22397.73,40712
2026-02-09 10:45:00,22397.73,22401.05,22393.51,22395.19,1970
2026-02-09 10:50:00,22395.19,22403.3,22393.43,22402.74,3253
2026-02-09 10:55:00,22402.74,22413.5,22400.67,22413.2,275
2026-02-09 11:00:00,22413.2,22414.02,22405.39,22407.03,554
2026-02-09 11:05:00,22407.03,22422.13,22402.36,22419.46,39667
2026-02-09 11:10:00,22419.46,22423.88,22419.35,22420.59,1668
2026-02-09 11:15:00,22420.59,22421.17,22408.74,22410.39,1020
2026-02-09 11:20:00,22410.39,22411.54,22404.61,22408.76,1334
2026-02-09 11:25:00,22408.76,22412.58,22408.06,22412.29,5673
2026-02-09 11:30:00,22412.29,22419.87,22411.84,22419.34,3254
2026-02-09 11:35:00,22419.34,22421.16,22418.11,22418.23,4280
2026-02-09 11:40:00,22418.23,22421.81,22417.77,22421.45,2736
2026-02-09 11:45:00,22421.45,22422.08,22416.58,22417.02,3908
2026-02-09 11:50:00,22417.02,22426.45,22415.83,22425.03,3133
2026-02-09 11:55:00,22425.03,22441.63,22423.64,22441.2,3050
2026-02-09 12:00:00,22441.2,22442.24,22428.33,22430.09,1557
2026-02-09 12:05:00,22430.09,22430.15,22410.14,22412.33,3632
2026-02-09 12:10:00,22412.33,22426.28,22409.26,22424.74,1283
2026-02-09 12:15:00,22424.74,22426.83,22422.22,22423.59,742
2026-02-09 12:20:00,22423.59,22426.32,22408.95,22413.14,23276
2026-02-09 12:25:00,22413.14,22424.11,22410.91,22423.11,277
2026-02-09 12:30:00,22423.11,22424.36,22418.71,22418.72,623
2026-02-09 12:35:00,22418.72,22431.27,22418.27,22427.91,3512
2026-02-09 12:40:00,22427.91,22428.73,22414.81,22415.83,5076
2026-02-09 12:45:00,22415.83,22416.38,22410.88,22411.77,1963
2026-02-09 12:50:00,22411.77,22419.09,22411.62,22415.16,5039
2026-02-09 12:55:00,22415.16,22416.12,22409.69,22410.6,1453
2026-02-09 13:00:00,22410.6,22410.9,22406.39,22410.64,7937
2026-02-09 13:05:00,22410.64,22414.51,22405.94,22408.32,811
2026-02-09 13:10:00,22408.32,22409.15,22402.8,22406.7,859
2026-02-09 13:15:00,22406.7,22413.33,22403.96,22411.43,1508
2026-02-09 13:20:00,22411.43,22412.65,22401.02,22404.23,5566
2026-02-09 13:25:00,22404.23,22417.67,22402.39,22414.32,12180
2026-02-09 13:30:00,22414.32,22415.17,22401.99,22402.13,19233
2026-02-09 13:35:00,22402.13,22412.65,22401.53,22411.51,6390
2026-02-09 13:40:00,22411.51,22412.12,22408.62,22412.0,31080
2026-02-09 13:45:00,22412.0,22412.48,22410.71,22410.87,265
2026-02-09 13:50:00,22410.87,22414.07,22406.68,22408.18,71098
2026-02-09 13:55:00,22408.18,22418.36,22407.06,22417.55,753
2026-02-09 14:00:00,22417.55,22420.44,22414.2,22415.43,14642
2026-02-09 14:05:00,22415.43,22417.83,22400.61,22404.42,2928
2026-02-09 14:10:00,22404.42,22407.14,22397.62,22400.11,11862
2026-02-09 14:15:00,22400.11,22400.68,22394.93,22395.55,8447
2026-02-09 14:20:00,22395.55,22395.89,22390.95,22391.48,20540
2026-02-09 14:25:00,22391.48,22400.53,22391.05,22397.52,740
2026-02-09 14:30:00,22397.52,22403.91,22397.31,22402.06,1993
2026-02-09 14:35:00,22402.06,22403.03,22400.78,22402.62,479
2026-02-09 14:40:00,22402.62,22405.15,22385.22,22386.21,5134
2026-02-09 14:45:00,22386.21,22398.85,22382.74,22396.34,5304
2026-02-09 14:50:00,22396.34,22402.14,22395.62,22398.68,1635
2026-02-09 14:55:00,22398.68,22399.35,22387.34,22392.23,1227
2026-02-09 15:00:00,22392.23,22393.34,22386.27,22386.59,7772
2026-02-09 15:05:00,22386.59,22388.27,22365.08,22366.19,1875
2026-02-09 15:10:00,22366.19,22376.57,22364.73,22372.96,1142
2026-02-09 15:15:00,22372.96,22374.94,22364.74,22367.07,14073
2026-02-09 15:20:00,22367.07,22385.91,22365.48,22383.38,3686
2026-02-09 15:25:00,22383.38,22387.44,22378.29,22380.5,2245
2026-02-09 15:30:00,22380.5,22389.98,22380.0,22387.52,730
2026-02-10 09:15:00,22365.57,22373.66,22364.66,22371.85,2265
2026-02-10 09:20:00,22371.85,22374.17,22359.78,22361.72,2099
2026-02-10 09:25:00,22361.72,22372.45,22358.42,22370.33,1053
2026-02-10 09:30:00,22370.33,22375.39,22363.43,22364.56,2060
2026-02-10 09:35:00,22364.56,22367.26,22363.48,22363.66,1562
2026-02-10 09:40:00,22363.66,22370.35,22363.07,22368.24,8381
2026-02-10 09:45:00,22368.24,22368.4,22366.84,22367.07,963
2026-02-10 09:50:00,22367.07,22369.83,22358.51,22362.53,32477
2026-02-10 09:55:00,22362.53,22365.37,22349.56,22351.94,3646
2026-02-10 10:00:00,22351.94,22353.12,22326.66,22329.47,13012
2026-02-10 10:05:00,22329.47,22330.34,22324.26,22325.4,12123
2026-02-10 10:10:00,22325.4,22325.87,22320.0,22321.13,404
2026-02-10 10:15:00,22321.13,22321.72,22316.85,22319.37,7856
2026-02-10 10:20:00,22319.37,22324.63,22317.84,22323.24,152
2026-02-10 10:25:00,22323.24,22328.31,22321.46,22326.98,452
2026-02-10 10:30:00,22326.98,22330.13,22323.77,22324.78,581
2026-02-10 10:35:00,22324.78,22330.34,22320.54,22329.99,8050
2026-02-10 10:40:00,22329.99,22352.22,22327.52,22347.02,41
2026-02-10 10:45:00,22347.02,22349.0,22346.21,22346.42,24052
2026-02-10 10:50:00,22346.42,22356.47,22344.1,22353.06,1628
2026-02-10 10:55:00,22353.06,22355.33,22352.6,22353.6,3270
2026-02-10 11:00:00,22353.6,22356.28,22352.26,22352.92,736
2026-02-10 11:05:00,22352.92,22354.23,22343.15,22345.96,2204
2026-02-10 11:10:00,22345.96,22357.17,22345.81,22356.58,2824
2026-02-10 11:15:00,22356.58,22358.29,22347.95,22348.34,4477
2026-02-10 11:20:00,22348.34,22356.11,22345.64,22355.93,33116
2026-02-10 11:25:00,22355.93,22364.74,22353.95,22362.29,531
2026-02-10 11:30:00,22362.29,22369.12,22361.71,22366.43,9478
2026-02-10 11:35:00,22366.43,22378.25,22365.13,22377.74,4820
2026-02-10 11:40:00,22377.74,22378.09,22369.14,22369.15,2858
2026-02-10 11:45:00,22369.15,22371.53,22367.7,22369.86,971
2026-02-10 11:50:00,22369.86,22370.55,22355.11,22356.9,9842
2026-02-10 11:55:00,22356.9,22358.52,22353.31,22354.8,7772
2026-02-10 12:00:00,22354.8,22360.03,22354.75,22356.54,2027
2026-02-10 12:05:00,22356.54,22359.66,22352.02,22353.34,2544
2026-02-10 12:10:00,22353.34,22361.1,22352.56,22357.42,89
2026-02-10 12:15:00,22357.42,22361.6,22355.96,22361.27,5409
2026-02-10 12:20:00,22361.27,22369.45,22360.67,22367.56,27313
2026-02-10 12:25:00,22367.56,22367.69,22356.54,22361.79,322
2026-02-10 12:30:00,22361.79,22365.5,22359.06,22363.05,3333
2026-02-10 12:35:00,22363.05,22364.95,22357.6,22360.04,5682
2026-02-10 12:40:00,22360.04,22360.49,22354.67,22354.81,2043
2026-02-10 12:45:00,22354.81,22358.72,22354.54,22358.63,1746
2026-02-10 12:50:00,22358.63,22359.7,22356.65,22359.25,1764
2026-02-10 12:55:00,22359.25,22359.33,22349.63,22350.81,9472
2026-02-10 13:00:00,22350.81,22358.04,22350.81,22356.19,7768
2026-02-10 13:05:00,22356.19,22357.65,22352.61,22354.79,10736
2026-02-10 13:10:00,22354.79,22362.43,22353.26,22362.01,34
2026-02-10 13:15:00,22362.01,22372.95,22361.73,22372.63,1843
2026-02-10 13:20:00,22372.63,22385.92,22369.68,22383.8,5401
2026-02-10 13:25:00,22383.8,22389.44,22381.18,22388.78,12037
2026-02-10 13:30:00,22388.78,22394.0,22388.39,22391.27,1589
2026-02-10 13:35:00,22391.27,22406.2,22391.25,22402.38,963
2026-02-10 13:40:00,22402.38,22409.37,22401.18,22408.86,2020
2026-02-10 13:45:00,22408.86,22422.77,22407.9,22421.37,1432
2026-02-10 13:50:00,22421.37,22422.2,22417.64,22419.12,11819
2026-02-10 13:55:00,22419.12,22423.8,22418.84,22423.58,11459
2026-02-10 14:00:00,22423.58,22436.4,22423.04,22431.02,2129
2026-02-10 14:05:00,22431.02,22436.5,22429.58,22436.37,591
2026-02-10 14:10:00,22436.37,22440.25,22433.42,22438.45,129374
2026-02-10 14:15:00,22438.45,22447.98,22436.79,22447.98,2292
2026-02-10 14:20:00,22447.98,22449.53,22444.98,22448.65,1459
2026-02-10 14:25:00,22448.65,22455.74,22447.82,22453.15,5245
2026-02-10 14:30:00,22453.15,22460.19,22452.27,22458.68,26657
2026-02-10 14:35:00,22458.68,22468.39,22454.21,22467.98,128887
2026-02-10 14:40:00,22467.98,22468.6,22466.77,22467.82,5242
2026-02-10 14:45:00,22467.82,22472.81,22465.96,22470.91,1865
2026-02-10 14:50:00,22470.91,22487.6,22470.56,22487.15,726
2026-02-10 14:55:00,22487.15,22493.26,22485.4,22491.2,2021
2026-02-10 15:00:00,22491.2,22497.43,22489.06,22494.09,919
2026-02-10 15:05:00,22494.09,22494.68,22472.13,22473.72,581
2026-02-10 15:10:00,22473.72,22474.25,22473.44,22473.65,1316
2026-02-10 15:15:00,22473.65,22484.27,22471.89,22483.98,11803
2026-02-10 15:20:00,22483.98,22486.55,22471.88,22473.86,23972
2026-02-10 15:25:00,22473.86,22474.86,22472.43,22472.6,2626
2026-02-10 15:30:00,22472.6,22473.7,22466.64,22467.38,515
2026-02-11 09:15:00,22483.9,22484.51,22481.26,22483.48,522
2026-02-11 09:20:00,22483.48,22500.22,22482.26,22498.97,3804
2026-02-11 09:25:00,22498.97,22502.55,22475.4,22476.77,942
2026-02-11 09:30:00,22476.77,22479.06,22472.89,22476.54,763
2026-02-11 09:35:00,22476.54,22478.0,22472.19,22472.35,23282
2026-02-11 09:40:00,22472.35,22487.47,22471.6,22486.67,3370
2026-02-11 09:45:00,22486.67,22491.51,22476.09,22478.82,3958
2026-02-11 09:50:00,22478.82,22493.9,22478.65,22491.47,4860
2026-02-11 09:55:00,22491.47,22505.46,22488.12,22503.57,2126
2026-02-11 10:00:00,22503.57,22515.78,22502.89,22515.77,2831
2026-02-11 10:05:00,22515.77,22516.31,22508.75,22511.51,92
2026-02-11 10:10:00,22511.51,22512.96,22499.44,22501.6,28709
2026-02-11 10:15:00,22501.6,22512.84,22500.32,22511.66,22083
2026-02-11 10:20:00,22511.66,22515.94,22497.59,22498.96,2012
2026-02-11 10:25:00,22498.96,22501.1,22491.67,22495.52,9733
2026-02-11 10:30:00,22495.52,22507.69,22495.16,22505.24,6512
2026-02-11 10:35:00,22505.24,22509.73,22503.09,22507.41,3577
2026-02-11 10:40:00,22507.41,22511.12,22498.56,22499.77,117675
2026-02-11 10:45:00,22499.77,22500.11,22489.43,22491.65,443
2026-02-11 10:50:00,22491.65,22493.37,22485.84,22487.81,21769
2026-02-11 10:55:00,22487.81,22490.76,22486.92,22489.08,1157
2026-02-11 11:00:00,22489.08,22489.29,22480.11,22481.26,6219
2026-02-11 11:05:00,22481.26,22481.38,22481.03,22481.2,425
2026-02-11 11:10:00,22481.2,22483.65,22478.5,22482.48,5198
2026-02-11 11:15:00,22482.48,22482.93,22475.89,22477.58,716
2026-02-11 11:20:00,22477.58,22481.94,22474.52,22478.32,388
2026-02-11 11:25:00,22478.32,22481.0,22473.73,22474.2,494
2026-02-11 11:30:00,22474.2,22481.29,22472.94,22479.91,1356
2026-02-11 11:35:00,22479.91,22480.32,22472.64,22476.42,2270
2026-02-11 11:40:00,22476.42,22492.49,22475.26,22490.7,505
2026-02-11 11:45:00,22490.7,22498.0,22488.34,22495.59,458
2026-02-11 11:50:00,22495.59,22502.46,22494.57,22499.59,6109
2026-02-11 11:55:00,22499.59,22500.03,22493.35,22495.82,4877
2026-02-11 12:00:00,22495.82,22496.73,22483.41,22485.83,4851
2026-02-11 12:05:00,22485.83,22487.89,22483.45,22486.78,36084
2026-02-11 12:10:00,22486.78,22499.78,22486.07,22496.89,1407
2026-02-11 12:15:00,22496.89,22496.97,22492.78,22495.64,17134
2026-02-11 12:20:00,22495.64,22502.81,22492.26,22499.95,4275
2026-02-11 12:25:00,22499.95,22507.15,22496.12,22506.99,587
2026-02-11 12:30:00,22506.99,22508.32,22495.92,22497.32,6564
2026-02-11 12:35:00,22497.32,22500.42,22492.17,22493.95,212
2026-02-11 12:40:00,22493.95,22497.19,22484.96,22485.38,3940
2026-02-11 12:45:00,22485.38,22502.54,22482.5,22500.71,4595
2026-02-11 12:50:00,22500.71,22500.97,22491.71,22492.89,8567
2026-02-11 12:55:00,22492.89,22493.87,22487.25,22489.12,623
2026-02-11 13:00:00,22489.12,22489.16,22477.83,22480.19,1576
2026-02-11 13:05:00,22480.19,22489.47,22479.18,22487.41,3319
2026-02-11 13:10:00,22487.41,22490.39,22485.84,22489.39,7227
2026-02-11 13:15:00,22489.39,22498.67,22488.36,22498.51,1070
2026-02-11 13:20:00,22498.51,22501.72,22497.37,22500.96,1521
2026-02-11 13:25:00,22500.96,22501.36,22492.67,22495.49,4696
2026-02-11 13:30:00,22495.49,22502.07,22491.65,22500.91,3060
2026-02-11 13:35:00,22500.91,22501.47,22488.29,22488.42,5845
2026-02-11 13:40:00,22488.42,22490.44,22484.17,22486.36,1118
2026-02-11 13:45:00,22486.36,22488.63,22480.43,22481.89,8015
2026-02-11 13:50:00,22481.89,22496.59,22479.28,22495.08,12851
2026-02-11 13:55:00,22495.08,22502.42,22494.8,22501.75,1586
2026-02-11 14:00:00,22501.75,22501.88,22498.57,22499.99,5625
2026-02-11 14:05:00,22499.99,22500.1,22497.83,22498.7,8111
2026-02-11 14:10:00,22498.7,22500.85,22484.33,22486.55,2720
2026-02-11 14:15:00,22486.55,22487.07,22482.63,22483.15,6883
2026-02-11 14:20:00,22483.15,22483.2,22473.8,22474.29,5401
2026-02-11 14:25:00,22474.29,22477.1,22473.14,22476.07,725
2026-02-11 14:30:00,22476.07,22496.33,22475.7,22495.73,8240
2026-02-11 14:35:00,22495.73,22509.59,22493.73,22508.5,462
2026-02-11 14:40:00,22508.5,22523.32,22508.44,22521.24,688
2026-02-11 14:45:00,22521.24,22521.83,22507.78,22509.66,1056
2026-02-11 14:50:00,22509.66,22526.55,22507.79,22525.7,10270
2026-02-11 14:55:00,22525.7,22526.58,22524.4,22524.9,3837
2026-02-11 15:00:00,22524.9,22525.16,22518.93,22520.35,2304
2026-02-11 15:05:00,22520.35,22522.88,22512.96,22517.66,728
2026-02-11 15:10:00,22517.66,22532.72,22516.11,22532.1,123
2026-02-11 15:15:00,22532.1,22534.81,22523.63,22524.03,112750
2026-02-11 15:20:00,22524.03,22531.1,22523.52,22527.71,23093
2026-02-11 15:25:00,22527.71,22544.52,22526.63,22544.3,412
2026-02-11 15:30:00,22544.3,22544.46,22537.76,22541.83,427
2026-02-12 09:15:00,22452.98,22453.84,22437.85,22438.47,6430
2026-02-12 09:20:00,22438.47,22443.98,22437.31,22443.18,3192
2026-02-12 09:25:00,22443.18,22446.88,22433.7,22434.8,2435
2026-02-12 09:30:00,22434.8,22445.03,22434.4,22444.83,5315
2026-02-12 09:35:00,22444.83,22446.45,22438.71,22442.67,79712
2026-02-12 09:40:00,22442.67,22444.12,22439.51,22443.45,2380
2026-02-12 09:45:00,22443.45,22451.15,22442.82,22448.88,16884
2026-02-12 09:50:00,22448.88,22449.14,22439.99,22443.13,60394
2026-02-12 09:55:00,22443.13,22453.61,22442.12,22453.24,5398
2026-02-12 10:00:00,22453.24,22465.35,22451.77,22464.31,15004
2026-02-12 10:05:00,22464.31,22478.55,22463.11,22474.03,646
2026-02-12 10:10:00,22474.03,22479.26,22469.94,22475.23,77276
2026-02-12 10:15:00,22475.23,22480.42,22474.5,22480.17,3712
2026-02-12 10:20:00,22480.17,22489.42,22479.8,22488.15,4192
2026-02-12 10:25:00,22488.15,22490.71,22478.89,22479.78,13713
2026-02-12 10:30:00,22479.78,22483.96,22477.69,22480.7,585
2026-02-12 10:35:00,22480.7,22480.96,22470.37,22473.45,32520
2026-02-12 10:40:00,22473.45,22473.95,22448.55,22454.97,9823
2026-02-12 10:45:00,22454.97,22464.0,22454.8,22463.92,3329
2026-02-12 10:50:00,22463.92,22464.78,22457.18,22457.64,12033
2026-02-12 10:55:00,22457.64,22459.36,22453.66,22456.73,181
2026-02-12 11:00:00,22456.73,22468.15,22456.05,22467.23,43253
2026-02-12 11:05:00,22467.23,22468.49,22462.47,22462.73,3115
2026-02-12 11:10:00,22462.73,22480.96,22461.49,22477.83,26215
2026-02-12 11:15:00,22477.83,22478.43,22475.8,22476.4,430
2026-02-12 11:20:00,22476.4,22487.1,22476.37,22486.04,2969
2026-02-12 11:25:00,22486.04,22487.99,22473.31,22473.99,1347
2026-02-12 11:30:00,22473.99,22474.19,22470.88,22472.24,697
2026-02-12 11:35:00,22472.24,22472.54,22458.11,22459.34,253
2026-02-12 11:40:00,22459.34,22459.91,22457.17,22459.15,25165
2026-02-12 11:45:00,22459.15,22459.35,22455.74,22456.07,209
2026-02-12 11:50:00,22456.07,22466.05,22455.59,22464.14,7306
2026-02-12 11:55:00,22464.14,22477.98,22463.24,22475.82,23709
2026-02-12 12:00:00,22475.82,22480.88,22473.72,22479.53,1687
2026-02-12 12:05:00,22479.53,22481.25,22474.84,22478.19,1386
2026-02-12 12:10:00,22478.19,22489.14,22475.44,22489.03,3899
2026-02-12 12:15:00,22489.03,22491.58,22482.48,22482.91,12616
2026-02-12 12:20:00,22482.91,22484.99,22472.22,22474.36,4603
2026-02-12 12:25:00,22474.36,22474.45,22466.68,22467.91,4238
2026-02-12 12:30:00,22467.91,22474.74,22466.61,22472.71,527
2026-02-12 12:35:00,22472.71,22473.37,22470.84,22472.41,594
2026-02-12 12:40:00,22472.41,22483.28,22472.41,22480.58,3265
2026-02-12 12:45:00,22480.58,22481.66,22473.62,22474.44,25962
2026-02-12 12:50:00,22474.44,22477.08,22473.35,22473.86,10295
2026-02-12 12:55:00,22473.86,22476.8,22472.1,22473.66,617
2026-02-12 13:00:00,22473.66,22474.11,22465.91,22469.25,4937
2026-02-12 13:05:00,22469.25,22471.29,22453.34,22455.15,6356
2026-02-12 13:10:00,22455.15,22455.49,22448.72,22449.75,635
2026-02-12 13:15:00,22449.75,22451.14,22446.95,22447.04,26266
2026-02-12 13:20:00,22447.04,22454.48,22443.82,22453.16,1943
2026-02-12 13:25:00,22453.16,22453.53,22443.26,22444.65,1691
2026-02-12 13:30:00,22444.65,22454.09,22442.63,22453.14,270
2026-02-12 13:35:00,22453.14,22455.54,22450.13,22453.6,292
2026-02-12 13:40:00,22453.6,22455.67,22450.41,22450.79,760
2026-02-12 13:45:00,22450.79,22452.69,22435.01,22438.39,3254
2026-02-12 13:50:00,22438.39,22448.08,22437.87,22445.56,10592
2026-02-12 13:55:00,22445.56,22448.78,22444.77,22445.54,2746
2026-02-12 14:00:00,22445.54,22446.63,22444.11,22444.29,6404
2026-02-12 14:05:00,22444.29,22463.64,22441.26,22463.41,5098
2026-02-12 14:10:00,22463.41,22463.71,22460.17,22462.62,4716
2026-02-12 14:15:00,22462.62,22464.34,22446.46,22446.68,17871
2026-02-12 14:20:00,22446.68,22458.6,22446.37,22458.12,13050
2026-02-12 14:25:00,22458.12,22458.93,22445.83,22447.49,2303
2026-02-12 14:30:00,22447.49,22448.36,22442.72,22443.82,11345
2026-02-12 14:35:00,22443.82,22446.94,22440.11,22446.6,302
2026-02-12 14:40:00,22446.6,22460.75,22445.46,22460.17,1828
2026-02-12 14:45:00,22460.17,22461.14,22452.46,22454.55,6060
2026-02-12 14:50:00,22454.55,22461.77,22447.81,22450.21,12088
2026-02-12 14:55:00,22450.21,22451.46,22446.83,22447.39,15094
2026-02-12 15:00:00,22447.39,22449.52,22438.38,22439.46,4811
2026-02-12 15:05:00,22439.46,22441.64,22430.42,22433.3,5092
2026-02-12 15:10:00,22433.3,22435.89,22421.67,22422.39,8948
2026-02-12 15:15:00,22422.39,22429.41,22419.41,22427.15,4170
2026-02-12 15:20:00,22427.15,22441.22,22426.43,22438.56,100914
2026-02-12 15:25:00,22438.56,22445.52,22438.47,22443.43,923
2026-02-12 15:30:00,22443.43,22443.79,22436.01,22436.43,210
2026-02-13 09:15:00,22398.71,22400.16,22396.13,22396.16,2675
2026-02-13 09:20:00,22396.16,22396.21,22385.63,22388.27,3764
2026-02-13 09:25:00,22388.27,22390.77,22375.03,22376.21,2129
2026-02-13 09:30:00,22376.21,22377.43,22374.61,22375.61,1898
2026-02-13 09:35:00,22375.61,22377.32,22372.28,22374.12,2139
2026-02-13 09:40:00,22374.12,22381.37,22370.65,22378.98,20253
2026-02-13 09:45:00,22378.98,22380.59,22362.75,22363.7,411
2026-02-13 09:50:00,22363.7,22364.56,22362.28,22362.65,6689
2026-02-13 09:55:00,22362.65,22367.14,22355.14,22357.11,12883
2026-02-13 10:00:00,22357.11,22381.55,22355.6,22377.13,155
2026-02-13 10:05:00,22377.13,22392.16,22375.23,22391.19,9607
2026-02-13 10:10:00,22391.19,22391.79,22386.35,22386.76,40792
2026-02-13 10:15:00,22386.76,22402.48,22384.65,22401.28,5075
2026-02-13 10:20:00,22401.28,22402.67,22385.31,22389.98,5098
2026-02-13 10:25:00,22389.98,22398.4,22388.9,22397.98,3105
2026-02-13 10:30:00,22397.98,22400.96,22393.84,22395.85,8619
2026-02-13 10:35:00,22395.85,22395.9,22392.33,22392.8,4767
2026-02-13 10:40:00,22392.8,22404.17,22391.66,22401.98,9251
2026-02-13 10:45:00,22401.98,22412.69,22401.47,22409.86,39109
2026-02-13 10:50:00,22409.86,22410.83,22407.51,22409.07,640
2026-02-13 10:55:00,22409.07,22424.74,22408.03,22423.74,246
2026-02-13 11:00:00,22423.74,22431.11,22420.49,22430.1,1868
2026-02-13 11:05:00,22430.1,22431.46,22421.19,22422.2,556
2026-02-13 11:10:00,22422.2,22435.17,22421.8,22432.52,1653
2026-02-13 11:15:00,22432.52,22433.91,22414.69,22417.99,1146
2026-02-13 11:20:00,22417.99,22418.86,22413.61,22417.06,4022
2026-02-13 11:25:00,22417.06,22418.98,22414.21,22418.62,340
2026-02-13 11:30:00,22418.62,22420.65,22411.49,22412.16,1346
2026-02-13 11:35:00,22412.16,22412.43,22404.38,22407.78,2376
2026-02-13 11:40:00,22407.78,22407.83,22397.98,22401.49,1402
2026-02-13 11:45:00,22401.49,22402.49,22391.78,22392.04,8369
2026-02-13 11:50:00,22392.04,22402.19,22390.14,22400.1,1835
2026-02-13 11:55:00,22400.1,22408.09,22398.88,22405.57,1225
2026-02-13 12:00:00,22405.57,22414.16,22403.77,22413.11,22203
2026-02-13 12:05:00,22413.11,22415.48,22408.3,22410.66,189
2026-02-13 12:10:00,22410.66,22411.43,22405.42,22406.99,3057
2026-02-13 12:15:00,22406.99,22407.22,22400.99,22403.07,13878
2026-02-13 12:20:00,22403.07,22405.35,22395.15,22396.78,7053
2026-02-13 12:25:00,22396.78,22398.49,22381.51,22382.99,1700
2026-02-13 12:30:00,22382.99,22385.66,22382.1,22384.49,2766
2026-02-13 12:35:00,22384.49,22385.31,22380.85,22381.09,44713
2026-02-13 12:40:00,22381.09,22387.63,22380.14,22385.78,3204
2026-02-13 12:45:00,22385.78,22399.0,22384.99,22396.18,734
2026-02-13 12:50:00,22396.18,22396.68,22383.08,22387.69,6691
2026-02-13 12:55:00,22387.69,22389.14,22373.69,22374.94,868
2026-02-13 13:00:00,22374.94,22375.67,22370.47,22371.83,15331
2026-02-13 13:05:00,22371.83,22379.93,22369.72,22376.03,2351
2026-02-13 13:10:00,22376.03,22378.93,22375.94,22377.2,3216
2026-02-13 13:15:00,22377.2,22379.62,22377.03,22379.11,16135
2026-02-13 13:20:00,22379.11,22379.17,22378.37,22378.43,20882
2026-02-13 13:25:00,22378.43,22381.99,22367.22,22369.57,1117
2026-02-13 13:30:00,22369.57,22377.59,22366.76,22375.53,578
2026-02-13 13:35:00,22375.53,22382.44,22373.04,22377.75,2054
2026-02-13 13:40:00,22377.75,22377.91,22357.67,22358.4,1679
2026-02-13 13:45:00,22358.4,22358.72,22349.71,22351.59,49447
2026-02-13 13:50:00,22351.59,22365.04,22351.41,22363.73,1107
2026-02-13 13:55:00,22363.73,22367.0,22361.82,22363.56,4046
2026-02-13 14:00:00,22363.56,22372.04,22362.77,22370.95,12975
2026-02-13 14:05:00,22370.95,22376.81,22370.63,22375.09,2036
2026-02-13 14:10:00,22375.09,22376.42,22367.49,22370.7,759
2026-02-13 14:15:00,22370.7,22371.72,22360.05,22363.18,2353
2026-02-13 14:20:00,22363.18,22365.66,22360.0,22365.11,1257
2026-02-13 14:25:00,22365.11,22365.32,22361.06,22363.33,22385
2026-02-13 14:30:00,22363.33,22369.59,22362.97,22367.13,2300
2026-02-13 14:35:00,22367.13,22377.53,22365.66,22376.56,13308
2026-02-13 14:40:00,22376.56,22377.22,22373.1,22374.89,2609
2026-02-13 14:45:00,22374.89,22379.32,22373.32,22378.0,5309
2026-02-13 14:50:00,22378.0,22390.71,22377.1,22388.8,859
2026-02-13 14:55:00,22388.8,22398.99,22388.09,22396.97,81997
2026-02-13 15:00:00,22396.97,22407.23,22395.67,22405.82,13041
2026-02-13 15:05:00,22405.82,22406.21,22397.09,22397.85,1635
2026-02-13 15:10:00,22397.85,22404.04,22397.01,22401.57,2747
2026-02-13 15:15:00,22401.57,22405.15,22393.45,22395.01,2868
2026-02-13 15:20:00,22395.01,22397.36,22394.64,22395.39,15442
2026-02-13 15:25:00,22395.39,22395.45,22394.97,22395.4,466
2026-02-13 15:30:00,22395.4,22402.91,22393.52,22400.4,617
2026-02-16 09:15:00,22441.24,22441.24,22436.61,22438.42,13470
2026-02-16 09:20:00,22438.42,22445.44,22437.46,22445.09,1250
2026-02-16 09:25:00,22445.09,22447.89,22440.69,22442.61,10831
2026-02-16 09:30:00,22442.61,22448.29,22442.01,22445.02,1733
2026-02-16 09:35:00,22445.02,22445.66,22440.44,22441.76,4475
2026-02-16 09:40:00,22441.76,22443.01,22439.26,22441.99,51270
2026-02-16 09:45:00,22441.99,22452.44,22440.47,22451.33,48272
2026-02-16 09:50:00,22451.33,22458.58,22450.54,22457.41,7626
2026-02-16 09:55:00,22457.41,22457.98,22447.25,22449.45,193
2026-02-16 10:00:00,22449.45,22449.8,22438.74,22439.45,388
2026-02-16 10:05:00,22439.45,22441.76,22438.3,22438.43,12193
2026-02-16 10:10:00,22438.43,22440.05,22432.0,22433.7,5186
2026-02-16 10:15:00,22433.7,22435.3,22421.08,22424.21,744
2026-02-16 10:20:00,22424.21,22432.64,22424.21,22431.69,4637
2026-02-16 10:25:00,22431.69,22434.61,22414.71,22414.88,1005
2026-02-16 10:30:00,22414.88,22426.06,22413.75,22422.85,378
2026-02-16 10:35:00,22422.85,22424.98,22416.23,22420.03,399
2026-02-16 10:40:00,22420.03,22423.49,22415.86,22419.06,5442
2026-02-16 10:45:00,22419.06,22423.1,22418.76,22420.15,4143
2026-02-16 10:50:00,22420.15,22422.34,22419.17,22421.21,2161
2026-02-16 10:55:00,22421.21,22428.25,22420.98,22427.69,364
2026-02-16 11:00:00,22427.69,22441.0,22425.72,22439.68,3880
2026-02-16 11:05:00,22439.68,22442.18,22428.82,22429.33,22093
2026-02-16 11:10:00,22429.33,22430.74,22424.34,22427.87,1407
2026-02-16 11:15:00,22427.87,22428.62,22416.74,22417.68,1203
2026-02-16 11:20:00,22417.68,22426.31,22415.91,22424.6,21261
2026-02-16 11:25:00,22424.6,22433.39,22420.34,22432.7,7138
2026-02-16 11:30:00,22432.7,22434.66,22430.59,22431.7,25633
2026-02-16 11:35:00,22431.7,22432.64,22422.17,22422.6,1743
2026-02-16 11:40:00,22422.6,22431.02,22422.01,22427.76,2069
2026-02-16 11:45:00,22427.76,22434.57,22427.5,22432.74,1885
2026-02-16 11:50:00,22432.74,22434.29,22412.72,22414.99,8324
2026-02-16 11:55:00,22414.99,22415.56,22413.02,22413.04,808
2026-02-16 12:00:00,22413.04,22428.07,22409.81,22425.47,8309
2026-02-16 12:05:00,22425.47,22428.7,22423.87,22425.23,806
2026-02-16 12:10:00,22425.23,22426.28,22418.9,22420.42,2361
2026-02-16 12:15:00,22420.42,22421.38,22404.57,22407.61,736
2026-02-16 12:20:00,22407.61,22419.7,22406.86,22417.34,4507
2026-02-16 12:25:00,22417.34,22418.89,22412.37,22413.1,307
2026-02-16 12:30:00,22413.1,22415.21,22411.23,22415.12,31351
2026-02-16 12:35:00,22415.12,22421.35,22414.14,22419.97,2975
2026-02-16 12:40:00,22419.97,22425.3,22416.77,22424.99,2195
2026-02-16 12:45:00,22424.99,22426.26,22418.42,22420.95,11925
2026-02-16 12:50:00,22420.95,22422.23,22409.25,22410.55,6092
2026-02-16 12:55:00,22410.55,22418.11,22408.15,22417.81,776
2026-02-16 13:00:00,22417.81,22421.6,22409.72,22411.98,3516
2026-02-16 13:05:00,22411.98,22414.89,22401.49,22402.89,4340
2026-02-16 13:10:00,22402.89,22406.93,22393.56,22396.29,1521
2026-02-16 13:15:00,22396.29,22404.17,22396.01,22403.48,146
2026-02-16 13:20:00,22403.48,22414.09,22403.24,22413.64,16295
2026-02-16 13:25:00,22413.64,22425.93,22413.14,22423.62,661
2026-02-16 13:30:00,22423.62,22434.26,22419.72,22431.53,3108
2026-02-16 13:35:00,22431.53,22433.99,22420.49,22423.04,3679
2026-02-16 13:40:00,22423.04,22425.51,22422.28,22422.99,383
2026-02-16 13:45:00,22422.99,22427.81,22422.23,22427.71,431
2026-02-16 13:50:00,22427.71,22428.53,22424.67,22425.3,3829
2026-02-16 13:55:00,22425.3,22432.61,22421.58,22431.64,13182
2026-02-16 14:00:00,22431.64,22433.85,22424.07,22424.15,4691
2026-02-16 14:05:00,22424.15,22425.23,22419.12,22419.91,24954
2026-02-16 14:10:00,22419.91,22421.84,22417.97,22419.88,2046
2026-02-16 14:15:00,22419.88,22422.76,22419.64,22421.79,843
2026-02-16 14:20:00,22421.79,22423.25,22416.1,22418.4,1482
2026-02-16 14:25:00,22418.4,22424.93,22418.01,22423.18,1608
2026-02-16 14:30:00,22423.18,22424.23,22409.96,22412.6,139766
2026-02-16 14:35:00,22412.6,22415.79,22410.76,22415.69,177
2026-02-16 14:40:00,22415.69,22421.81,22413.15,22417.11,15912
2026-02-16 14:45:00,22417.11,22419.79,22412.26,22419.07,9355
2026-02-16 14:50:00,22419.07,22420.47,22413.79,22414.44,1744
2026-02-16 14:55:00,22414.44,22414.46,22407.58,22408.69,3465
2026-02-16 15:00:00,22408.69,22409.12,22394.6,22396.8,1138
2026-02-16 15:05:00,22396.8,22401.15,22395.15,22397.94,6998
2026-02-16 15:10:00,22397.94,22401.5,22384.23,22386.64,1419
2026-02-16 15:15:00,22386.64,22387.04,22377.45,22380.34,147
2026-02-16 15:20:00,22380.34,22380.61,22376.48,22376.67,1185
2026-02-16 15:25:00,22376.67,22389.85,22374.39,22386.86,6185
2026-02-16 15:30:00,22386.86,22389.26,22377.32,22377.56,613
2026-02-17 09:15:00,22443.35,22445.07,22433.54,22437.75,3675
2026-02-17 09:20:00,22437.75,22438.08,22426.75,22427.77,2186
2026-02-17 09:25:00,22427.77,22428.16,22425.12,22426.57,19226
2026-02-17 09:30:00,22426.57,22427.03,22410.12,22411.79,6094
2026-02-17 09:35:00,22411.79,22413.41,22401.98,22403.99,7323
2026-02-17 09:40:00,22403.99,22404.5,22397.55,22398.07,104046
2026-02-17 09:45:00,22398.07,22402.2,22395.15,22400.58,1970
2026-02-17 09:50:00,22400.58,22405.0,22398.2,22399.63,4656
2026-02-17 09:55:00,22399.63,22401.57,22392.25,22395.37,8228
2026-02-17 10:00:00,22395.37,22404.59,22392.24,22402.68,4778
2026-02-17 10:05:00,22402.68,22405.49,22396.5,22397.33,767
2026-02-17 10:10:00,22397.33,22405.72,22395.03,22404.7,1005
2026-02-17 10:15:00,22404.7,22404.84,22399.64,22401.65,8401
2026-02-17 10:20:00,22401.65,22402.58,22398.1,22402.06,20702
2026-02-17 10:25:00,22402.06,22405.17,22398.09,22398.49,62188
2026-02-17 10:30:00,22398.49,22406.2,22397.26,22403.34,2312
2026-02-17 10:35:00,22403.34,22404.09,22393.61,22396.35,3006
2026-02-17 10:40:00,22396.35,22400.25,22392.46,22398.24,3278
2026-02-17 10:45:00,22398.24,22401.5,22391.59,22391.71,2016
2026-02-17 10:50:00,22391.71,22398.26,22389.32,22397.98,36536
2026-02-17 10:55:00,22397.98,22401.97,22397.65,22401.46,6069
2026-02-17 11:00:00,22401.46,22401.78,22389.13,22390.03,6380
2026-02-17 11:05:00,22390.03,22391.24,22380.78,22384.11,18889
2026-02-17 11:10:00,22384.11,22386.42,22357.6,22357.74,1030
2026-02-17 11:15:00,22357.74,22359.64,22348.33,22349.69,549
2026-02-17 11:20:00,22349.69,22351.77,22338.2,22338.85,3213
2026-02-17 11:25:00,22338.85,22343.43,22336.24,22343.3,6258
2026-02-17 11:30:00,22343.3,22344.59,22332.93,22335.26,1062
2026-02-17 11:35:00,22335.26,22336.61,22332.02,22332.37,3071
2026-02-17 11:40:00,22332.37,22351.13,22330.29,22347.45,588
2026-02-17 11:45:00,22347.45,22348.89,22331.91,22333.29,1227
2026-02-17 11:50:00,22333.29,22336.73,22329.03,22330.62,1491
2026-02-17 11:55:00,22330.62,22339.11,22329.71,22335.76,15217
2026-02-17 12:00:00,22335.76,22339.99,22329.64,22332.2,8976
2026-02-17 12:05:00,22332.2,22342.64,22329.18,22339.16,934
2026-02-17 12:10:00,22339.16,22340.56,22333.19,22335.08,2276
2026-02-17 12:15:00,22335.08,22339.09,22334.89,22338.94,720
2026-02-17 12:20:00,22338.94,22356.36,22338.11,22353.43,5244
2026-02-17 12:25:00,22353.43,22365.44,22353.16,22362.67,6605
2026-02-17 12:30:00,22362.67,22376.92,22360.53,22376.79,1674
2026-02-17 12:35:00,22376.79,22377.53,22364.22,22366.35,2486
2026-02-17 12:40:00,22366.35,22368.39,22349.83,22353.38,293
2026-02-17 12:45:00,22353.38,22353.89,22351.11,22351.95,2699
2026-02-17 12:50:00,22351.95,22366.17,22349.89,22366.04,9705
2026-02-17 12:55:00,22366.04,22366.37,22351.45,22355.69,1398
2026-02-17 13:00:00,22355.69,22356.03,22349.36,22350.3,906
2026-02-17 13:05:00,22350.3,22353.16,22346.16,22346.43,406
2026-02-17 13:10:00,22346.43,22350.84,22333.89,22334.34,5720
2026-02-17 13:15:00,22334.34,22334.98,22325.25,22328.16,1120
2026-02-17 13:20:00,22328.16,22334.64,22324.12,22331.83,4459
2026-02-17 13:25:00,22331.83,22332.43,22327.51,22328.53,1497
2026-02-17 13:30:00,22328.53,22328.73,22308.67,22308.95,6204
2026-02-17 13:35:00,22308.95,22310.49,22304.75,22304.77,265
2026-02-17 13:40:00,22304.77,22309.64,22302.52,22305.91,8319
2026-02-17 13:45:00,22305.91,22307.23,22298.28,22298.5,656
2026-02-17 13:50:00,22298.5,22299.14,22280.73,22282.32,15405
2026-02-17 13:55:00,22282.32,22283.83,22278.72,22282.43,7077
2026-02-17 14:00:00,22282.43,22283.41,22250.42,22253.19,898
2026-02-17 14:05:00,22253.19,22253.9,22251.51,22252.03,15015
2026-02-17 14:10:00,22252.03,22258.28,22251.63,22257.13,20541
2026-02-17 14:15:00,22257.13,22257.71,22250.79,22254.6,14534
2026-02-17 14:20:00,22254.6,22260.46,22253.17,22253.98,3404
2026-02-17 14:25:00,22253.98,22260.56,22253.26,22258.35,3140
2026-02-17 14:30:00,22258.35,22260.7,22254.12,22255.92,4502
2026-02-17 14:35:00,22255.92,22268.97,22255.33,22267.56,100504
2026-02-17 14:40:00,22267.56,22272.37,22265.96,22271.36,1271
2026-02-17 14:45:00,22271.36,22274.1,22256.63,22258.84,117897
2026-02-17 14:50:00,22258.84,22263.1,22252.18,22254.92,13880
2026-02-17 14:55:00,22254.92,22260.6,22252.99,22258.92,1412
2026-02-17 15:00:00,22258.92,22259.02,22248.0,22248.45,1468
2026-02-17 15:05:00,22248.45,22251.33,22246.63,22250.67,5390
2026-02-17 15:10:00,22250.67,22252.07,22246.96,22248.53,929
2026-02-17 15:15:00,22248.53,22248.68,22242.13,22244.88,3980
2026-02-17 15:20:00,22244.88,22249.7,22244.72,22249.1,2770
2026-02-17 15:25:00,22249.1,22252.04,22246.42,22251.45,1703
2026-02-17 15:30:00,22251.45,22256.94,22237.14,22237.79,21370
2026-02-18 09:15:00,22520.24,22528.2,22519.67,22527.8,440
2026-02-18 09:20:00,22527.8,22545.43,22527.29,22543.72,3458
2026-02-18 09:25:00,22543.72,22545.04,22540.07,22542.86,12399
2026-02-18 09:30:00,22542.86,22546.24,22540.73,22545.44,1485
2026-02-18 09:35:00,22545.44,22558.22,22542.98,22558.0,2513
2026-02-18 09:40:00,22558.0,22561.03,22553.61,22558.57,30963
2026-02-18 09:45:00,22558.57,22566.77,22557.56,22565.59,4641
2026-02-18 09:50:00,22565.59,22566.34,22557.41,22558.29,157
2026-02-18 09:55:00,22558.29,22559.43,22558.12,22558.6,5100
2026-02-18 10:00:00,22558.6,22560.15,22545.79,22547.86,2983
2026-02-18 10:05:00,22547.86,22551.68,22547.82,22550.58,94
2026-02-18 10:10:00,22550.58,22560.97,22548.45,22557.35,727
2026-02-18 10:15:00,22557.35,22563.83,22557.35,22560.88,471
2026-02-18 10:20:00,22560.88,22562.94,22557.87,22559.21,1889
2026-02-18 10:25:00,22559.21,22560.76,22551.63,22551.77,4115
2026-02-18 10:30:00,22551.77,22552.57,22539.62,22540.38,8781
2026-02-18 10:35:00,22540.38,22547.72,22539.15,22546.63,849
2026-02-18 10:40:00,22546.63,22558.81,22545.92,22557.22,2249
2026-02-18 10:45:00,22557.22,22559.02,22547.85,22549.08,232
2026-02-18 10:50:00,22549.08,22550.83,22523.27,22526.03,19665
2026-02-18 10:55:00,22526.03,22526.77,22519.35,22520.28,403
2026-02-18 11:00:00,22520.28,22522.24,22511.68,22512.69,4490
2026-02-18 11:05:00,22512.69,22512.89,22497.4,22502.0,10553
2026-02-18 11:10:00,22502.0,22506.76,22498.77,22504.07,201
2026-02-18 11:15:00,22504.07,22509.43,22501.59,22508.32,2816
2026-02-18 11:20:00,22508.32,22514.01,22493.09,22495.22,1182
2026-02-18 11:25:00,22495.22,22500.51,22495.03,22500.37,650
2026-02-18 11:30:00,22500.37,22502.23,22493.68,22496.13,1223
2026-02-18 11:35:00,22496.13,22497.88,22495.49,22496.73,8453
2026-02-18 11:40:00,22496.73,22499.4,22491.6,22492.72,4441
2026-02-18 11:45:00,22492.72,22496.61,22491.81,22495.35,3112
2026-02-18 11:50:00,22495.35,22517.06,22494.18,22514.49,12720
2026-02-18 11:55:00,22514.49,22517.14,22514.15,22515.63,23413
2026-02-18 12:00:00,22515.63,22518.31,22505.22,22507.57,485
2026-02-18 12:05:00,22507.57,22512.7,22506.35,22512.61,175
2026-02-18 12:10:00,22512.61,22514.03,22502.9,22504.53,2173
2026-02-18 12:15:00,22504.53,22512.95,22504.22,22511.06,1008
2026-02-18 12:20:00,22511.06,22515.56,22509.71,22514.59,10917
2026-02-18 12:25:00,22514.59,22515.61,22499.9,22503.69,9140
2026-02-18 12:30:00,22503.69,22504.55,22499.04,22501.99,24378
2026-02-18 12:35:00,22501.99,22503.54,22492.2,22492.44,2243
2026-02-18 12:40:00,22492.44,22493.72,22487.69,22490.28,3037
2026-02-18 12:45:00,22490.28,22491.05,22479.87,22480.12,11461
2026-02-18 12:50:00,22480.12,22481.2,22475.24,22475.29,11049
2026-02-18 12:55:00,22475.29,22476.3,22463.41,22464.34,1832
2026-02-18 13:00:00,22464.34,22480.74,22462.83,22480.35,8763
2026-02-18 13:05:00,22480.35,22484.04,22469.27,22470.91,586
2026-02-18 13:10:00,22470.91,22472.96,22455.56,22457.6,935
2026-02-18 13:15:00,22457.6,22476.71,22455.08,22473.39,1495
2026-02-18 13:20:00,22473.39,22475.18,22469.15,22471.47,28709
2026-02-18 13:25:00,22471.47,22474.74,22471.19,22473.57,4601
2026-02-18 13:30:00,22473.57,22483.03,22473.04,22481.04,8468
2026-02-18 13:35:00,22481.04,22497.29,22480.9,22493.39,16447
2026-02-18 13:40:00,22493.39,22496.5,22470.58,22472.03,2076
2026-02-18 13:45:00,22472.03,22475.87,22471.64,22475.56,32258
2026-02-18 13:50:00,22475.56,22477.74,22468.86,22472.49,6569
2026-02-18 13:55:00,22472.49,22489.59,22469.84,22487.87,7848
2026-02-18 14:00:00,22487.87,22487.88,22479.84,22479.99,263
2026-02-18 14:05:00,22479.99,22484.4,22473.02,22473.49,2290
2026-02-18 14:10:00,22473.49,22488.79,22473.31,22488.0,13176
2026-02-18 14:15:00,22488.0,22489.49,22480.28,22484.79,731
2026-02-18 14:20:00,22484.79,22485.11,22476.0,22477.22,75889
2026-02-18 14:25:00,22477.22,22480.02,22468.32,22468.76,9998
2026-02-18 14:30:00,22468.76,22479.16,22468.74,22474.73,2011
2026-02-18 14:35:00,22474.73,22475.65,22462.23,22465.66,54
2026-02-18 14:40:00,22465.66,22468.16,22461.24,22461.39,1829
2026-02-18 14:45:00,22461.39,22462.77,22453.27,22456.54,161454
2026-02-18 14:50:00,22456.54,22460.18,22449.51,22450.63,33380
2026-02-18 14:55:00,22450.63,22460.35,22450.18,22457.14,1194
2026-02-18 15:00:00,22457.14,22458.72,22455.81,22458.06,12767
2026-02-18 15:05:00,22458.06,22467.46,22457.57,22466.44,9814
2026-02-18 15:10:00,22466.44,22466.86,22450.63,22450.74,4103
2026-02-18 15:15:00,22450.74,22451.6,22448.89,22450.04,16224
2026-02-18 15:20:00,22450.04,22454.13,22448.64,22453.83,10127
2026-02-18 15:25:00,22453.83,22456.99,22453.71,22455.48,7658
2026-02-18 15:30:00,22455.48,22460.87,22455.3,22459.89,13887
2026-02-19 09:15:00,22511.89,22518.96,22509.77,22517.79,1318
2026-02-19 09:20:00,22517.79,22533.98,22513.54,22533.42,2489
2026-02-19 09:25:00,22533.42,22533.57,22531.16,22531.35,934
2026-02-19 09:30:00,22531.35,22532.35,22520.05,22522.16,116712
2026-02-19 09:35:00,22522.16,22522.86,22517.14,22518.69,16132
2026-02-19 09:40:00,22518.69,22526.96,22516.88,22525.21,12441
2026-02-19 09:45:00,22525.21,22529.79,22523.44,22528.27,178
2026-02-19 09:50:00,22528.27,22529.65,22517.05,22521.27,1565
2026-02-19 09:55:00,22521.27,22541.14,22518.49,22539.48,4109
2026-02-19 10:00:00,22539.48,22551.24,22538.19,22546.39,17310
2026-02-19 10:05:00,22546.39,22549.71,22546.05,22549.58,2106
2026-02-19 10:10:00,22549.58,22550.96,22539.34,22540.17,3534
2026-02-19 10:15:00,22540.17,22541.91,22534.2,22535.72,5197
2026-02-19 10:20:00,22535.72,22536.73,22530.5,22531.41,3276
2026-02-19 10:25:00,22531.41,22540.41,22529.06,22539.21,2397
2026-02-19 10:30:00,22539.21,22539.76,22527.74,22528.3,74
2026-02-19 10:35:00,22528.3,22532.91,22525.93,22532.54,4118
2026-02-19 10:40:00,22532.54,22540.81,22532.28,22538.43,2977
2026-02-19 10:45:00,22538.43,22540.91,22525.55,22525.84,659
2026-02-19 10:50:00,22525.84,22536.12,22524.98,22531.76,11643
2026-02-19 10:55:00,22531.76,22533.19,22527.42,22528.26,146
2026-02-19 11:00:00,22528.26,22534.23,22527.71,22533.98,1992
2026-02-19 11:05:00,22533.98,22535.4,22533.88,22534.09,386
2026-02-19 11:10:00,22534.09,22539.69,22533.68,22538.7,14955
2026-02-19 11:15:00,22538.7,22541.16,22535.88,22538.94,7140
2026-02-19 11:20:00,22538.94,22539.2,22530.48,22532.96,315
2026-02-19 11:25:00,22532.96,22533.64,22528.09,22529.82,11040
2026-02-19 11:30:00,22529.82,22534.26,22528.61,22532.84,2350
2026-02-19 11:35:00,22532.84,22534.26,22524.84,22525.71,12191
2026-02-19 11:40:00,22525.71,22526.8,22518.66,22521.82,451
2026-02-19 11:45:00,22521.82,22526.33,22521.63,22524.66,19099
2026-02-19 11:50:00,22524.66,22542.94,22524.2,22542.26,12906
2026-02-19 11:55:00,22542.26,22554.03,22542.25,22548.99,1649
2026-02-19 12:00:00,22548.99,22552.55,22548.82,22552.17,816
2026-02-19 12:05:00,22552.17,22561.35,22550.47,22558.04,366
2026-02-19 12:10:00,22558.04,22558.26,22555.7,22558.2,471
2026-02-19 12:15:00,22558.2,22562.5,22551.15,22553.9,4340
2026-02-19 12:20:00,22553.9,22556.54,22547.73,22550.19,5549
2026-02-19 12:25:00,22550.19,22550.4,22537.25,22541.33,1769
2026-02-19 12:30:00,22541.33,22542.1,22531.19,22533.64,39339
2026-02-19 12:35:00,22533.64,22545.2,22531.85,22544.87,1573
2026-02-19 12:40:00,22544.87,22545.64,22540.42,22542.5,629
2026-02-19 12:45:00,22542.5,22551.83,22541.49,22550.59,584
2026-02-19 12:50:00,22550.59,22553.64,22548.54,22551.52,552
2026-02-19 12:55:00,22551.52,22556.06,22550.4,22555.9,2554
2026-02-19 13:00:00,22555.9,22566.93,22555.08,22564.54,965
2026-02-19 13:05:00,22564.54,22565.91,22560.7,22564.23,612
2026-02-19 13:10:00,22564.23,22577.83,22563.81,22577.34,1950
2026-02-19 13:15:00,22577.34,22578.19,22575.87,22576.92,3467
2026-02-19 13:20:00,22576.92,22577.43,22562.63,22567.55,5545
2026-02-19 13:25:00,22567.55,22567.74,22553.89,22556.28,2993
2026-02-19 13:30:00,22556.28,22563.91,22553.19,22560.9,12877
2026-02-19 13:35:00,22560.9,22562.85,22559.38,22561.95,2092
2026-02-19 13:40:00,22561.95,22569.68,22560.69,22567.69,12275
2026-02-19 13:45:00,22567.69,22579.65,22562.12,22579.58,2211
2026-02-19 13:50:00,22579.58,22580.3,22578.9,22579.84,1457
2026-02-19 13:55:00,22579.84,22588.88,22577.36,22586.55,30488
2026-02-19 14:00:00,22586.55,22588.37,22578.42,22579.24,502
2026-02-19 14:05:00,22579.24,22581.45,22573.83,22575.3,58121
2026-02-19 14:10:00,22575.3,22577.89,22575.2,22576.67,2378
2026-02-19 14:15:00,22576.67,22576.72,22573.71,22575.58,4552
2026-02-19 14:20:00,22575.58,22577.01,22564.07,22564.31,100
2026-02-19 14:25:00,22564.31,22574.56,22562.97,22570.46,428
2026-02-19 14:30:00,22570.46,22571.5,22562.82,22567.22,3549
2026-02-19 14:35:00,22567.22,22569.13,22550.89,22551.36,3310
2026-02-19 14:40:00,22551.36,22560.27,22551.34,22555.82,1612
2026-02-19 14:45:00,22555.82,22567.05,22552.57,22565.59,19809
2026-02-19 14:50:00,22565.59,22572.29,22565.48,22569.19,14076
2026-02-19 14:55:00,22569.19,22571.95,22556.45,22559.48,909
2026-02-19 15:00:00,22559.48,22562.23,22550.95,22551.94,521
2026-02-19 15:05:00,22551.94,22556.82,22550.6,22555.5,1984
2026-02-19 15:10:00,22555.5,22558.83,22552.15,22557.53,16585
2026-02-19 15:15:00,22557.53,22567.79,22556.49,22566.2,461
2026-02-19 15:20:00,22566.2,22571.49,22563.67,22571.26,10007
2026-02-19 15:25:00,22571.26,22579.04,22571.09,22575.67,1290
2026-02-19 15:30:00,22575.67,22578.52,22575.11,22577.69,5934
2026-02-20 09:15:00,22428.39,22432.4,22426.73,22429.37,7974
2026-02-20 09:20:00,22429.37,22431.86,22417.58,22419.52,1993
2026-02-20 09:25:00,22419.52,22446.0,22417.63,22443.51,9129
2026-02-20 09:30:00,22443.51,22445.59,22441.37,22444.04,13257
2026-02-20 09:35:00,22444.04,22444.24,22437.42,22439.26,970
2026-02-20 09:40:00,22439.26,22440.03,22433.07,22438.24,3057
2026-02-20 09:45:00,22438.24,22441.05,22426.39,22432.27,1739
2026-02-20 09:50:00,22432.27,22432.51,22418.08,22418.5,57355
2026-02-20 09:55:00,22418.5,22433.56,22417.32,22431.83,8239
2026-02-20 10:00:00,22431.83,22434.43,22428.71,22433.95,14657
2026-02-20 10:05:00,22433.95,22435.01,22432.75,22434.81,906
2026-02-20 10:10:00,22434.81,22440.85,22433.23,22437.35,613
2026-02-20 10:15:00,22437.35,22440.99,22419.16,22420.88,1009
2026-02-20 10:20:00,22420.88,22433.66,22417.81,22429.96,710
2026-02-20 10:25:00,22429.96,22431.83,22419.62,22422.89,589
2026-02-20 10:30:00,22422.89,22435.63,22422.22,22434.21,442
2026-02-20 10:35:00,22434.21,22434.43,22432.61,22433.24,5310
2026-02-20 10:40:00,22433.24,22435.0,22424.3,22425.18,22315
2026-02-20 10:45:00,22425.18,22426.19,22423.48,22425.0,10360
2026-02-20 10:50:00,22425.0,22426.55,22415.99,22417.37,53795
2026-02-20 10:55:00,22417.37,22422.36,22416.64,22421.44,411
2026-02-20 11:00:00,22421.44,22437.9,22419.99,22436.94,210
2026-02-20 11:05:00,22436.94,22443.89,22434.3,22443.18,712
2026-02-20 11:10:00,22443.18,22445.74,22432.94,22433.06,1668
2026-02-20 11:15:00,22433.06,22439.08,22432.8,22435.73,102
2026-02-20 11:20:00,22435.73,22438.12,22433.62,22433.8,29554
2026-02-20 11:25:00,22433.8,22441.1,22433.58,22437.42,4654
2026-02-20 11:30:00,22437.42,22449.7,22435.6,22446.06,5771
2026-02-20 11:35:00,22446.06,22451.81,22443.14,22451.47,3172
2026-02-20 11:40:00,22451.47,22456.8,22448.82,22454.39,13468
2026-02-20 11:45:00,22454.39,22457.13,22442.8,22443.42,927
2026-02-20 11:50:00,22443.42,22452.16,22439.62,22452.05,829
2026-02-20 11:55:00,22452.05,22452.61,22436.62,22438.2,741
2026-02-20 12:00:00,22438.2,22438.66,22424.63,22427.56,4722
2026-02-20 12:05:00,22427.56,22428.55,22422.07,22424.83,20894
2026-02-20 12:10:00,22424.83,22426.36,22421.45,22423.37,525
2026-02-20 12:15:00,22423.37,22433.28,22420.63,22430.43,56726
2026-02-20 12:20:00,22430.43,22443.47,22429.69,22439.32,3476
2026-02-20 12:25:00,22439.32,22443.57,22437.83,22443.54,777
2026-02-20 12:30:00,22443.54,22447.39,22441.35,22445.25,5379
2026-02-20 12:35:00,22445.25,22447.13,22443.64,22444.49,1246
2026-02-20 12:40:00,22444.49,22449.5,22443.18,22447.88,1178
2026-02-20 12:45:00,22447.88,22451.43,22443.45,22446.2,20811
2026-02-20 12:50:00,22446.2,22455.24,22439.93,22452.1,25519
2026-02-20 12:55:00,22452.1,22462.14,22449.73,22459.51,5116
2026-02-20 13:00:00,22459.51,22460.74,22441.66,22445.93,16786
2026-02-20 13:05:00,22445.93,22446.18,22441.86,22443.35,172
2026-02-20 13:10:00,22443.35,22455.9,22442.65,22453.23,8045
2026-02-20 13:15:00,22453.23,22453.81,22448.58,22450.1,6854
2026-02-20 13:20:00,22450.1,22461.87,22450.05,22460.83,951
2026-02-20 13:25:00,22460.83,22462.45,22454.0,22457.0,15657
2026-02-20 13:30:00,22457.0,22458.64,22452.56,22454.75,8197
2026-02-20 13:35:00,22454.75,22457.93,22452.11,22454.64,1252
2026-02-20 13:40:00,22454.64,22456.14,22453.89,22453.9,4813
2026-02-20 13:45:00,22453.9,22460.79,22451.29,22457.77,4947
2026-02-20 13:50:00,22457.77,22458.63,22451.74,22452.6,678
2026-02-20 13:55:00,22452.6,22453.62,22445.34,22445.39,2144
2026-02-20 14:00:00,22445.39,22452.12,22444.33,22450.65,830
2026-02-20 14:05:00,22450.65,22450.72,22437.71,22440.56,3460
2026-02-20 14:10:00,22440.56,22451.0,22439.49,22450.29,59680
2026-02-20 14:15:00,22450.29,22463.9,22450.01,22462.37,4880
2026-02-20 14:20:00,22462.37,22467.63,22462.2,22464.0,4255
2026-02-20 14:25:00,22464.0,22471.89,22462.13,22469.51,6681
2026-02-20 14:30:00,22469.51,22470.49,22455.4,22457.04,4339
2026-02-20 14:35:00,22457.04,22467.42,22454.69,22463.65,16430
2026-02-20 14:40:00,22463.65,22465.52,22460.92,22461.01,72439
2026-02-20 14:45:00,22461.01,22463.33,22460.17,22462.05,4846
2026-02-20 14:50:00,22462.05,22472.05,22457.1,22471.15,2522
2026-02-20 14:55:00,22471.15,22472.36,22470.18,22470.35,4215
2026-02-20 15:00:00,22470.35,22472.74,22469.13,22472.6,794
2026-02-20 15:05:00,22472.6,22474.89,22466.89,22469.6,2655
2026-02-20 15:10:00,22469.6,22469.76,22457.89,22462.07,13339
2026-02-20 15:15:00,22462.07,22468.4,22458.99,22466.48,528
2026-02-20 15:20:00,22466.48,22467.53,22462.16,22463.34,3790
2026-02-20 15:25:00,22463.34,22470.4,22460.6,22469.39,2686
2026-02-20 15:30:00,22469.39,22477.34,22467.16,22474.95,5121
2026-02-23 09:15:00,22490.97,22505.93,22489.51,22504.9,7147
2026-02-23 09:20:00,22504.9,22509.6,22503.68,22504.6,3550
2026-02-23 09:25:00,22504.6,22515.35,22501.59,22513.85,3839
2026-02-23 09:30:00,22513.85,22517.08,22513.81,22516.9,599
2026-02-23 09:35:00,22516.9,22517.59,22513.64,22515.78,5265
2026-02-23 09:40:00,22515.78,22519.23,22513.02,22513.56,6882
2026-02-23 09:45:00,22513.56,22516.82,22512.05,22512.22,3549
2026-02-23 09:50:00,22512.22,22512.62,22508.71,22511.11,10601
2026-02-23 09:55:00,22511.11,22514.73,22509.36,22511.33,1544
2026-02-23 10:00:00,22511.33,22512.16,22499.46,22500.29,7301
2026-02-23 10:05:00,22500.29,22513.35,22499.41,22511.16,509
2026-02-23 10:10:00,22511.16,22512.42,22499.72,22500.45,9481
2026-02-23 10:15:00,22500.45,22502.07,22489.3,22492.86,4111
2026-02-23 10:20:00,22492.86,22496.19,22486.19,22487.01,2304
2026-02-23 10:25:00,22487.01,22490.0,22479.14,22481.88,1172
2026-02-23 10:30:00,22481.88,22483.88,22475.53,22476.29,6447
2026-02-23 10:35:00,22476.29,22480.16,22469.12,22472.62,3252
2026-02-23 10:40:00,22472.62,22473.72,22469.47,22470.87,2949
2026-02-23 10:45:00,22470.87,22471.65,22466.47,22469.06,263
2026-02-23 10:50:00,22469.06,22469.87,22466.36,22466.76,2532
2026-02-23 10:55:00,22466.76,22467.18,22460.87,22462.58,29316
2026-02-23 11:00:00,22462.58,22463.32,22454.73,22456.18,981
2026-02-23 11:05:00,22456.18,22456.58,22455.26,22456.38,1948
2026-02-23 11:10:00,22456.38,22457.18,22446.51,22450.62,802
2026-02-23 11:15:00,22450.62,22453.86,22449.28,22453.77,8477
2026-02-23 11:20:00,22453.77,22455.49,22452.9,22455.41,946
2026-02-23 11:25:00,22455.41,22457.98,22453.45,22454.64,15682
2026-02-23 11:30:00,22454.64,22457.21,22451.7,22455.42,2285
2026-02-23 11:35:00,22455.42,22457.69,22453.8,22457.08,713
2026-02-23 11:40:00,22457.08,22464.25,22453.39,22463.83,12811
2026-02-23 11:45:00,22463.83,22465.51,22457.37,22457.98,18495
2026-02-23 11:50:00,22457.98,22460.08,22452.5,22454.09,975
2026-02-23 11:55:00,22454.09,22455.23,22445.65,22447.37,44093
2026-02-23 12:00:00,22447.37,22449.89,22435.77,22436.72,5023
2026-02-23 12:05:00,22436.72,22437.77,22419.48,22423.49,4773
2026-02-23 12:10:00,22423.49,22425.93,22422.02,22425.55,6797
2026-02-23 12:15:00,22425.55,22429.1,22424.21,22428.68,2582
2026-02-23 12:20:00,22428.68,22433.16,22428.24,22432.91,7059
2026-02-23 12:25:00,22432.91,22435.38,22429.17,22429.73,17749
2026-02-23 12:30:00,22429.73,22432.75,22429.64,22432.12,9033
2026-02-23 12:35:00,22432.12,22433.03,22428.42,22430.63,1345
2026-02-23 12:40:00,22430.63,22439.96,22429.5,22437.75,457
2026-02-23 12:45:00,22437.75,22438.37,22436.75,22437.96,3692
2026-02-23 12:50:00,22437.96,22445.03,22437.62,22444.12,2076
2026-02-23 12:55:00,22444.12,22453.94,22441.65,22453.43,281
2026-02-23 13:00:00,22453.43,22457.85,22452.09,22456.33,404
2026-02-23 13:05:00,22456.33,22458.99,22451.15,22452.02,7889
2026-02-23 13:10:00,22452.02,22456.9,22450.53,22454.73,4236
2026-02-23 13:15:00,22454.73,22455.21,22438.19,22441.23,2275
2026-02-23 13:20:00,22441.23,22442.44,22428.06,22429.32,73899
2026-02-23 13:25:00,22429.32,22444.11,22428.63,22442.64,18050
2026-02-23 13:30:00,22442.64,22444.8,22431.72,22433.58,2375
2026-02-23 13:35:00,22433.58,22443.58,22431.05,22442.69,12925
2026-02-23 13:40:00,22442.69,22443.89,22438.37,22442.01,1008
2026-02-23 13:45:00,22442.01,22445.15,22439.52,22440.86,1043
2026-02-23 13:50:00,22440.86,22441.92,22431.74,22433.22,4255
2026-02-23 13:55:00,22433.22,22434.41,22431.54,22433.85,2680
2026-02-23 14:00:00,22433.85,22434.14,22415.05,22417.4,351
2026-02-23 14:05:00,22417.4,22422.49,22415.8,22421.27,3781
2026-02-23 14:10:00,22421.27,22424.64,22418.61,22424.51,5019
2026-02-23 14:15:00,22424.51,22424.7,22418.13,22418.86,3803
2026-02-23 14:20:00,22418.86,22420.22,22415.11,22415.51,3241
2026-02-23 14:25:00,22415.51,22424.85,22411.54,22424.02,1727
2026-02-23 14:30:00,22424.02,22424.85,22407.66,22411.01,676
2026-02-23 14:35:00,22411.01,22414.09,22405.96,22408.11,3036
2026-02-23 14:40:00,22408.11,22415.71,22406.55,22412.75,15380
2026-02-23 14:45:00,22412.75,22422.08,22412.03,22419.66,10646
2026-02-23 14:50:00,22419.66,22420.82,22410.4,22412.01,9498
2026-02-23 14:55:00,22412.01,22412.65,22408.89,22411.45,2694
2026-02-23 15:00:00,22411.45,22411.94,22404.63,22406.91,3892
2026-02-23 15:05:00,22406.91,22409.41,22400.75,22403.4,510
2026-02-23 15:10:00,22403.4,22403.64,22401.21,22401.75,4728
2026-02-23 15:15:00,22401.75,22403.87,22394.8,22395.68,5856
2026-02-23 15:20:00,22395.68,22396.43,22393.94,22394.37,5380
2026-02-23 15:25:00,22394.37,22396.0,22392.67,22394.31,209
2026-02-23 15:30:00,22394.31,22396.45,22386.21,22386.52,3422
2026-02-24 09:15:00,22397.32,22399.89,22395.57,22397.84,1629
2026-02-24 09:20:00,22397.84,22402.51,22396.68,22401.4,275
2026-02-24 09:25:00,22401.4,22401.8,22398.29,22401.35,3053
2026-02-24 09:30:00,22401.35,22402.37,22399.18,22399.35,1307
2026-02-24 09:35:00,22399.35,22411.2,22399.22,22406.75,211
2026-02-24 09:40:00,22406.75,22407.8,22396.91,22399.46,352
2026-02-24 09:45:00,22399.46,22421.23,22396.15,22418.51,2302
2026-02-24 09:50:00,22418.51,22419.64,22411.64,22414.31,534
2026-02-24 09:55:00,22414.31,22416.01,22409.65,22410.23,15566
2026-02-24 10:00:00,22410.23,22417.97,22409.87,22414.35,4157
2026-02-24 10:05:00,22414.35,22417.21,22412.65,22416.92,4253
2026-02-24 10:10:00,22416.92,22425.12,22416.07,22423.23,6326
2026-02-24 10:15:00,22423.23,22424.33,22413.46,22415.15,25221
2026-02-24 10:20:00,22415.15,22416.28,22399.58,22399.62,797
2026-02-24 10:25:00,22399.62,22400.57,22389.88,22393.04,141
2026-02-24 10:30:00,22393.04,22393.97,22390.12,22391.68,4811
2026-02-24 10:35:00,22391.68,22405.83,22389.06,22405.77,1130
2026-02-24 10:40:00,22405.77,22408.66,22403.97,22406.24,2488
2026-02-24 10:45:00,22406.24,22409.72,22405.06,22409.1,5410
2026-02-24 10:50:00,22409.1,22410.97,22401.09,22401.14,8017
2026-02-24 10:55:00,22401.14,22416.65,22399.13,22416.04,265
2026-02-24 11:00:00,22416.04,22433.36,22415.94,22432.15,2328
2026-02-24 11:05:00,22432.15,22433.79,22419.47,22423.29,676
2026-02-24 11:10:00,22423.29,22424.69,22412.83,22415.22,3050
2026-02-24 11:15:00,22415.22,22425.16,22412.48,22423.93,4618
2026-02-24 11:20:00,22423.93,22425.94,22422.58,22423.49,2017
2026-02-24 11:25:00,22423.49,22423.67,22421.51,22422.29,1297
2026-02-24 11:30:00,22422.29,22423.42,22406.06,22407.49,10671
2026-02-24 11:35:00,22407.49,22410.09,22403.66,22403.72,400
2026-02-24 11:40:00,22403.72,22406.16,22389.76,22390.5,482
2026-02-24 11:45:00,22390.5,22391.29,22371.62,22372.43,1046
2026-02-24 11:50:00,22372.43,22373.53,22361.51,22364.0,368
2026-02-24 11:55:00,22364.0,22366.42,22357.88,22358.87,3899
2026-02-24 12:00:00,22358.87,22358.93,22352.6,22353.68,821
2026-02-24 12:05:00,22353.68,22355.25,22344.92,22345.04,4777
2026-02-24 12:10:00,22345.04,22347.13,22344.53,22346.25,1447
2026-02-24 12:15:00,22346.25,22349.08,22337.49,22339.73,1723
2026-02-24 12:20:00,22339.73,22342.5,22324.82,22326.91,4172
2026-02-24 12:25:00,22326.91,22331.45,22320.0,22323.29,12879
2026-02-24 12:30:00,22323.29,22324.86,22322.18,22322.4,179
2026-02-24 12:35:00,22322.4,22323.83,22318.02,22323.16,55054
2026-02-24 12:40:00,22323.16,22327.0,22320.83,22325.65,8399
2026-02-24 12:45:00,22325.65,22334.88,22325.63,22334.37,780
2026-02-24 12:50:00,22334.37,22335.39,22331.5,22332.64,833
2026-02-24 12:55:00,22332.64,22338.84,22332.12,22337.16,7510
2026-02-24 13:00:00,22337.16,22338.46,22330.42,22331.53,1985
2026-02-24 13:05:00,22331.53,22340.98,22329.32,22340.82,43923
2026-02-24 13:10:00,22340.82,22342.11,22337.62,22338.89,633
2026-02-24 13:15:00,22338.89,22341.62,22335.45,22337.33,7238
2026-02-24 13:20:00,22337.33,22338.75,22332.62,22333.22,47893
2026-02-24 13:25:00,22333.22,22339.64,22332.41,22337.41,4755
2026-02-24 13:30:00,22337.41,22348.07,22336.99,22346.73,4058
2026-02-24 13:35:00,22346.73,22352.38,22345.3,22351.04,25288
2026-02-24 13:40:00,22351.04,22367.81,22349.7,22365.95,16544
2026-02-24 13:45:00,22365.95,22371.57,22364.16,22370.22,2077
2026-02-24 13:50:00,22370.22,22373.36,22368.5,22372.86,4782
2026-02-24 13:55:00,22372.86,22383.43,22372.55,22382.76,4064
2026-02-24 14:00:00,22382.76,22384.11,22379.12,22380.48,22003
2026-02-24 14:05:00,22380.48,22387.37,22377.09,22385.49,3835
2026-02-24 14:10:00,22385.49,22387.7,22378.72,22379.71,208
2026-02-24 14:15:00,22379.71,22380.27,22371.19,22375.5,3386
2026-02-24 14:20:00,22375.5,22379.14,22374.96,22376.77,3014
2026-02-24 14:25:00,22376.77,22378.61,22365.56,22367.24,1930
2026-02-24 14:30:00,22367.24,22368.69,22365.25,22365.65,164
2026-02-24 14:35:00,22365.65,22371.17,22364.87,22369.54,26550
2026-02-24 14:40:00,22369.54,22369.55,22367.45,22368.47,6361
2026-02-24 14:45:00,22368.47,22368.59,22361.05,22361.12,4482
2026-02-24 14:50:00,22361.12,22368.61,22358.77,22363.43,12966
2026-02-24 14:55:00,22363.43,22373.89,22362.13,22372.9,36206
2026-02-24 15:00:00,22372.9,22374.27,22353.02,22355.36,1710
2026-02-24 15:05:00,22355.36,22371.16,22353.14,22368.14,1342
2026-02-24 15:10:00,22368.14,22371.92,22367.16,22371.48,25099
2026-02-24 15:15:00,22371.48,22384.41,22368.06,22383.58,117
2026-02-24 15:20:00,22383.58,22386.81,22383.46,22385.5,2680
2026-02-24 15:25:00,22385.5,22386.81,22375.7,22379.06,107
2026-02-24 15:30:00,22379.06,22381.0,22375.46,22378.44,547
2026-02-25 09:15:00,22468.98,22475.14,22468.97,22472.22,213
2026-02-25 09:20:00,22472.22,22475.0,22467.9,22470.32,7121
2026-02-25 09:25:00,22470.32,22473.05,22469.6,22471.87,9757
2026-02-25 09:30:00,22471.87,22474.1,22467.87,22468.56,2185
2026-02-25 09:35:00,22468.56,22470.3,22465.37,22470.26,4307
2026-02-25 09:40:00,22470.26,22470.74,22468.56,22470.25,8620
2026-02-25 09:45:00,22470.25,22472.56,22466.25,22468.06,2261
2026-02-25 09:50:00,22468.06,22479.35,22466.87,22478.85,212
2026-02-25 09:55:00,22478.85,22492.1,22477.26,22490.96,12613
2026-02-25 10:00:00,22490.96,22491.13,22486.66,22489.64,3902
2026-02-25 10:05:00,22489.64,22496.08,22488.35,22494.34,2459
2026-02-25 10:10:00,22494.34,22495.89,22492.52,22494.07,17194
2026-02-25 10:15:00,22494.07,22499.67,22493.18,22498.48,1246
2026-02-25 10:20:00,22498.48,22505.87,22498.44,22504.72,23588
2026-02-25 10:25:00,22504.72,22515.09,22504.13,22514.49,2477
2026-02-25 10:30:00,22514.49,22521.5,22513.37,22521.43,18465
2026-02-25 10:35:00,22521.43,22524.04,22520.47,22522.88,12795
2026-02-25 10:40:00,22522.88,22523.28,22514.33,22514.82,5874
2026-02-25 10:45:00,22514.82,22520.98,22511.83,22519.88,14012
2026-02-25 10:50:00,22519.88,22520.42,22510.65,22510.92,3803
2026-02-25 10:55:00,22510.92,22530.2,22507.65,22524.13,13041
2026-02-25 11:00:00,22524.13,22526.22,22520.96,22522.88,24701
2026-02-25 11:05:00,22522.88,22526.93,22521.02,22525.16,3558
2026-02-25 11:10:00,22525.16,22526.11,22521.27,22523.28,33026
2026-02-25 11:15:00,22523.28,22524.53,22512.98,22513.72,329
2026-02-25 11:20:00,22513.72,22516.57,22510.57,22514.9,922
2026-02-25 11:25:00,22514.9,22516.2,22504.03,22506.68,1647
2026-02-25 11:30:00,22506.68,22507.43,22499.79,22500.98,4403
2026-02-25 11:35:00,22500.98,22501.5,22497.42,22499.09,880
2026-02-25 11:40:00,22499.09,22508.24,22498.93,22504.72,1834
2026-02-25 11:45:00,22504.72,22512.36,22504.7,22509.51,4986
2026-02-25 11:50:00,22509.51,22511.66,22494.09,22494.28,6446
2026-02-25 11:55:00,22494.28,22496.86,22492.12,22495.74,275
2026-02-25 12:00:00,22495.74,22498.87,22494.01,22496.41,12069
2026-02-25 12:05:00,22496.41,22499.06,22495.02,22497.92,7565
2026-02-25 12:10:00,22497.92,22502.05,22494.03,22499.62,50146
2026-02-25 12:15:00,22499.62,22500.68,22486.82,22489.84,3719
2026-02-25 12:20:00,22489.84,22492.69,22482.16,22485.04,5245
2026-02-25 12:25:00,22485.04,22497.44,22483.93,22496.65,8486
2026-02-25 12:30:00,22496.65,22497.19,22491.07,22491.16,1612
2026-02-25 12:35:00,22491.16,22494.68,22489.82,22491.03,15348
2026-02-25 12:40:00,22491.03,22493.23,22482.41,22483.68,314
2026-02-25 12:45:00,22483.68,22489.03,22480.59,22488.0,3621
2026-02-25 12:50:00,22488.0,22492.62,22487.78,22492.31,1815
2026-02-25 12:55:00,22492.31,22514.41,22490.57,22512.05,3050
2026-02-25 13:00:00,22512.05,22512.14,22502.43,22505.21,1220
2026-02-25 13:05:00,22505.21,22508.31,22503.82,22504.84,702
2026-02-25 13:10:00,22504.84,22507.0,22488.87,22493.22,153
2026-02-25 13:15:00,22493.22,22498.21,22492.52,22496.71,7375
2026-02-25 13:20:00,22496.71,22502.51,22494.0,22501.15,7579
2026-02-25 13:25:00,22501.15,22506.14,22500.27,22505.57,1527
2026-02-25 13:30:00,22505.57,22505.58,22497.91,22498.95,4740
2026-02-25 13:35:00,22498.95,22504.55,22495.79,22503.03,1783
2026-02-25 13:40:00,22503.03,22505.66,22501.69,22502.07,6623
2026-02-25 13:45:00,22502.07,22511.3,22501.03,22508.17,4515
2026-02-25 13:50:00,22508.17,22509.5,22502.66,22504.6,12414
2026-02-25 13:55:00,22504.6,22506.05,22494.69,22495.99,560
2026-02-25 14:00:00,22495.99,22502.41,22491.13,22500.31,2344
2026-02-25 14:05:00,22500.31,22502.6,22494.58,22502.37,5262
2026-02-25 14:10:00,22502.37,22504.41,22501.49,22503.55,12018
2026-02-25 14:15:00,22503.55,22507.07,22502.3,22506.44,285
2026-02-25 14:20:00,22506.44,22507.0,22501.54,22502.43,4617
2026-02-25 14:25:00,22502.43,22503.29,22498.62,22500.57,3981
2026-02-25 14:30:00,22500.57,22503.65,22495.11,22495.44,29866
2026-02-25 14:35:00,22495.44,22495.68,22482.18,22483.77,93905
2026-02-25 14:40:00,22483.77,22485.04,22477.5,22479.83,16494
2026-02-25 14:45:00,22479.83,22480.57,22469.19,22472.89,11225
2026-02-25 14:50:00,22472.89,22483.85,22469.68,22482.16,7411
2026-02-25 14:55:00,22482.16,22482.27,22468.36,22468.77,4747
2026-02-25 15:00:00,22468.77,22473.07,22464.85,22473.05,6652
2026-02-25 15:05:00,22473.05,22475.64,22469.91,22473.83,30032
2026-02-25 15:10:00,22473.83,22485.1,22472.48,22483.68,68
2026-02-25 15:15:00,22483.68,22490.53,22482.93,22489.8,16110
2026-02-25 15:20:00,22489.8,22496.94,22489.73,22496.58,3217
2026-02-25 15:25:00,22496.58,22503.74,22495.73,22502.02,749
2026-02-25 15:30:00,22502.02,22513.78,22500.65,22512.72,3364
2026-02-26 09:15:00,22407.31,22422.59,22405.92,22419.34,30791
2026-02-26 09:20:00,22419.34,22422.08,22416.89,22420.56,2955
2026-02-26 09:25:00,22420.56,22422.99,22419.26,22421.13,959
2026-02-26 09:30:00,22421.13,22421.48,22399.44,22403.63,674
2026-02-26 09:35:00,22403.63,22404.77,22395.0,22396.64,14136
2026-02-26 09:40:00,22396.64,22401.97,22395.33,22400.71,70
2026-02-26 09:45:00,22400.71,22404.38,22399.69,22400.79,129
2026-02-26 09:50:00,22400.79,22401.88,22397.11,22399.35,12614
2026-02-26 09:55:00,22399.35,22404.16,22397.95,22403.4,1739
2026-02-26 10:00:00,22403.4,22404.63,22403.37,22404.61,1087
2026-02-26 10:05:00,22404.61,22405.29,22393.89,22394.67,987
2026-02-26 10:10:00,22394.67,22403.83,22394.33,22401.49,17145
2026-02-26 10:15:00,22401.49,22411.2,22400.31,22408.76,9666
2026-02-26 10:20:00,22408.76,22409.32,22399.9,22400.26,1256
2026-02-26 10:25:00,22400.26,22401.25,22395.4,22397.37,10771
2026-02-26 10:30:00,22397.37,22397.77,22395.58,22395.91,3235
2026-02-26 10:35:00,22395.91,22397.26,22393.07,22396.65,9331
2026-02-26 10:40:00,22396.65,22397.69,22396.41,22396.8,5577
2026-02-26 10:45:00,22396.8,22411.54,22395.48,22408.79,16156
2026-02-26 10:50:00,22408.79,22409.16,22394.77,22396.9,5686
2026-02-26 10:55:00,22396.9,22397.16,22393.21,22394.03,8780
2026-02-26 11:00:00,22394.03,22396.33,22393.71,22395.87,7035
2026-02-26 11:05:00,22395.87,22399.27,22391.3,22393.77,223
2026-02-26 11:10:00,22393.77,22397.93,22377.95,22379.3,6816
2026-02-26 11:15:00,22379.3,22391.08,22377.81,22388.96,3246
2026-02-26 11:20:00,22388.96,22391.55,22387.45,22390.3,144476
2026-02-26 11:25:00,22390.3,22402.01,22388.11,22400.95,2612
2026-02-26 11:30:00,22400.95,22404.54,22398.61,22402.41,4574
2026-02-26 11:35:00,22402.41,22403.28,22389.96,22390.18,54448
2026-02-26 11:40:00,22390.18,22392.92,22374.4,22377.81,407
2026-02-26 11:45:00,22377.81,22378.31,22362.04,22364.39,394
2026-02-26 11:50:00,22364.39,22366.92,22364.31,22366.01,2337
2026-02-26 11:55:00,22366.01,22380.94,22364.4,22380.65,3693
2026-02-26 12:00:00,22380.65,22381.75,22370.55,22371.86,2600
2026-02-26 12:05:00,22371.86,22378.19,22368.64,22374.31,11663
2026-02-26 12:10:00,22374.31,22375.54,22368.66,22369.0,1671
2026-02-26 12:15:00,22369.0,22372.44,22368.6,22372.34,1040
2026-02-26 12:20:00,22372.34,22376.1,22371.2,22373.89,11766
2026-02-26 12:25:00,22373.89,22375.35,22373.22,22373.47,2835
2026-02-26 12:30:00,22373.47,22378.7,22373.0,22376.27,6110
2026-02-26 12:35:00,22376.27,22379.41,22372.04,22373.32,3349
2026-02-26 12:40:00,22373.32,22375.28,22371.13,22372.34,205
2026-02-26 12:45:00,22372.34,22375.3,22369.16,22372.92,2537
2026-02-26 12:50:00,22372.92,22374.31,22372.39,22373.27,6467
2026-02-26 12:55:00,22373.27,22375.29,22371.14,22372.59,10050
2026-02-26 13:00:00,22372.59,22376.44,22369.98,22370.94,4319
2026-02-26 13:05:00,22370.94,22371.14,22364.63,22364.86,914
2026-02-26 13:10:00,22364.86,22365.19,22362.41,22362.52,211
2026-02-26 13:15:00,22362.52,22363.27,22361.39,22361.44,14085
2026-02-26 13:20:00,22361.44,22379.21,22358.97,22377.85,1775
2026-02-26 13:25:00,22377.85,22383.59,22375.88,22382.62,2575
2026-02-26 13:30:00,22382.62,22386.13,22379.6,22379.71,648
2026-02-26 13:35:00,22379.71,22394.51,22372.72,22391.52,9452
2026-02-26 13:40:00,22391.52,22399.63,22388.91,22398.8,2729
2026-02-26 13:45:00,22398.8,22399.88,22393.75,22396.58,620
2026-02-26 13:50:00,22396.58,22401.49,22395.81,22399.1,19181
2026-02-26 13:55:00,22399.1,22404.47,22398.37,22403.61,7481
2026-02-26 14:00:00,22403.61,22406.22,22398.62,22400.53,17027
2026-02-26 14:05:00,22400.53,22403.64,22397.41,22402.55,3390
2026-02-26 14:10:00,22402.55,22405.52,22391.71,22391.75,947
2026-02-26 14:15:00,22391.75,22394.84,22390.54,22394.52,231
2026-02-26 14:20:00,22394.52,22396.15,22385.24,22387.69,1819
2026-02-26 14:25:00,22387.69,22388.02,22378.03,22378.52,863
2026-02-26 14:30:00,22378.52,22384.64,22376.29,22381.92,2515
2026-02-26 14:35:00,22381.92,22389.15,22378.69,22387.42,1694
2026-02-26 14:40:00,22387.42,22389.48,22383.89,22386.4,4200
2026-02-26 14:45:00,22386.4,22388.86,22377.26,22380.19,6182
2026-02-26 14:50:00,22380.19,22381.83,22371.06,22372.14,1081
2026-02-26 14:55:00,22372.14,22373.77,22364.45,22368.02,1180
2026-02-26 15:00:00,22368.02,22368.83,22367.57,22368.43,1185
2026-02-26 15:05:00,22368.43,22369.22,22365.1,22366.82,15275
2026-02-26 15:10:00,22366.82,22377.52,22366.68,22376.31,33
2026-02-26 15:15:00,22376.31,22380.48,22375.81,22379.7,173
2026-02-26 15:20:00,22379.7,22386.55,22379.46,22383.65,11579
2026-02-26 15:25:00,22383.65,22386.08,22378.4,22379.89,7336
2026-02-26 15:30:00,22379.89,22381.96,22367.7,22369.46,6018
2026-02-27 09:15:00,22430.34,22431.12,22416.9,22419.12,3622
2026-02-27 09:20:00,22419.12,22421.37,22404.19,22406.7,6197
2026-02-27 09:25:00,22406.7,22410.23,22395.57,22396.82,185
2026-02-27 09:30:00,22396.82,22401.73,22392.38,22395.58,2255
2026-02-27 09:35:00,22395.58,22407.57,22395.28,22406.07,2393
2026-02-27 09:40:00,22406.07,22406.61,22396.34,22396.82,15641
2026-02-27 09:45:00,22396.82,22397.2,22389.97,22391.86,4179
2026-02-27 09:50:00,22391.86,22399.39,22389.52,22398.13,3715
2026-02-27 09:55:00,22398.13,22400.16,22392.39,22392.72,305
2026-02-27 10:00:00,22392.72,22393.63,22390.47,22390.96,1383
2026-02-27 10:05:00,22390.96,22392.93,22385.49,22386.27,825
2026-02-27 10:10:00,22386.27,22395.84,22386.03,22394.04,3233
2026-02-27 10:15:00,22394.04,22403.78,22392.64,22401.6,5061
2026-02-27 10:20:00,22401.6,22403.74,22391.52,22393.21,9208
2026-02-27 10:25:00,22393.21,22395.54,22391.21,22393.8,1003
2026-02-27 10:30:00,22393.8,22394.08,22393.14,22394.05,1336
2026-02-27 10:35:00,22394.05,22403.64,22394.03,22403.53,894
2026-02-27 10:40:00,22403.53,22410.94,22402.62,22408.93,6144
2026-02-27 10:45:00,22408.93,22409.57,22405.26,22405.63,2810
2026-02-27 10:50:00,22405.63,22405.86,22405.37,22405.74,3262
2026-02-27 10:55:00,22405.74,22406.04,22396.38,22396.91,3449
2026-02-27 11:00:00,22396.91,22405.78,22395.17,22404.54,2321
2026-02-27 11:05:00,22404.54,22404.55,22402.04,22402.05,7459
2026-02-27 11:10:00,22402.05,22405.93,22401.56,22403.46,857
2026-02-27 11:15:00,22403.46,22404.67,22396.5,22399.73,395
2026-02-27 11:20:00,22399.73,22401.71,22397.11,22399.81,2152
2026-02-27 11:25:00,22399.81,22408.44,22396.75,22408.3,2945
2026-02-27 11:30:00,22408.3,22410.14,22403.3,22403.35,438
2026-02-27 11:35:00,22403.35,22403.39,22386.51,22391.35,1370
2026-02-27 11:40:00,22391.35,22395.31,22389.36,22393.2,17792
2026-02-27 11:45:00,22393.2,22393.79,22383.08,22385.06,2975
2026-02-27 11:50:00,22385.06,22385.35,22372.2,22373.91,15713
2026-02-27 11:55:00,22373.91,22379.38,22373.62,22378.76,418
2026-02-27 12:00:00,22378.76,22381.86,22372.62,22372.73,12029
2026-02-27 12:05:00,22372.73,22377.21,22368.73,22374.58,2247
2026-02-27 12:10:00,22374.58,22389.65,22371.93,22387.74,2950
2026-02-27 12:15:00,22387.74,22389.79,22381.25,22383.44,10002
2026-02-27 12:20:00,22383.44,22387.68,22382.43,22387.55,3691
2026-02-27 12:25:00,22387.55,22397.15,22385.42,22395.25,4493
2026-02-27 12:30:00,22395.25,22395.51,22380.69,22381.9,415
2026-02-27 12:35:00,22381.9,22381.92,22378.1,22378.56,1962
2026-02-27 12:40:00,22378.56,22378.67,22365.88,22369.19,2102
2026-02-27 12:45:00,22369.19,22369.45,22364.54,22365.65,310
2026-02-27 12:50:00,22365.65,22367.52,22360.2,22362.72,115728
2026-02-27 12:55:00,22362.72,22378.65,22361.91,22376.26,2880
2026-02-27 13:00:00,22376.26,22376.4,22370.76,22375.57,588
2026-02-27 13:05:00,22375.57,22378.86,22368.63,22369.86,5379
2026-02-27 13:10:00,22369.86,22379.11,22369.48,22378.14,12184
2026-02-27 13:15:00,22378.14,22379.13,22369.93,22371.0,133
2026-02-27 13:20:00,22371.0,22382.94,22370.69,22382.33,258
2026-02-27 13:25:00,22382.33,22383.13,22370.42,22372.04,132
2026-02-27 13:30:00,22372.04,22379.06,22371.59,22378.34,4360
2026-02-27 13:35:00,22378.34,22381.92,22377.09,22380.5,91
2026-02-27 13:40:00,22380.5,22380.81,22376.21,22376.9,192
2026-02-27 13:45:00,22376.9,22385.46,22376.76,22382.96,3750
2026-02-27 13:50:00,22382.96,22385.46,22382.85,22383.12,5660
2026-02-27 13:55:00,22383.12,22384.34,22379.88,22382.67,3664
2026-02-27 14:00:00,22382.67,22391.84,22379.96,22388.93,1672
2026-02-27 14:05:00,22388.93,22397.71,22386.69,22397.22,6995
2026-02-27 14:10:00,22397.22,22400.29,22396.71,22399.42,4635
2026-02-27 14:15:00,22399.42,22399.93,22394.63,22398.15,6101
2026-02-27 14:20:00,22398.15,22398.71,22391.45,22393.57,988
2026-02-27 14:25:00,22393.57,22396.38,22378.25,22381.71,424
2026-02-27 14:30:00,22381.71,22384.48,22372.17,22372.26,1728
2026-02-27 14:35:00,22372.26,22372.55,22357.24,22360.71,1712
2026-02-27 14:40:00,22360.71,22378.56,22360.3,22377.23,8494
2026-02-27 14:45:00,22377.23,22378.83,22369.65,22373.06,537
2026-02-27 14:50:00,22373.06,22373.67,22368.35,22370.23,7910
2026-02-27 14:55:00,22370.23,22371.55,22366.6,22367.77,2070
2026-02-27 15:00:00,22367.77,22382.79,22365.08,22381.46,17368
2026-02-27 15:05:00,22381.46,22395.97,22379.88,22395.63,67184
2026-02-27 15:10:00,22395.63,22397.25,22392.57,22392.95,683
2026-02-27 15:15:00,22392.95,22398.37,22392.37,22397.16,12729
2026-02-27 15:20:00,22397.16,22402.18,22396.82,22402.15,3036
2026-02-27 15:25:00,22402.15,22402.15,22397.72,22398.7,2466
2026-02-27 15:30:00,22398.7,22403.73,22397.49,22402.06,990
2026-03-02 09:15:00,22421.74,22433.49,22419.59,22432.04,5745
2026-03-02 09:20:00,22432.04,22433.41,22425.94,22428.92,12808
2026-03-02 09:25:00,22428.92,22429.02,22416.11,22418.01,9544
2026-03-02 09:30:00,22418.01,22418.27,22415.13,22415.33,4693
2026-03-02 09:35:00,22415.33,22415.52,22414.29,22415.43,280
2026-03-02 09:40:00,22415.43,22416.87,22405.87,22406.49,1101
2026-03-02 09:45:00,22406.49,22409.93,22393.83,22395.24,11294
2026-03-02 09:50:00,22395.24,22396.04,22389.58,22390.78,7772
2026-03-02 09:55:00,22390.78,22393.25,22387.43,22387.97,46676
2026-03-02 10:00:00,22387.97,22403.26,22387.7,22402.29,4702
2026-03-02 10:05:00,22402.29,22404.9,22401.41,22404.82,4073
2026-03-02 10:10:00,22404.82,22407.21,22401.38,22402.3,9889
2026-03-02 10:15:00,22402.3,22402.9,22401.48,22402.04,608
2026-03-02 10:20:00,22402.04,22404.09,22397.96,22400.14,18186
2026-03-02 10:25:00,22400.14,22401.62,22393.54,22396.77,10122
2026-03-02 10:30:00,22396.77,22397.63,22393.33,22393.8,1054
2026-03-02 10:35:00,22393.8,22398.25,22393.65,22397.6,13794
2026-03-02 10:40:00,22397.6,22405.99,22396.63,22404.89,549
2026-03-02 10:45:00,22404.89,22408.79,22404.13,22408.49,1908
2026-03-02 10:50:00,22408.49,22426.97,22406.55,22425.17,634
2026-03-02 10:55:00,22425.17,22430.35,22425.06,22429.2,1418
2026-03-02 11:00:00,22429.2,22430.86,22425.62,22430.33,805
2026-03-02 11:05:00,22430.33,22430.9,22425.37,22425.88,2565
2026-03-02 11:10:00,22425.88,22440.09,22424.69,22434.44,218
2026-03-02 11:15:00,22434.44,22439.25,22423.68,22424.88,12423
2026-03-02 11:20:00,22424.88,22426.4,22420.7,22424.23,14149
2026-03-02 11:25:00,22424.23,22425.3,22416.66,22417.68,4791
2026-03-02 11:30:00,22417.68,22421.08,22417.48,22418.35,12592
2026-03-02 11:35:00,22418.35,22420.98,22412.35,22414.09,3010
2026-03-02 11:40:00,22414.09,22427.74,22411.98,22426.37,57640
2026-03-02 11:45:00,22426.37,22428.8,22424.83,22427.74,21097
2026-03-02 11:50:00,22427.74,22440.86,22427.68,22437.96,14139
2026-03-02 11:55:00,22437.96,22439.72,22435.32,22437.57,34572
2026-03-02 12:00:00,22437.57,22439.65,22429.32,22429.4,12508
2026-03-02 12:05:00,22429.4,22429.86,22419.15,22420.33,8529
2026-03-02 12:10:00,22420.33,22421.87,22413.63,22413.95,730
2026-03-02 12:15:00,22413.95,22418.33,22412.83,22414.46,4944
2026-03-02 12:20:00,22414.46,22419.6,22395.6,22400.28,21822
2026-03-02 12:25:00,22400.28,22401.35,22397.78,22399.67,1625
2026-03-02 12:30:00,22399.67,22401.87,22398.73,22401.82,4634
2026-03-02 12:35:00,22401.82,22408.37,22400.9,22408.0,1783
2026-03-02 12:40:00,22408.0,22408.57,22387.2,22389.62,7666
2026-03-02 12:45:00,22389.62,22389.83,22387.5,22388.9,742
2026-03-02 12:50:00,22388.9,22392.39,22388.53,22391.85,740
2026-03-02 12:55:00,22391.85,22398.02,22391.62,22396.61,598
2026-03-02 13:00:00,22396.61,22396.73,22391.02,22392.39,277
2026-03-02 13:05:00,22392.39,22393.2,22387.72,22387.88,423
2026-03-02 13:10:00,22387.88,22388.5,22384.07,22386.14,2497
2026-03-02 13:15:00,22386.14,22387.13,22380.04,22381.81,3410
2026-03-02 13:20:00,22381.81,22383.01,22374.75,22375.35,4238
2026-03-02 13:25:00,22375.35,22375.88,22369.1,22372.01,24444
2026-03-02 13:30:00,22372.01,22378.81,22368.82,22377.51,1220
2026-03-02 13:35:00,22377.51,22381.37,22373.05,22374.83,26392
2026-03-02 13:40:00,22374.83,22393.42,22374.6,22391.33,21681
2026-03-02 13:45:00,22391.33,22392.46,22385.57,22389.3,16300
2026-03-02 13:50:00,22389.3,22390.76,22388.58,22389.14,3749
2026-03-02 13:55:00,22389.14,22390.93,22385.9,22390.49,2439
2026-03-02 14:00:00,22390.49,22404.57,22389.79,22403.45,2515
2026-03-02 14:05:00,22403.45,22411.46,22401.58,22411.24,700
2026-03-02 14:10:00,22411.24,22416.43,22411.11,22414.62,14556
2026-03-02 14:15:00,22414.62,22418.49,22411.8,22417.05,6780
2026-03-02 14:20:00,22417.05,22429.73,22416.39,22425.19,10543
2026-03-02 14:25:00,22425.19,22441.72,22422.78,22438.79,35121
2026-03-02 14:30:00,22438.79,22439.75,22421.42,22422.66,1825
2026-03-02 14:35:00,22422.66,22423.99,22417.5,22418.73,2151
2026-03-02 14:40:00,22418.73,22428.74,22417.66,22425.23,3641
2026-03-02 14:45:00,22425.23,22427.26,22418.88,22421.1,2368
2026-03-02 14:50:00,22421.1,22430.97,22419.8,22430.31,5603
2026-03-02 14:55:00,22430.31,22432.72,22426.06,22429.7,1163
2026-03-02 15:00:00,22429.7,22438.8,22427.18,22437.12,662
2026-03-02 15:05:00,22437.12,22438.85,22431.25,22434.7,2207
2026-03-02 15:10:00,22434.7,22442.85,22434.18,22441.82,3166
2026-03-02 15:15:00,22441.82,22453.37,22438.37,22451.72,432
2026-03-02 15:20:00,22451.72,22460.78,22451.09,22457.97,3428
2026-03-02 15:25:00,22457.97,22458.34,22451.3,22454.08,677
2026-03-02 15:30:00,22454.08,22458.12,22452.7,22458.06,21729
2026-03-03 09:15:00,22389.0,22390.01,22384.88,22386.11,3204
2026-03-03 09:20:00,22386.11,22389.8,22383.52,22385.25,2150
2026-03-03 09:25:00,22385.25,22387.67,22383.43,22386.17,28252
2026-03-03 09:30:00,22386.17,22388.28,22369.02,22371.98,7794
2026-03-03 09:35:00,22371.98,22374.48,22368.49,22369.38,4225
2026-03-03 09:40:00,22369.38,22372.12,22368.37,22371.19,80334
2026-03-03 09:45:00,22371.19,22371.51,22367.15,22369.63,2757
2026-03-03 09:50:00,22369.63,22386.5,22368.54,22384.53,3118
2026-03-03 09:55:00,22384.53,22386.47,22373.86,22374.16,1419
2026-03-03 10:00:00,22374.16,22375.14,22365.64,22365.8,283
2026-03-03 10:05:00,22365.8,22366.94,22346.02,22349.2,180
2026-03-03 10:10:00,22349.2,22358.43,22348.67,22358.23,2247
2026-03-03 10:15:00,22358.23,22359.05,22348.87,22349.13,957
2026-03-03 10:20:00,22349.13,22351.58,22343.46,22344.27,2080
2026-03-03 10:25:00,22344.27,22344.38,22340.65,22340.81,4213
2026-03-03 10:30:00,22340.81,22349.54,22338.9,22348.35,835
2026-03-03 10:35:00,22348.35,22349.66,22342.94,22344.29,1077
2026-03-03 10:40:00,22344.29,22351.07,22343.32,22349.18,2865
2026-03-03 10:45:00,22349.18,22350.05,22333.74,22338.1,4040
2026-03-03 10:50:00,22338.1,22359.39,22336.6,22356.51,66
2026-03-03 10:55:00,22356.51,22357.77,22354.83,22356.5,898
2026-03-03 11:00:00,22356.5,22365.88,22356.18,22364.82,1556
2026-03-03 11:05:00,22364.82,22367.96,22355.63,22355.73,15229
2026-03-03 11:10:00,22355.73,22366.02,22353.29,22364.08,6343
2026-03-03 11:15:00,22364.08,22364.98,22353.71,22355.76,33179
2026-03-03 11:20:00,22355.76,22362.41,22353.23,22362.27,277
2026-03-03 11:25:00,22362.27,22362.77,22351.8,22356.27,598
2026-03-03 11:30:00,22356.27,22359.16,22340.8,22342.61,1222
2026-03-03 11:35:00,22342.61,22344.14,22341.02,22341.34,4048
2026-03-03 11:40:00,22341.34,22346.48,22341.01,22345.62,4285
2026-03-03 11:45:00,22345.62,22354.15,22339.58,22352.57,8261
2026-03-03 11:50:00,22352.57,22360.39,22352.03,22359.99,1278
2026-03-03 11:55:00,22359.99,22365.7,22359.88,22363.99,125100
2026-03-03 12:00:00,22363.99,22364.32,22349.13,22351.48,11156
2026-03-03 12:05:00,22351.48,22354.15,22337.56,22338.83,4441
2026-03-03 12:10:00,22338.83,22340.0,22333.7,22334.07,2072
2026-03-03 12:15:00,22334.07,22347.34,22333.42,22345.97,69252
2026-03-03 12:20:00,22345.97,22351.84,22345.45,22349.9,6655
2026-03-03 12:25:00,22349.9,22352.0,22344.22,22344.4,1736
2026-03-03 12:30:00,22344.4,22357.71,22343.12,22356.23,5647
2026-03-03 12:35:00,22356.23,22369.16,22354.19,22366.37,2931
2026-03-03 12:40:00,22366.37,22366.76,22365.75,22366.65,1827
2026-03-03 12:45:00,22366.65,22371.99,22365.69,22369.73,115566
2026-03-03 12:50:00,22369.73,22388.07,22368.48,22385.41,60595
2026-03-03 12:55:00,22385.41,22387.08,22382.04,22383.09,662
2026-03-03 13:00:00,22383.09,22384.67,22382.69,22384.07,2925
2026-03-03 13:05:00,22384.07,22388.6,22382.83,22385.13,11893
2026-03-03 13:10:00,22385.13,22389.89,22381.5,22386.66,67793
2026-03-03 13:15:00,22386.66,22387.89,22381.91,22382.4,6806
2026-03-03 13:20:00,22382.4,22391.37,22379.4,22387.82,883
2026-03-03 13:25:00,22387.82,22396.34,22387.54,22395.57,577
2026-03-03 13:30:00,22395.57,22395.63,22380.11,22382.02,11988
2026-03-03 13:35:00,22382.02,22382.64,22377.04,22379.77,321
2026-03-03 13:40:00,22379.77,22380.14,22373.35,22373.98,15603
2026-03-03 13:45:00,22373.98,22381.11,22373.37,22380.91,4898
2026-03-03 13:50:00,22380.91,22381.23,22368.66,22369.16,5930
2026-03-03 13:55:00,22369.16,22371.69,22361.29,22361.76,57013
2026-03-03 14:00:00,22361.76,22364.11,22352.04,22355.21,3191
2026-03-03 14:05:00,22355.21,22356.23,22349.38,22349.77,821
2026-03-03 14:10:00,22349.77,22350.68,22342.63,22344.5,1836
2026-03-03 14:15:00,22344.5,22345.84,22343.6,22343.95,1902
2026-03-03 14:20:00,22343.95,22345.49,22332.57,22337.9,2220
2026-03-03 14:25:00,22337.9,22352.19,22337.54,22348.82,5180
2026-03-03 14:30:00,22348.82,22352.87,22345.72,22349.64,3207
2026-03-03 14:35:00,22349.64,22353.43,22345.77,22346.24,55625
2026-03-03 14:40:00,22346.24,22350.07,22341.42,22342.43,6939
2026-03-03 14:45:00,22342.43,22343.59,22334.95,22338.34,2398
2026-03-03 14:50:00,22338.34,22338.83,22332.38,22335.62,10753
2026-03-03 14:55:00,22335.62,22347.83,22335.54,22347.21,5630
2026-03-03 15:00:00,22347.21,22356.26,22344.47,22355.77,5160
2026-03-03 15:05:00,22355.77,22357.53,22333.97,22336.52,10815
2026-03-03 15:10:00,22336.52,22344.39,22335.43,22343.73,15495
2026-03-03 15:15:00,22343.73,22345.32,22337.44,22339.76,41777
2026-03-03 15:20:00,22339.76,22340.58,22328.99,22330.92,661
2026-03-03 15:25:00,22330.92,22333.94,22328.63,22333.79,1773
2026-03-03 15:30:00,22333.79,22334.21,22330.99,22332.72,1007
2026-03-04 09:15:00,22505.8,22508.17,22500.2,22501.41,292
2026-03-04 09:20:00,22501.41,22506.7,22500.57,22505.66,2409
2026-03-04 09:25:00,22505.66,22508.35,22497.93,22498.14,792
2026-03-04 09:30:00,22498.14,22503.28,22496.24,22501.8,1697
2026-03-04 09:35:00,22501.8,22503.62,22494.86,22496.47,2513
2026-03-04 09:40:00,22496.47,22508.2,22493.02,22506.49,3726
2026-03-04 09:45:00,22506.49,22522.4,22500.06,22521.34,4905
2026-03-04 09:50:00,22521.34,22527.53,22520.48,22523.22,3839
2026-03-04 09:55:00,22523.22,22523.5,22519.83,22519.96,2275
2026-03-04 10:00:00,22519.96,22537.42,22519.62,22536.68,1626
2026-03-04 10:05:00,22536.68,22543.3,22536.12,22542.95,165
2026-03-04 10:10:00,22542.95,22545.51,22542.83,22544.9,505
2026-03-04 10:15:00,22544.9,22558.07,22542.03,22556.36,16655
2026-03-04 10:20:00,22556.36,22563.38,22552.67,22561.1,741
2026-03-04 10:25:00,22561.1,22562.51,22557.44,22558.95,7032
2026-03-04 10:30:00,22558.95,22560.17,22550.68,22555.75,2810
2026-03-04 10:35:00,22555.75,22557.18,22553.97,22554.46,4011
2026-03-04 10:40:00,22554.46,22555.22,22550.8,22554.33,1220
2026-03-04 10:45:00,22554.33,22555.97,22553.74,22554.67,1270
2026-03-04 10:50:00,22554.67,22557.59,22550.27,22550.47,5679
2026-03-04 10:55:00,22550.47,22566.29,22549.57,22565.35,387
2026-03-04 11:00:00,22565.35,22567.94,22551.82,22555.58,4590
2026-03-04 11:05:00,22555.58,22557.5,22549.21,22550.92,1195
2026-03-04 11:10:00,22550.92,22561.51,22548.02,22561.45,95386
2026-03-04 11:15:00,22561.45,22562.63,22549.71,22552.33,5556
2026-03-04 11:20:00,22552.33,22554.79,22546.63,22548.57,765
2026-03-04 11:25:00,22548.57,22549.01,22548.27,22548.62,2810
2026-03-04 11:30:00,22548.62,22549.21,22537.66,22540.22,2335
2026-03-04 11:35:00,22540.22,22540.38,22536.52,22538.76,778
2026-03-04 11:40:00,22538.76,22551.21,22538.7,22550.37,18395
2026-03-04 11:45:00,22550.37,22551.41,22540.05,22540.91,732
2026-03-04 11:50:00,22540.91,22545.16,22540.55,22544.59,10875
2026-03-04 11:55:00,22544.59,22545.13,22539.76,22540.02,1185
2026-03-04 12:00:00,22540.02,22544.46,22537.07,22544.04,200
2026-03-04 12:05:00,22544.04,22552.8,22543.48,22550.36,3237
2026-03-04 12:10:00,22550.36,22554.27,22547.05,22547.41,9259
2026-03-04 12:15:00,22547.41,22550.15,22547.37,22549.69,26577
2026-03-04 12:20:00,22549.69,22562.29,22549.24,22558.39,799
2026-03-04 12:25:00,22558.39,22560.77,22553.33,22554.87,1237
2026-03-04 12:30:00,22554.87,22559.79,22529.28,22530.42,1255
2026-03-04 12:35:00,22530.42,22546.21,22528.15,22543.8,1235
2026-03-04 12:40:00,22543.8,22547.21,22531.36,22533.21,11849
2026-03-04 12:45:00,22533.21,22537.35,22530.74,22536.15,3524
2026-03-04 12:50:00,22536.15,22538.93,22527.9,22528.72,16936
2026-03-04 12:55:00,22528.72,22529.14,22523.37,22525.65,3013
2026-03-04 13:00:00,22525.65,22533.31,22524.56,22531.73,1178
2026-03-04 13:05:00,22531.73,22533.32,22524.91,22526.53,2303
2026-03-04 13:10:00,22526.53,22528.86,22522.4,22523.12,9126
2026-03-04 13:15:00,22523.12,22525.22,22518.8,22522.03,3569
2026-03-04 13:20:00,22522.03,22524.81,22513.76,22516.34,1703
2026-03-04 13:25:00,22516.34,22532.91,22513.45,22531.74,2450
2026-03-04 13:30:00,22531.74,22532.69,22519.73,22522.29,825
2026-03-04 13:35:00,22522.29,22526.1,22512.18,22515.21,4090
2026-03-04 13:40:00,22515.21,22515.65,22508.05,22509.72,54
2026-03-04 13:45:00,22509.72,22533.75,22508.54,22533.37,163
2026-03-04 13:50:00,22533.37,22536.68,22518.41,22521.42,9226
2026-03-04 13:55:00,22521.42,22524.44,22511.6,22512.5,7961
2026-03-04 14:00:00,22512.5,22519.08,22510.1,22516.07,1386
2026-03-04 14:05:00,22516.07,22523.98,22515.71,22521.21,2287
2026-03-04 14:10:00,22521.21,22528.91,22519.19,22527.56,26108
2026-03-04 14:15:00,22527.56,22529.74,22517.15,22518.25,3811
2026-03-04 14:20:00,22518.25,22520.45,22516.9,22520.06,5362
2026-03-04 14:25:00,22520.06,22527.26,22517.53,22526.33,4468
2026-03-04 14:30:00,22526.33,22528.55,22521.24,22521.82,3923
2026-03-04 14:35:00,22521.82,22525.93,22519.2,22523.81,4936
2026-03-04 14:40:00,22523.81,22528.14,22522.28,22527.95,6188
2026-03-04 14:45:00,22527.95,22532.25,22526.42,22527.51,26414
2026-03-04 14:50:00,22527.51,22529.14,22513.81,22516.68,170
2026-03-04 14:55:00,22516.68,22519.22,22516.18,22517.79,5256
2026-03-04 15:00:00,22517.79,22521.07,22513.06,22518.88,1400
2026-03-04 15:05:00,22518.88,22523.65,22514.33,22522.35,744
2026-03-04 15:10:00,22522.35,22524.54,22509.56,22510.77,1378
2026-03-04 15:15:00,22510.77,22510.96,22500.83,22502.26,13207
2026-03-04 15:20:00,22502.26,22505.82,22500.56,22504.68,3016
2026-03-04 15:25:00,22504.68,22507.77,22504.53,22504.85,4828
2026-03-04 15:30:00,22504.85,22517.02,22500.29,22515.52,6872
2026-03-05 09:15:00,22374.03,22376.87,22364.78,22367.27,3062
2026-03-05 09:20:00,22367.27,22370.8,22364.62,22368.47,677
2026-03-05 09:25:00,22368.47,22377.93,22368.37,22375.23,12726
2026-03-05 09:30:00,22375.23,22390.54,22374.87,22390.01,2696
2026-03-05 09:35:00,22390.01,22391.54,22383.18,22384.06,2331
2026-03-05 09:40:00,22384.06,22389.66,22383.88,22386.68,13977
2026-03-05 09:45:00,22386.68,22386.72,22374.02,22377.73,420
2026-03-05 09:50:00,22377.73,22384.81,22374.09,22384.19,5702
2026-03-05 09:55:00,22384.19,22390.59,22383.42,22388.44,993
2026-03-05 10:00:00,22388.44,22389.77,22378.18,22379.91,5423
2026-03-05 10:05:00,22379.91,22380.58,22369.46,22373.29,21687
2026-03-05 10:10:00,22373.29,22375.53,22362.67,22362.9,4049
2026-03-05 10:15:00,22362.9,22365.12,22360.06,22362.32,237
2026-03-05 10:20:00,22362.32,22362.54,22347.93,22350.46,18656
2026-03-05 10:25:00,22350.46,22353.57,22338.96,22341.03,19007
2026-03-05 10:30:00,22341.03,22356.29,22339.0,22356.13,2554
2026-03-05 10:35:00,22356.13,22357.55,22351.29,22351.59,1867
2026-03-05 10:40:00,22351.59,22352.08,22344.48,22345.58,12514
2026-03-05 10:45:00,22345.58,22346.18,22332.47,22332.75,505
2026-03-05 10:50:00,22332.75,22333.05,22330.76,22331.8,3346
2026-03-05 10:55:00,22331.8,22335.82,22323.09,22324.75,6829
2026-03-05 11:00:00,22324.75,22333.28,22322.17,22332.79,3246
2026-03-05 11:05:00,22332.79,22334.07,22329.63,22332.8,28798
2026-03-05 11:10:00,22332.8,22338.58,22331.41,22337.54,13074
2026-03-05 11:15:00,22337.54,22348.41,22334.91,22347.93,4986
2026-03-05 11:20:00,22347.93,22355.9,22346.44,22353.14,11778
2026-03-05 11:25:00,22353.14,22356.14,22348.63,22350.02,3601
2026-03-05 11:30:00,22350.02,22364.01,22347.69,22358.83,892
2026-03-05 11:35:00,22358.83,22381.17,22358.45,22380.32,2507
2026-03-05 11:40:00,22380.32,22395.21,22378.99,22389.98,2577
2026-03-05 11:45:00,22389.98,22391.45,22384.73,22387.18,33907
2026-03-05 11:50:00,22387.18,22398.35,22386.03,22393.31,852
2026-03-05 11:55:00,22393.31,22405.31,22390.56,22405.07,1855
2026-03-05 12:00:00,22405.07,22408.4,22403.04,22407.11,2183
2026-03-05 12:05:00,22407.11,22408.38,22394.71,22398.6,3413
2026-03-05 12:10:00,22398.6,22402.93,22396.41,22402.75,381
2026-03-05 12:15:00,22402.75,22403.41,22395.72,22397.14,4137
2026-03-05 12:20:00,22397.14,22415.9,22394.35,22414.29,43635
2026-03-05 12:25:00,22414.29,22415.66,22400.89,22402.84,133
2026-03-05 12:30:00,22402.84,22404.64,22397.4,22399.84,7073
2026-03-05 12:35:00,22399.84,22408.49,22399.39,22405.95,31748
2026-03-05 12:40:00,22405.95,22411.67,22405.12,22411.15,1066
2026-03-05 12:45:00,22411.15,22422.29,22410.91,22420.06,4213
2026-03-05 12:50:00,22420.06,22422.77,22411.32,22412.07,2614
2026-03-05 12:55:00,22412.07,22422.42,22411.7,22420.57,17779
2026-03-05 13:00:00,22420.57,22422.73,22411.44,22413.02,19140
2026-03-05 13:05:00,22413.02,22417.02,22411.46,22412.92,10039
2026-03-05 13:10:00,22412.92,22413.66,22408.95,22409.26,166
2026-03-05 13:15:00,22409.26,22411.87,22388.7,22390.35,48189
2026-03-05 13:20:00,22390.35,22404.44,22389.05,22401.31,267
2026-03-05 13:25:00,22401.31,22402.2,22387.87,22392.62,1460
2026-03-05 13:30:00,22392.62,22395.2,22388.92,22391.0,2141
2026-03-05 13:35:00,22391.0,22395.63,22390.42,22393.85,3660
2026-03-05 13:40:00,22393.85,22395.53,22391.19,22394.23,37974
2026-03-05 13:45:00,22394.23,22401.28,22394.06,22399.27,2330
2026-03-05 13:50:00,22399.27,22406.86,22397.04,22403.19,900
2026-03-05 13:55:00,22403.19,22404.95,22398.89,22399.56,3368
2026-03-05 14:00:00,22399.56,22415.65,22397.03,22410.7,3718
2026-03-05 14:05:00,22410.7,22411.89,22408.53,22411.87,753
2026-03-05 14:10:00,22411.87,22415.68,22411.55,22413.79,2061
2026-03-05 14:15:00,22413.79,22416.83,22413.47,22414.92,795
2026-03-05 14:20:00,22414.92,22418.89,22414.4,22416.21,4830
2026-03-05 14:25:00,22416.21,22425.55,22412.77,22422.75,611
2026-03-05 14:30:00,22422.75,22431.28,22420.94,22429.78,13538
2026-03-05 14:35:00,22429.78,22437.54,22429.4,22433.77,2533
2026-03-05 14:40:00,22433.77,22437.25,22429.01,22429.65,1970
2026-03-05 14:45:00,22429.65,22434.59,22429.17,22431.74,7075
2026-03-05 14:50:00,22431.74,22440.87,22430.33,22437.15,2059
2026-03-05 14:55:00,22437.15,22441.88,22432.68,22435.67,3886
2026-03-05 15:00:00,22435.67,22436.42,22422.73,22423.42,18654
2026-03-05 15:05:00,22423.42,22423.44,22419.65,22420.94,7309
2026-03-05 15:10:00,22420.94,22422.72,22414.53,22414.67,473
2026-03-05 15:15:00,22414.67,22431.34,22413.76,22427.49,372
2026-03-05 15:20:00,22427.49,22431.14,22425.14,22430.18,915
2026-03-05 15:25:00,22430.18,22434.76,22428.83,22434.54,4273
2026-03-05 15:30:00,22434.54,22441.74,22434.34,22441.56,804
2026-03-06 09:15:00,22507.21,22516.39,22506.96,22515.57,24867
2026-03-06 09:20:00,22515.57,22516.78,22505.38,22506.5,42921
2026-03-06 09:25:00,22506.5,22509.53,22504.98,22507.01,458
2026-03-06 09:30:00,22507.01,22507.53,22504.11,22505.13,9297
2026-03-06 09:35:00,22505.13,22509.29,22502.35,22503.45,793
2026-03-06 09:40:00,22503.45,22506.56,22497.01,22500.56,1257
2026-03-06 09:45:00,22500.56,22506.29,22499.99,22505.18,1201
2026-03-06 09:50:00,22505.18,22505.37,22490.81,22491.39,1089
2026-03-06 09:55:00,22491.39,22500.96,22490.11,22500.09,6566
2026-03-06 10:00:00,22500.09,22501.9,22486.94,22487.75,13146
2026-03-06 10:05:00,22487.75,22499.33,22486.12,22498.05,456
2026-03-06 10:10:00,22498.05,22500.26,22486.31,22486.58,1213
2026-03-06 10:15:00,22486.58,22488.74,22483.97,22485.52,5754
2026-03-06 10:20:00,22485.52,22490.99,22484.92,22490.63,4152
2026-03-06 10:25:00,22490.63,22492.13,22489.9,22490.63,795
2026-03-06 10:30:00,22490.63,22495.35,22489.4,22494.86,2549
2026-03-06 10:35:00,22494.86,22501.47,22493.41,22501.35,1503
2026-03-06 10:40:00,22501.35,22502.55,22497.59,22498.25,81525
2026-03-06 10:45:00,22498.25,22502.83,22496.61,22502.78,1449
2026-03-06 10:50:00,22502.78,22511.96,22500.28,22510.17,1538
2026-03-06 10:55:00,22510.17,22511.39,22499.82,22500.39,36345
2026-03-06 11:00:00,22500.39,22518.64,22500.37,22517.95,1763
2026-03-06 11:05:00,22517.95,22528.92,22514.38,22524.54,16431
2026-03-06 11:10:00,22524.54,22535.2,22524.45,22533.53,987
2026-03-06 11:15:00,22533.53,22534.38,22530.46,22533.36,2369
2026-03-06 11:20:00,22533.36,22535.39,22525.66,22526.76,4877
2026-03-06 11:25:00,22526.76,22529.95,22517.76,22521.16,6086
2026-03-06 11:30:00,22521.16,22522.18,22510.53,22510.94,4372
2026-03-06 11:35:00,22510.94,22513.08,22509.65,22512.77,2330
2026-03-06 11:40:00,22512.77,22513.42,22512.64,22513.03,8905
2026-03-06 11:45:00,22513.03,22514.18,22512.26,22513.77,614
2026-03-06 11:50:00,22513.77,22517.42,22512.89,22515.01,874
2026-03-06 11:55:00,22515.01,22522.19,22513.58,22521.52,1714
2026-03-06 12:00:00,22521.52,22525.39,22520.54,22524.35,284
2026-03-06 12:05:00,22524.35,22529.19,22523.5,22528.45,4505
2026-03-06 12:10:00,22528.45,22530.38,22520.36,22522.35,913
2026-03-06 12:15:00,22522.35,22528.35,22521.41,22526.6,1912
2026-03-06 12:20:00,22526.6,22533.9,22524.43,22530.88,675
2026-03-06 12:25:00,22530.88,22533.05,22512.53,22516.51,4987
2026-03-06 12:30:00,22516.51,22523.59,22515.17,22523.0,4227
2026-03-06 12:35:00,22523.0,22525.02,22517.74,22523.02,751
2026-03-06 12:40:00,22523.02,22527.61,22521.51,22527.51,4416
2026-03-06 12:45:00,22527.51,22528.11,22521.78,22526.43,29804
2026-03-06 12:50:00,22526.43,22530.55,22525.35,22530.39,10303
2026-03-06 12:55:00,22530.39,22535.25,22526.83,22533.74,4312
2026-03-06 13:00:00,22533.74,22550.23,22533.25,22549.86,23770
2026-03-06 13:05:00,22549.86,22552.53,22547.46,22552.27,8025
2026-03-06 13:10:00,22552.27,22553.16,22547.34,22548.32,5759
2026-03-06 13:15:00,22548.32,22548.74,22534.08,22536.04,460
2026-03-06 13:20:00,22536.04,22538.68,22535.23,22537.42,35693
2026-03-06 13:25:00,22537.42,22538.95,22523.26,22524.22,1350
2026-03-06 13:30:00,22524.22,22525.72,22514.94,22515.32,1851
2026-03-06 13:35:00,22515.32,22516.54,22511.32,22516.2,1427
2026-03-06 13:40:00,22516.2,22526.38,22514.02,22523.37,1571
2026-03-06 13:45:00,22523.37,22523.42,22515.37,22517.56,1666
2026-03-06 13:50:00,22517.56,22518.86,22514.69,22517.18,2013
2026-03-06 13:55:00,22517.18,22532.65,22515.52,22532.28,54028
2026-03-06 14:00:00,22532.28,22536.14,22532.1,22533.4,1190
2026-03-06 14:05:00,22533.4,22537.37,22528.75,22531.2,4678
2026-03-06 14:10:00,22531.2,22531.82,22522.69,22524.18,4804
2026-03-06 14:15:00,22524.18,22525.48,22521.75,22522.38,38620
2026-03-06 14:20:00,22522.38,22526.2,22512.77,22515.17,23249
2026-03-06 14:25:00,22515.17,22519.98,22513.15,22517.63,1094
2026-03-06 14:30:00,22517.63,22524.35,22517.34,22523.76,69
2026-03-06 14:35:00,22523.76,22526.11,22519.29,22520.28,2237
2026-03-06 14:40:00,22520.28,22525.56,22513.17,22515.25,14527
2026-03-06 14:45:00,22515.25,22534.47,22513.71,22532.87,786
2026-03-06 14:50:00,22532.87,22544.71,22532.71,22540.59,114
2026-03-06 14:55:00,22540.59,22543.09,22540.03,22541.38,12175
2026-03-06 15:00:00,22541.38,22557.38,22535.76,22557.1,4101
2026-03-06 15:05:00,22557.1,22565.91,22553.86,22564.69,14222
2026-03-06 15:10:00,22564.69,22576.57,22562.18,22576.46,5946
2026-03-06 15:15:00,22576.46,22577.13,22562.5,22562.89,105433
2026-03-06 15:20:00,22562.89,22565.71,22562.76,22565.43,398
2026-03-06 15:25:00,22565.43,22566.33,22563.5,22566.12,502
2026-03-06 15:30:00,22566.12,22566.25,22561.35,22562.27,616
2026-03-09 09:15:00,22464.46,22469.02,22463.34,22468.77,7275
2026-03-09 09:20:00,22468.77,22471.15,22465.18,22467.25,5065
2026-03-09 09:25:00,22467.25,22470.39,22464.81,22466.3,61564
2026-03-09 09:30:00,22466.3,22466.8,22454.2,22454.23,4820
2026-03-09 09:35:00,22454.23,22454.58,22438.88,22442.25,3450
2026-03-09 09:40:00,22442.25,22443.98,22435.36,22437.03,2093
2026-03-09 09:45:00,22437.03,22441.84,22434.49,22440.82,486
2026-03-09 09:50:00,22440.82,22448.21,22440.07,22448.17,531
2026-03-09 09:55:00,22448.17,22454.87,22447.14,22453.03,53731
2026-03-09 10:00:00,22453.03,22463.65,22451.59,22460.87,9359
2026-03-09 10:05:00,22460.87,22461.33,22448.23,22451.71,1197
2026-03-09 10:10:00,22451.71,22462.64,22449.56,22460.6,445
2026-03-09 10:15:00,22460.6,22465.12,22458.43,22464.81,249
2026-03-09 10:20:00,22464.81,22468.2,22460.83,22467.75,789
2026-03-09 10:25:00,22467.75,22469.2,22452.01,22453.11,3995
2026-03-09 10:30:00,22453.11,22456.54,22450.87,22454.46,2897
2026-03-09 10:35:00,22454.46,22456.61,22452.48,22454.73,4199
2026-03-09 10:40:00,22454.73,22459.21,22453.43,22458.12,6097
2026-03-09 10:45:00,22458.12,22458.38,22456.26,22457.31,9727
2026-03-09 10:50:00,22457.31,22460.05,22455.99,22457.81,203
2026-03-09 10:55:00,22457.81,22460.18,22446.08,22446.57,3813
2026-03-09 11:00:00,22446.57,22455.7,22446.5,22455.69,809
2026-03-09 11:05:00,22455.69,22459.82,22454.53,22458.65,747
2026-03-09 11:10:00,22458.65,22479.84,22457.28,22479.66,8603
2026-03-09 11:15:00,22479.66,22481.83,22478.29,22479.25,829
2026-03-09 11:20:00,22479.25,22492.85,22478.7,22491.86,3512
2026-03-09 11:25:00,22491.86,22499.46,22487.62,22499.09,16379
2026-03-09 11:30:00,22499.09,22504.87,22498.8,22502.99,6113
2026-03-09 11:35:00,22502.99,22505.58,22494.46,22496.41,1146
2026-03-09 11:40:00,22496.41,22497.9,22490.3,22491.91,200
2026-03-09 11:45:00,22491.91,22501.5,22489.77,22500.61,960
2026-03-09 11:50:00,22500.61,22515.66,22500.37,22514.35,1524
2026-03-09 11:55:00,22514.35,22515.83,22501.88,22504.49,12504
2026-03-09 12:00:00,22504.49,22510.26,22503.07,22505.29,821
2026-03-09 12:05:00,22505.29,22519.68,22504.52,22517.56,560
2026-03-09 12:10:00,22517.56,22531.67,22516.7,22531.52,16554
2026-03-09 12:15:00,22531.52,22533.86,22531.26,22531.35,923
2026-03-09 12:20:00,22531.35,22533.11,22506.22,22507.27,526
2026-03-09 12:25:00,22507.27,22513.43,22506.31,22511.87,468
2026-03-09 12:30:00,22511.87,22521.7,22507.19,22519.15,19070
2026-03-09 12:35:00,22519.15,22522.66,22511.17,22512.3,9753
2026-03-09 12:40:00,22512.3,22520.89,22512.05,22520.66,20373
2026-03-09 12:45:00,22520.66,22523.01,22519.49,22521.55,125
2026-03-09 12:50:00,22521.55,22534.79,22519.16,22532.11,16977
2026-03-09 12:55:00,22532.11,22532.32,22528.98,22531.44,41030
2026-03-09 13:00:00,22531.44,22532.12,22527.05,22527.56,399
2026-03-09 13:05:00,22527.56,22527.57,22512.69,22513.6,2606
2026-03-09 13:10:00,22513.6,22522.57,22512.08,22522.12,5813
2026-03-09 13:15:00,22522.12,22524.13,22519.06,22519.59,3380
2026-03-09 13:20:00,22519.59,22527.22,22519.0,22526.91,2112
2026-03-09 13:25:00,22526.91,22529.81,22517.28,22519.56,483
2026-03-09 13:30:00,22519.56,22529.69,22517.59,22526.0,1048
2026-03-09 13:35:00,22526.0,22532.73,22523.6,22528.87,6021
2026-03-09 13:40:00,22528.87,22530.55,22520.48,22523.27,82161
2026-03-09 13:45:00,22523.27,22532.95,22519.74,22530.76,286
2026-03-09 13:50:00,22530.76,22530.87,22524.48,22528.33,11719
2026-03-09 13:55:00,22528.33,22530.22,22522.61,22524.62,1339
2026-03-09 14:00:00,22524.62,22529.09,22523.48,22526.35,6204
2026-03-09 14:05:00,22526.35,22528.41,22515.31,22516.42,9045
2026-03-09 14:10:00,22516.42,22516.78,22513.26,22513.39,2386
2026-03-09 14:15:00,22513.39,22517.27,22511.24,22514.75,506
2026-03-09 14:20:00,22514.75,22525.02,22514.45,22522.64,6391
2026-03-09 14:25:00,22522.64,22528.29,22521.87,22526.59,9193
2026-03-09 14:30:00,22526.59,22528.54,22520.01,22522.62,16572
2026-03-09 14:35:00,22522.62,22538.64,22522.27,22538.46,4822
2026-03-09 14:40:00,22538.46,22539.54,22534.55,22537.98,4053
2026-03-09 14:45:00,22537.98,22539.9,22525.49,22526.96,2211
2026-03-09 14:50:00,22526.96,22532.98,22524.74,22532.54,2082
2026-03-09 14:55:00,22532.54,22532.99,22512.56,22516.9,337
2026-03-09 15:00:00,22516.9,22518.91,22508.75,22509.84,624
2026-03-09 15:05:00,22509.84,22512.92,22497.23,22498.59,104
2026-03-09 15:10:00,22498.59,22500.84,22493.93,22495.7,8651
2026-03-09 15:15:00,22495.7,22498.01,22491.22,22492.12,16729
2026-03-09 15:20:00,22492.12,22501.32,22489.89,22496.41,3200
2026-03-09 15:25:00,22496.41,22497.06,22492.49,22494.46,361
2026-03-09 15:30:00,22494.46,22510.57,22493.17,22510.52,3009
2026-03-10 09:15:00,22452.32,22454.56,22448.79,22451.82,5320
2026-03-10 09:20:00,22451.82,22455.2,22450.35,22453.32,886
2026-03-10 09:25:00,22453.32,22463.91,22451.94,22462.38,87028
2026-03-10 09:30:00,22462.38,22480.12,22461.25,22478.74,15100
2026-03-10 09:35:00,22478.74,22479.88,22472.72,22474.06,824
2026-03-10 09:40:00,22474.06,22479.12,22472.35,22478.81,3098
2026-03-10 09:45:00,22478.81,22489.41,22478.63,22489.25,4882
2026-03-10 09:50:00,22489.25,22493.58,22488.55,22492.92,617
2026-03-10 09:55:00,22492.92,22494.26,22485.59,22486.53,3790
2026-03-10 10:00:00,22486.53,22487.91,22484.7,22485.45,1929
2026-03-10 10:05:00,22485.45,22487.09,22474.24,22477.17,3680
2026-03-10 10:10:00,22477.17,22478.16,22470.02,22470.27,14271
2026-03-10 10:15:00,22470.27,22477.81,22467.74,22477.7,145
2026-03-10 10:20:00,22477.7,22494.11,22477.5,22492.72,782
2026-03-10 10:25:00,22492.72,22493.94,22487.95,22489.22,8124
2026-03-10 10:30:00,22489.22,22491.08,22483.0,22483.39,9459
2026-03-10 10:35:00,22483.39,22486.38,22483.32,22483.42,2977
2026-03-10 10:40:00,22483.42,22491.22,22480.72,22488.78,557
2026-03-10 10:45:00,22488.78,22495.1,22485.75,22486.27,2483
2026-03-10 10:50:00,22486.27,22493.17,22485.93,22491.22,17094
2026-03-10 10:55:00,22491.22,22492.75,22479.34,22481.67,3030
2026-03-10 11:00:00,22481.67,22484.31,22469.95,22471.57,2990
2026-03-10 11:05:00,22471.57,22475.97,22470.8,22475.31,1547
2026-03-10 11:10:00,22475.31,22490.2,22474.52,22485.1,6123
2026-03-10 11:15:00,22485.1,22488.56,22483.79,22488.29,6113
2026-03-10 11:20:00,22488.29,22490.92,22484.11,22484.52,1673
2026-03-10 11:25:00,22484.52,22504.3,22484.01,22504.06,3878
2026-03-10 11:30:00,22504.06,22504.96,22501.33,22503.02,7294
2026-03-10 11:35:00,22503.02,22505.62,22485.31,22488.96,452
2026-03-10 11:40:00,22488.96,22491.42,22469.8,22473.28,202
2026-03-10 11:45:00,22473.28,22476.19,22465.08,22465.63,1549
2026-03-10 11:50:00,22465.63,22469.34,22459.39,22461.79,2557
2026-03-10 11:55:00,22461.79,22466.45,22460.81,22464.49,1636
2026-03-10 12:00:00,22464.49,22467.7,22460.39,22467.49,21144
2026-03-10 12:05:00,22467.49,22484.41,22465.69,22484.05,28538
2026-03-10 12:10:00,22484.05,22499.51,22483.62,22499.18,2644
2026-03-10 12:15:00,22499.18,22499.76,22482.35,22485.78,2314
2026-03-10 12:20:00,22485.78,22486.77,22476.12,22477.46,2698
2026-03-10 12:25:00,22477.46,22479.53,22465.83,22467.31,3546
2026-03-10 12:30:00,22467.31,22467.55,22459.89,22461.1,919
2026-03-10 12:35:00,22461.1,22471.98,22461.06,22470.41,3701
2026-03-10 12:40:00,22470.41,22471.39,22468.75,22470.34,10869
2026-03-10 12:45:00,22470.34,22473.7,22469.37,22473.17,10526
2026-03-10 12:50:00,22473.17,22474.57,22471.2,22471.97,9450
2026-03-10 12:55:00,22471.97,22472.68,22456.94,22459.08,2316
2026-03-10 13:00:00,22459.08,22463.44,22457.3,22461.27,1540
2026-03-10 13:05:00,22461.27,22463.08,22458.35,22460.22,2612
2026-03-10 13:10:00,22460.22,22460.76,22457.06,22459.8,14784
2026-03-10 13:15:00,22459.8,22467.5,22459.25,22465.34,2135
2026-03-10 13:20:00,22465.34,22477.17,22462.84,22476.69,1266
2026-03-10 13:25:00,22476.69,22477.65,22469.63,22472.76,2169
2026-03-10 13:30:00,22472.76,22475.89,22451.67,22452.26,326
2026-03-10 13:35:00,22452.26,22452.29,22440.44,22445.34,1686
2026-03-10 13:40:00,22445.34,22448.34,22434.41,22436.02,599
2026-03-10 13:45:00,22436.02,22442.17,22435.29,22439.77,1219
2026-03-10 13:50:00,22439.77,22441.99,22433.88,22436.46,252
2026-03-10 13:55:00,22436.46,22439.72,22424.44,22425.82,36
2026-03-10 14:00:00,22425.82,22429.01,22421.01,22421.13,2772
2026-03-10 14:05:00,22421.13,22421.66,22420.38,22421.58,335
2026-03-10 14:10:00,22421.58,22423.61,22417.35,22420.98,2086
2026-03-10 14:15:00,22420.98,22421.98,22416.95,22419.94,1437
2026-03-10 14:20:00,22419.94,22427.13,22419.28,22425.48,12783
2026-03-10 14:25:00,22425.48,22426.53,22413.25,22415.16,7511
2026-03-10 14:30:00,22415.16,22425.14,22414.47,22423.44,80723
2026-03-10 14:35:00,22423.44,22430.65,22422.88,22424.54,1474
2026-03-10 14:40:00,22424.54,22431.8,22422.34,22430.9,6885
2026-03-10 14:45:00,22430.9,22431.18,22421.35,22422.9,3932
2026-03-10 14:50:00,22422.9,22423.05,22416.1,22416.65,2372
2026-03-10 14:55:00,22416.65,22433.78,22412.78,22433.06,13680
2026-03-10 15:00:00,22433.06,22445.08,22431.65,22441.12,5731
2026-03-10 15:05:00,22441.12,22445.32,22441.08,22445.31,729
2026-03-10 15:10:00,22445.31,22449.41,22424.18,22426.11,3884
2026-03-10 15:15:00,22426.11,22427.91,22424.61,22424.84,3752
2026-03-10 15:20:00,22424.84,22426.51,22402.28,22403.77,7958
2026-03-10 15:25:00,22403.77,22406.92,22395.9,22396.16,38
2026-03-10 15:30:00,22396.16,22399.68,22384.08,22386.97,6191
2026-03-11 09:15:00,22465.37,22466.85,22449.18,22449.77,1013
2026-03-11 09:20:00,22449.77,22452.36,22445.88,22446.96,1787
2026-03-11 09:25:00,22446.96,22455.72,22445.28,22452.88,985
2026-03-11 09:30:00,22452.88,22454.01,22452.25,22453.32,1099
2026-03-11 09:35:00,22453.32,22454.54,22444.08,22444.76,7544
2026-03-11 09:40:00,22444.76,22446.09,22435.42,22435.86,2460
2026-03-11 09:45:00,22435.86,22442.76,22434.37,22441.9,5231
2026-03-11 09:50:00,22441.9,22443.8,22439.53,22441.04,742
2026-03-11 09:55:00,22441.04,22441.15,22440.46,22440.87,1662
2026-03-11 10:00:00,22440.87,22444.11,22431.49,22434.3,1425
2026-03-11 10:05:00,22434.3,22434.57,22431.08,22433.27,54165
2026-03-11 10:10:00,22433.27,22434.87,22431.03,22434.55,341
2026-03-11 10:15:00,22434.55,22436.14,22416.18,22420.36,15036
2026-03-11 10:20:00,22420.36,22424.25,22418.14,22423.74,597
2026-03-11 10:25:00,22423.74,22427.61,22415.64,22417.19,884
2026-03-11 10:30:00,22417.19,22419.32,22414.44,22417.31,2853
2026-03-11 10:35:00,22417.31,22422.19,22413.94,22420.38,2323
2026-03-11 10:40:00,22420.38,22421.84,22417.99,22421.03,4021
2026-03-11 10:45:00,22421.03,22427.82,22420.59,22427.11,12018
2026-03-11 10:50:00,22427.11,22431.8,22425.14,22429.88,3726
2026-03-11 10:55:00,22429.88,22440.42,22426.32,22437.14,3097
2026-03-11 11:00:00,22437.14,22441.65,22435.12,22441.05,7968
2026-03-11 11:05:00,22441.05,22443.08,22432.54,22433.17,13170
2026-03-11 11:10:00,22433.17,22437.47,22431.08,22434.32,8410
2026-03-11 11:15:00,22434.32,22434.55,22429.4,22431.53,491
2026-03-11 11:20:00,22431.53,22432.57,22427.5,22428.21,9502
2026-03-11 11:25:00,22428.21,22428.23,22414.63,22416.37,184
2026-03-11 11:30:00,22416.37,22418.8,22414.57,22415.86,69
2026-03-11 11:35:00,22415.86,22427.71,22414.24,22427.0,4877
2026-03-11 11:40:00,22427.0,22429.27,22415.64,22418.66,44936
2026-03-11 11:45:00,22418.66,22420.79,22413.21,22413.92,357
2026-03-11 11:50:00,22413.92,22417.03,22403.64,22406.5,91262
2026-03-11 11:55:00,22406.5,22409.66,22401.32,22401.93,9895
2026-03-11 12:00:00,22401.93,22415.87,22400.76,22413.09,823
2026-03-11 12:05:00,22413.09,22415.69,22411.96,22412.44,870
2026-03-11 12:10:00,22412.44,22422.24,22408.95,22421.1,24376
2026-03-11 12:15:00,22421.1,22422.63,22418.91,22422.57,11018
2026-03-11 12:20:00,22422.57,22423.47,22414.25,22416.47,331
2026-03-11 12:25:00,22416.47,22421.89,22414.95,22421.1,20382
2026-03-11 12:30:00,22421.1,22429.02,22416.94,22427.3,1880
2026-03-11 12:35:00,22427.3,22437.35,22427.11,22435.01,6497
2026-03-11 12:40:00,22435.01,22439.29,22433.82,22438.56,3909
2026-03-11 12:45:00,22438.56,22439.57,22426.28,22426.85,338
2026-03-11 12:50:00,22426.85,22438.96,22424.09,22437.89,874
2026-03-11 12:55:00,22437.89,22439.02,22432.79,22433.38,689
2026-03-11 13:00:00,22433.38,22444.49,22432.14,22442.4,3185
2026-03-11 13:05:00,22442.4,22450.45,22440.95,22449.9,17768
2026-03-11 13:10:00,22449.9,22453.81,22449.07,22452.44,987
2026-03-11 13:15:00,22452.44,22468.63,22452.13,22468.62,8794
2026-03-11 13:20:00,22468.62,22470.81,22457.68,22458.9,46398
2026-03-11 13:25:00,22458.9,22460.97,22451.4,22456.4,511
2026-03-11 13:30:00,22456.4,22460.46,22452.85,22454.05,4766
2026-03-11 13:35:00,22454.05,22454.08,22444.51,22446.12,127
2026-03-11 13:40:00,22446.12,22446.79,22435.89,22435.93,2730
2026-03-11 13:45:00,22435.93,22444.0,22434.54,22443.05,370
2026-03-11 13:50:00,22443.05,22444.82,22440.12,22444.21,3872
2026-03-11 13:55:00,22444.21,22445.91,22437.73,22438.85,869
2026-03-11 14:00:00,22438.85,22439.52,22433.61,22436.07,4043
2026-03-11 14:05:00,22436.07,22442.87,22435.4,22441.88,21058
2026-03-11 14:10:00,22441.88,22442.11,22436.26,22438.99,945
2026-03-11 14:15:00,22438.99,22441.11,22433.67,22436.32,848
2026-03-11 14:20:00,22436.32,22442.98,22436.25,22442.61,27701
2026-03-11 14:25:00,22442.61,22443.0,22422.36,22424.53,157
2026-03-11 14:30:00,22424.53,22424.56,22413.52,22414.97,11440
2026-03-11 14:35:00,22414.97,22415.62,22412.62,22413.26,2571
2026-03-11 14:40:00,22413.26,22414.96,22407.93,22409.91,1168
2026-03-11 14:45:00,22409.91,22410.77,22406.2,22406.84,780
2026-03-11 14:50:00,22406.84,22413.96,22406.48,22412.88,1560
2026-03-11 14:55:00,22412.88,22413.28,22407.16,22409.63,2810
2026-03-11 15:00:00,22409.63,22418.52,22408.86,22416.76,14707
2026-03-11 15:05:00,22416.76,22432.64,22415.38,22432.01,100
2026-03-11 15:10:00,22432.01,22432.19,22419.93,22421.95,63500
2026-03-11 15:15:00,22421.95,22428.66,22421.89,22426.73,661
2026-03-11 15:20:00,22426.73,22427.24,22421.3,22422.58,8158
2026-03-11 15:25:00,22422.58,22428.28,22418.93,22428.27,39033
2026-03-11 15:30:00,22428.27,22433.69,22425.26,22426.57,2175
